# This file contains the mean and standard deviation of the squared overlap <ψ_alpha=2|φ_alpha>²> of the ground state wavefunction of the generalized Haldane-Shastry model with arbitrary interaction range α with the the ground state of alpha=2 Haldane-Shastry model.
# Here N is the system size, δ is the position disorder strength and α is the interaction range parameter.
# Columns: N, α, δ, mean of squared overlap <ψ_alpha=2|φ_alpha>²>, standard deviation of squared overlap
 
N, α, δ, mean, std_deviation
 
22 0.0 0.0 0.00020049726443816538 0.0
22 0.0001 0.0 0.8636350872938112 0.0
22 0.001 0.0 0.8638793320433581 0.0
22 0.01 0.0 0.8663045301822533 0.0
22 0.1 0.0 0.8888088246732313 0.0
22 0.2 0.0 0.9102188597358845 0.0
22 0.3 0.0 0.9281410538332181 0.0
22 0.4 0.0 0.9429595597191847 0.0
22 0.5 0.0 0.9550874384457759 0.0
22 0.6 0.0 0.964929367684741 0.0
22 0.7 0.0 0.9728587112217008 0.0
22 0.8 0.0 0.9792060519285177 0.0
22 0.9 0.0 0.9842557207460232 0.0
22 1.0 0.0 0.9882472656384305 0.0
22 1.1 0.0 0.9913795654594295 0.0
22 1.2 0.0 0.9938160483692415 0.0
22 1.3 0.0 0.9956900777378351 0.0
22 1.4 0.0 0.9971099947665558 0.0
22 1.5 0.0 0.9981635825338532 0.0
22 1.6 0.0 0.9989218806415855 0.0
22 1.7 0.0 0.9994423695901506 0.0
22 1.8 0.0 0.9997715873141851 0.0
22 1.9 0.0 0.999947256219547 0.0
22 2.0 0.0 1.0 0.0
22 2.1 0.0 0.9999547230650199 0.0
22 2.2 0.0 0.9998317159768363 0.0
22 2.3 0.0 0.9996475402755628 0.0
22 2.4 0.0 0.9994157366687966 0.0
22 2.5 0.0 0.9991473922908984 0.0
22 2.6 0.0 0.9988515957370432 0.0
22 2.7 0.0 0.9985358027976505 0.0
22 2.8 0.0 0.9982061311248052 0.0
22 2.9 0.0 0.9978675982922619 0.0
22 3.0 0.0 0.9975243147050649 0.0
22 Inf 0.0 0.9890952591114888 0.0
20 0.0 0.0 0.000897347426205913 0.0
20 0.0001 0.0 0.8944095242239705 0.0
20 0.001 0.0 0.8945998370945238 0.0
20 0.01 0.0 0.8964880788194768 0.0
20 0.1 0.0 0.9139203529231724 0.0
20 0.2 0.0 0.9303844457576517 0.0
20 0.3 0.0 0.9441122711080925 0.0
20 0.4 0.0 0.9554549085090508 0.0
20 0.5 0.0 0.9647554428821437 0.0
20 0.6 0.0 0.9723317639244948 0.0
20 0.7 0.0 0.9784676186740776 0.0
20 0.8 0.0 0.9834095590773888 0.0
20 0.9 0.0 0.9873676678865303 0.0
20 1.0 0.0 0.9905184251254205 0.0
20 1.1 0.0 0.9930085729073849 0.0
20 1.2 0.0 0.9949592493870051 0.0
20 1.3 0.0 0.9964699675903145 0.0
20 1.4 0.0 0.997622221664509 0.0
20 1.5 0.0 0.9984826336207212 0.0
20 1.6 0.0 0.9991056302396734 0.0
20 1.7 0.0 0.999535680768842 0.0
20 1.8 0.0 0.9998091447747712 0.0
20 1.9 0.0 0.9999557851771459 0.0
20 2.0 0.0 1.0 0.0
20 2.1 0.0 0.9999618213821652 0.0
20 2.2 0.0 0.9998577240426674 0.0
20 2.3 0.0 0.9997012788911159 0.0
20 2.4 0.0 0.9995036814168392 0.0
20 2.5 0.0 0.9992741791482601 0.0
20 2.6 0.0 0.9990204179170132 0.0
20 2.7 0.0 0.9987487228596335 0.0
20 2.8 0.0 0.9984643269658361 0.0
20 2.9 0.0 0.9981715574430563 0.0
20 3.0 0.0 0.9978739881175844 0.0
20 Inf 0.0 0.9904101902970414 0.0
18 0.0 0.0 0.0014313778478424464 0.0
18 0.0001 0.0 0.9217086916975444 0.0
18 0.001 0.0 0.921849075359982 0.0
18 0.01 0.0 0.9232413970378748 0.0
18 0.1 0.0 0.9360555386141926 0.0
18 0.2 0.0 0.9481129347398565 0.0
18 0.3 0.0 0.9581586784358536 0.0
18 0.4 0.0 0.9664745692650059 0.0
18 0.5 0.0 0.9733200751238011 0.0
18 0.6 0.0 0.9789269102882632 0.0
18 0.7 0.0 0.9834973849470956 0.0
18 0.8 0.0 0.9872051931262479 0.0
18 0.9 0.0 0.9901976080693746 0.0
18 1.0 0.0 0.9925983554426825 0.0
18 1.1 0.0 0.9945106864606363 0.0
18 1.2 0.0 0.9960203624355578 0.0
18 1.3 0.0 0.9971983944322051 0.0
18 1.4 0.0 0.9981034682861576 0.0
18 1.5 0.0 0.9987840384951678 0.0
18 1.6 0.0 0.9992801048570417 0.0
18 1.7 0.0 0.9996247011687043 0.0
18 1.8 0.0 0.9998451314851409 0.0
18 1.9 0.0 0.9999639901963131 0.0
18 2.0 0.0 1.0 0.0
18 2.1 0.0 0.9999686982764583 0.0
18 2.2 0.0 0.9998829983295054 0.0
18 2.3 0.0 0.9997536479668104 0.0
18 2.4 0.0 0.9995896042167672 0.0
18 2.5 0.0 0.9993983397352177 0.0
18 2.6 0.0 0.9991860936704281 0.0
18 2.7 0.0 0.9989580774088287 0.0
18 2.8 0.0 0.9987186436747795 0.0
18 2.9 0.0 0.9984714258535654 0.0
18 3.0 0.0 0.9982194530963572 0.0
18 Inf 0.0 0.9917266172880244 0.0
16 0.0 0.0 0.006218082960216181 0.0
16 0.0001 0.0 0.9450499627653421 0.0
16 0.001 0.0 0.945146814494286 0.0
16 0.01 0.0 0.9461072402068872 0.0
16 0.1 0.0 0.9549378700367066 0.0
16 0.2 0.0 0.9632467335812371 0.0
16 0.3 0.0 0.9701863092121843 0.0
16 0.4 0.0 0.9759566761356906 0.0
16 0.5 0.0 0.9807354038745427 0.0
16 0.6 0.0 0.9846774667565206 0.0
16 0.7 0.0 0.9879164033656634 0.0
16 0.8 0.0 0.9905661710529957 0.0
16 0.9 0.0 0.9927233104597356 0.0
16 1.0 0.0 0.9944691678522335 0.0
16 1.1 0.0 0.9958720221429636 0.0
16 1.2 0.0 0.9969890330486839 0.0
16 1.3 0.0 0.9978679731532817 0.0
16 1.4 0.0 0.9985487358184414 0.0
16 1.5 0.0 0.9990646280611142 0.0
16 1.6 0.0 0.9994434666518226 0.0
16 1.7 0.0 0.9997084996609656 0.0
16 1.8 0.0 0.9998791764949942 0.0
16 1.9 0.0 0.9999717884659534 0.0
16 2.0 0.0 1.0 0.0
16 2.1 0.0 0.9999752882589784 0.0
16 2.2 0.0 0.9999073065514571 0.0
16 2.3 0.0 0.9998041846294006 0.0
16 2.4 0.0 0.9996727768966577 0.0
16 2.5 0.0 0.9995188677327718 0.0
16 2.6 0.0 0.9993473415640629 0.0
16 2.7 0.0 0.9991623239795306 0.0
16 2.8 0.0 0.9989672990688425 0.0
16 2.9 0.0 0.9987652072269757 0.0
16 3.0 0.0 0.9985585268988832 0.0
16 Inf 0.0 0.9930425099111265 0.0
14 0.0 0.0 0.1180397957184539 0.0
14 0.0001 0.0 0.9641362936471194 0.0
14 0.001 0.0 0.9641976318849671 0.0
14 0.01 0.0 0.9648059385436434 0.0
14 0.1 0.0 0.9704056128338593 0.0
14 0.2 0.0 0.975693859588415 0.0
14 0.3 0.0 0.9801357695172472 0.0
14 0.4 0.0 0.9838556827644146 0.0
14 0.5 0.0 0.9869616771653394 0.0
14 0.6 0.0 0.9895469329391067 0.0
14 0.7 0.0 0.9916912837262286 0.0
14 0.8 0.0 0.9934628034896305 0.0
14 0.9 0.0 0.9949193346171145 0.0
14 1.0 0.0 0.9961099027902873 0.0
14 1.1 0.0 0.9970759918924333 0.0
14 1.2 0.0 0.9978526704554262 0.0
14 1.3 0.0 0.9984695725085364 0.0
14 1.4 0.0 0.9989517422667158 0.0
14 1.5 0.0 0.9993203554475686 0.0
14 1.6 0.0 0.9995933312682831 0.0
14 1.7 0.0 0.9997858491414151 0.0
14 1.8 0.0 0.999910783304081 0.0
14 1.9 0.0 0.9999790674381189 0.0
14 2.0 0.0 1.0 0.0
14 2.1 0.0 0.9999814996213872 0.0
14 2.2 0.0 0.9999303186473485 0.0
14 2.3 0.0 0.9998522216937237 0.0
14 2.4 0.0 0.9997521350472679 0.0
14 2.5 0.0 0.9996342718062159 0.0
14 2.6 0.0 0.9995022368594881 0.0
14 2.7 0.0 0.9993591151203363 0.0
14 2.8 0.0 0.9992075458523777 0.0
14 2.9 0.0 0.9990497854401458 0.0
14 3.0 0.0 0.9988877605499878 0.0
14 Inf 0.0 0.9943540643801421 0.0
12 0.0 0.0 0.005821737727533164 0.0
12 0.0001 0.0 0.9788759463859779 0.0
12 0.001 0.0 0.9789105037794286 0.0
12 0.01 0.0 0.9792533252391278 0.0
12 0.1 0.0 0.9824196189876574 0.0
12 0.2 0.0 0.9854320651435222 0.0
12 0.3 0.0 0.9879852657747648 0.0
12 0.4 0.0 0.9901447890971751 0.0
12 0.5 0.0 0.9919671228150486 0.0
12 0.6 0.0 0.9935007947546484 0.0
12 0.7 0.0 0.9947874096886539 0.0
12 0.8 0.0 0.9958625879337786 0.0
12 0.9 0.0 0.9967568013602912 0.0
12 1.0 0.0 0.9974961088786075 0.0
12 1.1 0.0 0.9981027973172442 0.0
12 1.2 0.0 0.9985959356783798 0.0
12 1.3 0.0 0.9989918516409572 0.0
12 1.4 0.0 0.9993045392994797 0.0
12 1.5 0.0 0.9995460067750672 0.0
12 1.6 0.0 0.9997265717167705 0.0
12 1.7 0.0 0.9998551119608764 0.0
12 1.8 0.0 0.9999392778219303 0.0
12 1.9 0.0 0.9999856717063301 0.0
12 2.0 0.0 1.0 0.0
12 2.1 0.0 0.999987201503323 0.0
12 2.2 0.0 0.9999515560766412 0.0
12 2.3 0.0 0.999896776619691 0.0
12 2.4 0.0 0.9998260870357569 0.0
12 2.5 0.0 0.9997422884215688 0.0
12 2.6 0.0 0.9996478153713342 0.0
12 2.7 0.0 0.9995447839816511 0.0
12 2.8 0.0 0.9994350328874617 0.0
12 2.9 0.0 0.999320158441892 0.0
12 3.0 0.0 0.999201544969491 0.0
12 Inf 0.0 0.9956539828551363 0.0
10 0.0 0.0 0.06529694194425498 0.0
10 0.0001 0.0 0.9893845429805934 0.0
10 0.001 0.0 0.9894008547215425 0.0
10 0.01 0.0 0.9895627631566528 0.0
10 0.1 0.0 0.9910665781258337 0.0
10 0.2 0.0 0.9925138982705681 0.0
10 0.3 0.0 0.9937563978355821 0.0
10 0.4 0.0 0.9948214006296116 0.0
10 0.5 0.0 0.9957324574716047 0.0
10 0.6 0.0 0.9965098777329376 0.0
10 0.7 0.0 0.9971711892112981 0.0
10 0.8 0.0 0.9977315344795171 0.0
10 0.9 0.0 0.9982040114526783 0.0
10 1.0 0.0 0.998599965325438 0.0
10 1.1 0.0 0.9989292383535999 0.0
10 1.2 0.0 0.9992003832561441 0.0
10 1.3 0.0 0.9994208453361721 0.0
10 1.4 0.0 0.9995971177846297 0.0
10 1.5 0.0 0.9997348740503961 0.0
10 1.6 0.0 0.9998390806387286 0.0
10 1.7 0.0 0.9999140932368115 0.0
10 1.8 0.0 0.999963738657388 0.0
10 1.9 0.0 0.999991384735077 0.0
10 2.0 0.0 1.0 0.0
10 2.1 0.0 0.9999922046850354 0.0
10 2.2 0.0 0.9999703143914322 0.0
10 2.3 0.0 0.999936377538303 0.0
10 2.4 0.0 0.9998922075505552 0.0
10 2.5 0.0 0.9998394105934285 0.0
10 2.6 0.0 0.9997794095367963 0.0
10 2.7 0.0 0.9997134647257859 0.0
10 2.8 0.0 0.999642692043587 0.0
10 2.9 0.0 0.999568078675408 0.0
10 3.0 0.0 0.9994904969172997 0.0
10 Inf 0.0 0.9969276513396539 0.0
8 0.0 0.0 0.13589541794527724 0.0
8 0.0001 0.0 0.9959826441365094 0.0
8 0.001 0.0 0.9959882639462732 0.0
8 0.01 0.0 0.9960440968335598 0.0
8 0.1 0.0 0.9965674112806784 0.0
8 0.2 0.0 0.9970801633414332 0.0
8 0.3 0.0 0.9975288093148651 0.0
8 0.4 0.0 0.9979207599515183 0.0
8 0.5 0.0 0.9982624705678296 0.0
8 0.6 0.0 0.9985595816482317 0.0
8 0.7 0.0 0.9988170369810507 0.0
8 0.8 0.0 0.9990391830970331 0.0
8 0.9 0.0 0.9992298531185811 0.0
8 1.0 0.0 0.9993924375878385 0.0
8 1.1 0.0 0.9995299444000807 0.0
8 1.2 0.0 0.9996450496069346 0.0
8 1.3 0.0 0.9997401405567927 0.0
8 1.4 0.0 0.9998173525952593 0.0
8 1.5 0.0 0.9998786003467288 0.0
8 1.6 0.0 0.9999256044313639 0.0
8 1.7 0.0 0.9999599143333819 0.0
8 1.8 0.0 0.9999829280214826 0.0
8 1.9 0.0 0.9999959088263529 0.0
8 2.0 0.0 1.0 0.0
8 2.1 0.0 0.9999962373144942 0.0
8 2.2 0.0 0.9999855600013147 0.0
8 2.3 0.0 0.9999688202850606 0.0
8 2.4 0.0 0.999946791725318 0.0
8 2.5 0.0 0.9999201765467676 0.0
8 2.6 0.0 0.9998896121091722 0.0
8 2.7 0.0 0.9998556766448159 0.0
8 2.8 0.0 0.9998188943706895 0.0
8 2.9 0.0 0.9997797400655413 0.0
8 3.0 0.0 0.9997386431874489 0.0
8 Inf 0.0 0.9981438896997497 0.0
6 0.0 0.0 0.5670655210628126 0.0
6 0.0001 0.0 0.999219516126542 0.0
6 0.001 0.0 0.9992204062366996 0.0
6 0.01 0.0 0.9992292698182963 0.0
6 0.1 0.0 0.9993142147674379 0.0
6 0.2 0.0 0.999400984565803 0.0
6 0.3 0.0 0.9994801285563321 0.0
6 0.4 0.0 0.9995520400330674 0.0
6 0.5 0.0 0.999617103060906 0.0
6 0.6 0.0 0.9996756919887313 0.0
6 0.7 0.0 0.9997281710203387 0.0
6 0.8 0.0 0.9997748938422677 0.0
6 0.9 0.0 0.9998162033073716 0.0
6 1.0 0.0 0.9998524311726829 0.0
6 1.1 0.0 0.9998838978898743 0.0
6 1.2 0.0 0.9999109124464307 0.0
6 1.3 0.0 0.9999337722554102 0.0
6 1.4 0.0 0.9999527630915633 0.0
6 1.5 0.0 0.9999681590713874 0.0
6 1.6 0.0 0.9999802226746207 0.0
6 1.7 0.0 0.9999892048045763 0.0
6 1.8 0.0 0.9999953448846587 0.0
6 1.9 0.0 0.9999988709883555 0.0
6 2.0 0.0 1.0 0.0
6 2.1 0.0 0.9999989378035853 0.0
6 2.2 0.0 0.9999958794969352 0.0
6 2.3 0.0 0.9999910096285839 0.0
6 2.4 0.0 0.9999845024547647 0.0
6 2.5 0.0 0.9999765222139797 0.0
6 2.6 0.0 0.999967223416698 0.0
6 2.7 0.0 0.9999567511478381 0.0
6 2.8 0.0 0.99994524137977 0.0
6 2.9 0.0 0.9999328212936947 0.0
6 3.0 0.0 0.9999196096073812 0.0
6 Inf 0.0 0.9992301766027059 0.0
16 0.0 0.1 0.000706498359732358 0.0009892178179056862
16 0.0001 0.1 0.9368038300146351 0.009444916583313173
16 0.001 0.1 0.9369112272457722 0.009434464422632958
16 0.01 0.1 0.9379762092988576 0.009330399372558681
16 0.1 0.1 0.9477690996603146 0.008333434699859981
16 0.2 0.1 0.9569947955317407 0.007312315662588525
16 0.3 0.1 0.9647239377610269 0.0063754308554862735
16 0.4 0.1 0.9711837837736262 0.005518163995168248
16 0.5 0.1 0.9765727985710985 0.004737138812813535
16 0.6 0.1 0.9810616068930709 0.004029383941498858
16 0.7 0.1 0.984795141075628 0.003391910731531525
16 0.8 0.1 0.987895377267989 0.002821550183909188
16 0.9 0.1 0.990464252603574 0.0023149374452631254
16 1.0 0.1 0.9925865099042204 0.0018685698142749405
16 1.1 0.1 0.9943323269947514 0.001478892668897379
16 1.2 0.1 0.9957596624234202 0.0011423874214572048
16 1.3 0.1 0.9969162970679113 0.0008556483597526715
16 1.4 0.1 0.9978415795729224 0.0006154430106524714
16 1.5 0.1 0.9985678990308716 0.0004187551085792722
16 1.6 0.1 0.9991219153819291 0.00026281157386390643
16 1.7 0.1 0.9995255799066856 0.00014509593714977218
16 1.8 0.1 0.9997969770953317 6.335093109413235e-5
16 1.9 0.1 0.9999510165200117 1.5572853857657498e-5
16 2.0 0.1 1.0 0.0
16 2.1 0.1 0.9999540858649548 1.5097076208193832e-5
16 2.2 0.1 0.9998216687894519 5.953713992596281e-5
16 2.3 0.1 0.9996096906447312 0.00013218225312572313
16 2.4 0.1 0.9993238951535651 0.00023206374592926106
16 2.5 0.1 0.9989690368499453 0.000358362738958074
16 2.6 0.1 0.9985490529174145 0.0005103913764478831
16 2.7 0.1 0.9980672048726428 0.000687575068660368
16 2.8 0.1 0.9975261957350658 0.000889435925295542
16 2.9 0.1 0.9969282672375103 0.0011155774747856457
16 3.0 0.1 0.9962752807496842 0.0013656707014658349
14 0.0 0.1 0.0023474457982073167 0.003453974388435187
14 0.0001 0.1 0.9589988540813611 0.0068160879154730665
14 0.001 0.1 0.9590651981430256 0.006808850655879669
14 0.01 0.1 0.9597232192982689 0.006736708374647889
14 0.1 0.1 0.965788800246535 0.006038526953018027
14 0.2 0.1 0.9715397090496122 0.005313130683770178
14 0.3 0.1 0.9764006093239362 0.004641570031164564
14 0.4 0.1 0.9805065205684809 0.004023990104760899
14 0.5 0.1 0.9839728982989573 0.0034597767768281985
14 0.6 0.1 0.986897732614651 0.002947643066252311
14 0.7 0.1 0.989363703509451 0.0024857698318476082
14 0.8 0.1 0.9914402555894528 0.0020719594942342026
14 0.9 0.1 0.9931855137222791 0.0017037803461465626
14 1.0 0.1 0.994648001626597 0.0013786907954597934
14 1.1 0.1 0.9958681519065842 0.0010941398894052886
14 1.2 0.1 0.9968796124043331 0.0008476443808469261
14 1.3 0.1 0.9977103630752326 0.0006368445869529256
14 1.4 0.1 0.9983836622198908 0.0004595421293460115
14 1.5 0.1 0.9989188425156712 0.0003137228255479611
14 1.6 0.1 0.9993319770556782 0.00019756782922231332
14 1.7 0.1 0.9996364343171701 0.00010945577490143779
14 1.8 0.1 0.9998433391653555 4.795827850886713e-5
14 1.9 0.1 0.9999619549828532 1.1830737971777435e-5
14 2.0 0.1 1.0 0.0
14 2.1 0.1 0.9999639090017488 1.1550124319309898e-5
14 2.2 0.1 0.9998590498617713 4.570719016383023e-5
14 2.3 0.1 0.9996899028274215 0.00010182385103354208
14 2.4 0.1 0.9994602091526776 0.00017936414906779798
14 2.5 0.1 0.9991730945402525 0.0002778889449121102
14 2.6 0.1 0.998831171892109 0.0003970421972234973
14 2.7 0.1 0.9984366270605463 0.0005365382325710078
14 2.8 0.1 0.9979912906200081 0.0006961500764212565
14 2.9 0.1 0.99749669812378 0.0008756988646123492
14 3.0 0.1 0.9969541408524542 0.0010750443183499272
12 0.0 0.1 0.007384499884718006 0.010480652080442007
12 0.0001 0.1 0.9754383816894067 0.004379568653882291
12 0.001 0.1 0.9754752315011347 0.0043747918587003195
12 0.01 0.1 0.9758409323501042 0.004327200417701007
12 0.1 0.1 0.9792322177832629 0.0038689766282475075
12 0.2 0.1 0.9824888162248717 0.00339747712485581
12 0.3 0.1 0.9852823050497953 0.002964954011395994
12 0.4 0.1 0.9876793286599136 0.002570202240072123
12 0.5 0.1 0.9897364754962051 0.002211631635847866
12 0.6 0.1 0.9915016683958122 0.0018874131936166378
12 0.7 0.1 0.9930154079446092 0.0015955978977688504
12 0.8 0.1 0.9943118683132514 0.0013342098032335349
12 0.9 0.1 0.9954198522415906 0.0011013163253870218
12 1.0 0.1 0.9963636159071442 0.0008950790764413241
12 1.1 0.1 0.9971635763725624 0.0007137885445631946
12 1.2 0.1 0.9978369148821704 0.0005558856610746628
12 1.3 0.1 0.9983980889868904 0.000419972963371183
12 1.4 0.1 0.9988592656777998 0.0003048177012580648
12 1.5 0.1 0.9992306866429769 0.00020934888414936498
12 1.6 0.1 0.9995209755880443 0.00013264994056839767
12 1.7 0.1 0.9997373963777302 7.394836543519606e-5
12 1.8 0.1 0.9998860696238948 3.2603466561470325e-5
12 1.9 0.1 0.9999721542981178 8.093089633007632e-6
12 2.0 0.1 1.0 0.0
12 2.1 0.1 0.999973274670724 7.998428559927699e-6
12 2.2 0.1 0.9998950718028996 3.184114617856317e-5
12 2.3 0.1 0.9997680005564923 7.134731433534246e-5
12 2.4 0.1 0.9995942616384965 0.00012639126644172733
12 2.5 0.1 0.9993757113320915 0.00019689230178335476
12 2.6 0.1 0.9991139156601001 0.0002828055193226316
12 2.7 0.1 0.9988101963290501 0.00038411367876487146
12 2.8 0.1 0.9984656698156134 0.0005008200485445177
12 2.9 0.1 0.9980812807194157 0.0006329421822276116
12 3.0 0.1 0.9976578303082061 0.0007805065540251132
10 0.0 0.1 0.023329474285327577 0.029968704185545328
10 0.0001 0.1 0.9870021386467599 0.0022018579440484893
10 0.001 0.1 0.9870197049325852 0.0021994536720614587
10 0.01 0.1 0.9871941958221323 0.00217552262334206
10 0.1 0.1 0.9888273545968542 0.0019470910306666482
10 0.2 0.1 0.9904250532531903 0.0017152534872397096
10 0.3 0.1 0.9918235157964171 0.0015046927342507014
10 0.4 0.1 0.993048457182042 0.0013135651945476946
10 0.5 0.1 0.9941217418771853 0.0011401501738758858
10 0.6 0.1 0.9950619576994857 0.0009828818462056252
10 0.7 0.1 0.9958849066285069 0.0008403688775159145
10 0.8 0.1 0.9966040235805746 0.0007114037505004166
10 0.9 0.1 0.997230733023045 0.0005949637084138021
10 1.0 0.1 0.9977747521820086 0.0004902051134383165
10 1.1 0.1 0.9982443485249521 0.0003964528818448963
10 1.2 0.1 0.9986465582075805 0.0003131864976617273
10 1.3 0.1 0.9989873712758873 0.0002400239157750835
10 1.4 0.1 0.9992718886139852 0.00017670445249588277
10 1.5 0.1 0.999504454922488 0.00012307154046464628
10 1.6 0.1 0.9996887713949352 7.905601020315314e-5
10 1.7 0.1 0.999827991223148 4.466036506136525e-5
10 1.8 0.1 0.9999248005979615 1.9944348070032138e-5
10 1.9 0.1 0.9999814874711667 5.011962211500483e-6
10 2.0 0.1 1.0 0.0
10 2.1 0.1 0.999981996299926 5.06806149885011e-6
10 2.2 0.1 0.9999288868783791 2.0389987873074373e-5
10 2.3 0.1 0.9998418709060187 4.614660557962422e-5
10 2.4 0.1 0.9997219672977646 8.251965963138921e-5
10 2.5 0.1 0.9995700414191752 0.00012968680886196661
10 2.6 0.1 0.9993868281008627 0.0001878175582176662
10 2.7 0.1 0.9991729515311312 0.00025707001003217163
10 2.8 0.1 0.9989289425022311 0.0003375883258750973
10 2.9 0.1 0.99865525340586 0.00042950080139775694
10 3.0 0.1 0.9983522713067747 0.0005329184675880673
8 0.0 0.1 0.06963033691258466 0.08645053939991094
8 0.0001 0.1 0.9942212132528809 0.0010472062062727716
8 0.001 0.1 0.9942279140553727 0.0010464090946048906
8 0.01 0.1 0.9942945721206005 0.0010384566362990721
8 0.1 0.1 0.9949274887563488 0.0009606896170886025
8 0.2 0.1 0.9955641726884569 0.000877641333782407
8 0.3 0.1 0.996137929635068 0.0007976845189193042
8 0.4 0.1 0.9966550873701184 0.0007205387897334707
8 0.5 0.1 0.9971210575985804 0.0006460792662904939
8 0.6 0.1 0.9975404745750512 0.0005743092303387662
8 0.7 0.1 0.9979173113300313 0.0005053356195060098
8 0.8 0.1 0.9982549773243764 0.0004393475829850515
8 0.9 0.1 0.9985564006706944 0.0003765980529127953
8 1.0 0.1 0.9988240975060476 0.00031738812318096764
8 1.1 0.1 0.9990602306487785 0.0002620539445864356
8 1.2 0.1 0.9992666593036266 0.00021095581606806515
8 1.3 0.1 0.9994449812776185 0.0001644691560322301
8 1.4 0.1 0.9995965689215085 0.0001229770609302051
8 1.5 0.1 0.9997225998079116 8.686419050849713e-5
8 1.6 0.1 0.9998240829889119 5.651175431535112e-5
8 1.7 0.1 0.9999018815367204 3.2293408433465425e-5
8 1.8 0.1 0.9999567319553623 1.4571903063259082e-5
8 1.9 0.1 0.9999892609549623 3.696349599599674e-6
8 2.0 0.1 1.0 0.0
8 2.1 0.1 0.9999893979755397 3.798451655563978e-6
8 2.2 0.1 0.999957832259258 1.5388207975326243e-5
8 2.3 0.1 0.9999056184396975 3.504553886912696e-5
8 2.4 0.1 0.9998330188816211 6.30255966776763e-5
8 2.5 0.1 0.9997402503059035 9.956175224560834e-5
8 2.6 0.1 0.9996274905234906 0.00014486512311236727
8 2.7 0.1 0.9994948844394488 0.0001991242715247758
8 2.8 0.1 0.9993425494234655 0.000262505054422479
8 2.9 0.1 0.9991705801268352 0.000335150610944445
8 3.0 0.1 0.9989790528121536 0.00041718147554714824
6 0.0 0.1 0.198641377077741 0.20746910476178065
6 0.0001 0.1 0.9980847101806637 0.0008659115922872671
6 0.001 0.1 0.9980864342754594 0.0008652926974091585
6 0.01 0.1 0.9981036313945708 0.0008591061662008636
6 0.1 0.1 0.9982712299440044 0.000797531702798599
6 0.2 0.1 0.9984481683442412 0.0007299426563122181
6 0.3 0.1 0.9986153971595876 0.0006635374745617691
6 0.4 0.1 0.9987729742108084 0.0005986349081363779
6 0.5 0.1 0.998920950965954 0.0005355480825415126
6 0.6 0.1 0.9990593719038088 0.00047458433246859704
6 0.7 0.1 0.9991882740124882 0.0004160449953122767
6 0.8 0.1 0.9993076864151388 0.0003602251669927319
6 0.9 0.1 0.9994176301149512 0.0003074134237134941
6 1.0 0.1 0.9995181178519469 0.0002578915137011696
6 1.1 0.1 0.9996091540640022 0.00021193402327150448
6 1.2 0.1 0.999690734944796 0.00016980802176813856
6 1.3 0.1 0.9997628485913361 0.00013177269004879856
6 1.4 0.1 0.9998254752338775 9.807893725605284e-5
6 1.5 0.1 0.9998785875409474 6.896901062076041e-5
6 1.6 0.1 0.9999221509924449 4.467610300793738e-5
6 1.7 0.1 0.9999561243136726 2.5423962834660397e-5
6 1.8 0.1 0.9999804599633229 1.1426510869471506e-5
6 1.9 0.1 0.9999951046685005 2.887468266914798e-6
6 2.0 0.1 1.0 0.0
6 2.1 0.1 0.9999950829812064 2.9463776314979712e-6
6 2.2 0.1 0.9999802867240727 1.1897665114583363e-5
6 2.3 0.1 0.9999555410859107 2.70134310342776e-5
6 2.4 0.1 0.9999207733408919 4.844149040062942e-5
6 2.5 0.1 0.9998759088603871 7.63176787808853e-5
6 2.6 0.1 0.9998208717965789 0.00011076566121841554
6 2.7 0.1 0.9997555857639814 0.00015189677803140593
6 2.8 0.1 0.9996799745139301 0.00019980992921915034
6 2.9 0.1 0.9995939625972848 0.00025459149883300667
6 3.0 0.1 0.9994974760110457 0.0003163153202932715
16 0.0 0.2 0.0007285053399207531 0.0010372410169364986
16 0.0001 0.2 0.9160959139793818 0.03293153001815938
16 0.001 0.2 0.916219974640862 0.0328942172155028
16 0.01 0.2 0.9174518919494747 0.032522635381744755
16 0.1 0.2 0.9289339160755429 0.028959981402169495
16 0.2 0.2 0.9400410574096235 0.025320757509721344
16 0.3 0.2 0.9496116249779885 0.022004263531517104
16 0.4 0.2 0.9578405756335661 0.018994645679685822
16 0.5 0.2 0.9649051105762823 0.01627484922035978
16 0.6 0.2 0.9709626470898717 0.013827361496389913
16 0.7 0.2 0.9761506039538925 0.011634785892866014
16 0.8 0.2 0.9805873463478784 0.009680260391057776
16 0.9 0.2 0.9843737921402776 0.007947742854336162
16 1.0 0.2 0.9875953257365082 0.006422188016119282
16 1.1 0.2 0.9903237841577734 0.00508964025854086
16 1.2 0.2 0.9926193699666965 0.003937263437204594
16 1.3 0.2 0.9945324098929587 0.0029533254517643682
16 1.4 0.2 0.9961049214855628 0.0021271517122824534
16 1.5 0.2 0.9973719779660026 0.0014490584695344352
16 1.6 0.2 0.9983628781523565 0.000910274297375002
16 1.7 0.2 0.9991021374101544 0.0005028558456474977
16 1.8 0.2 0.9996103196987138 0.00021960227271490982
16 1.9 0.2 0.999904731797416 5.3971446545464195e-5
16 2.0 0.2 1.0 0.0
16 2.1 0.2 0.9999085478072125 5.2228574322302086e-5
16 2.2 0.2 0.9996409909711929 0.000205633029679624
16 2.3 0.2 0.9992064639801576 0.0004555619978624587
16 2.4 0.2 0.9986128899091224 0.0007976808639595331
16 2.5 0.2 0.9978672036000279 0.001227922062643896
16 2.6 0.2 0.99697553641366 0.0017424414386161427
16 2.7 0.2 0.9959433693227395 0.002337580332777087
16 2.8 0.2 0.9947756598771126 0.003009833002893135
16 2.9 0.2 0.99347694754541 0.0037558189600642453
16 3.0 0.2 0.9920514410956648 0.004572259792863684
14 0.0 0.2 0.0023949694723422376 0.003311440430867366
14 0.0001 0.2 0.9424080181241002 0.02512810472101875
14 0.001 0.2 0.9424891432843966 0.02510125724711752
14 0.01 0.2 0.9432947781871046 0.02483378929994511
14 0.1 0.2 0.9508138249973619 0.022258788554411522
14 0.2 0.2 0.9581209649497094 0.019605672081238933
14 0.3 0.2 0.9644644331788679 0.017163889817597824
14 0.4 0.2 0.9699712793513503 0.014924941845995717
14 0.5 0.2 0.9747521232392361 0.012879929583772617
14 0.6 0.2 0.9789022908455814 0.011019790558155072
14 0.7 0.2 0.9825032691201292 0.009335500424134734
14 0.8 0.2 0.9856242825854227 0.00781823554369811
14 0.9 0.2 0.9883238625572441 0.006459495604456789
14 1.0 0.2 0.9906513299900742 0.00525118939033168
14 1.1 0.2 0.9926481488061665 0.004185688632162641
14 1.2 0.2 0.9943491309142986 0.003255855484644253
14 1.3 0.2 0.9957834898689434 0.0024550490733952933
14 1.4 0.2 0.9969757496870544 0.0017771160643274757
14 1.5 0.2 0.9979465206318341 0.0012163695427484609
14 1.6 0.2 0.9987131562149179 0.0007675597833647208
14 1.7 0.2 0.9992903062871515 0.00042583981866272253
14 1.8 0.2 0.9996903806016381 0.0001867281090404721
14 1.9 0.2 0.999923936128422 4.6070097921599565e-5
14 2.0 0.2 1.0 0.0
14 2.1 0.2 0.999926338475287 4.490381484657919e-5
14 2.2 0.2 0.9997096808516707 0.000177384272125395
14 2.3 0.2 0.999355905900429 0.00039422818837266045
14 2.4 0.2 0.9988701971854712 0.0006923765386680431
14 2.5 0.2 0.9982571725611452 0.0010688974104094647
14 2.6 0.2 0.9975209922304774 0.001520961902838565
14 2.7 0.2 0.9966654489711104 0.0020458229581728953
14 2.8 0.2 0.9956940434887374 0.0026407970526332015
14 2.9 0.2 0.9946100473218179 0.0033032486337761977
14 3.0 0.2 0.9934165552815003 0.004030577160744123
12 0.0 0.2 0.0076705840553843736 0.01075199052074513
12 0.0001 0.2 0.9646881720801385 0.016597513053255412
12 0.001 0.2 0.9647343263246041 0.01658051303003849
12 0.01 0.2 0.9651928905447675 0.016411116370576698
12 0.1 0.2 0.9694942449075503 0.014776798882814563
12 0.2 0.2 0.9737207315427778 0.013085021512154594
12 0.3 0.2 0.9774385536955081 0.011519100799452469
12 0.4 0.2 0.9807127316866662 0.010074010857033836
12 0.5 0.2 0.983598587309109 0.008744770326532187
12 0.6 0.2 0.9861430091889359 0.007526526394647818
12 0.7 0.2 0.988385616943252 0.00641462013663486
12 0.8 0.2 0.9903598089931255 0.005404633570704586
12 0.9 0.2 0.9920936902241663 0.004492420107116685
12 1.0 0.2 0.9936108828894284 0.003674120685299526
12 1.1 0.2 0.9949312284119298 0.002946168073289041
12 1.2 0.2 0.9960713899794211 0.0023052817335645634
12 1.3 0.2 0.9970453667053825 0.0017484554541586507
12 1.4 0.2 0.9978649301424302 0.0012729396770754682
12 1.5 0.2 0.998539993417211 0.0008762201721746558
12 1.6 0.2 0.9990789224424945 0.0005559944294743252
12 1.7 0.2 0.9994887977083659 0.00031014688989702306
12 1.8 0.2 0.9997756341614127 0.0001367239099538039
12 1.9 0.2 0.9999445657117637 3.390916124907244e-5
12 2.0 0.2 1.0 0.0
12 2.1 0.2 0.9999457482291381 3.3385202582327446e-5
12 2.2 0.2 0.9997851341293585 0.00013252434748182936
12 2.3 0.2 0.999521085475743 0.0002959290288483198
12 2.4 0.2 0.9991562110186473 0.000522146009189055
12 2.5 0.2 0.9986928652058948 0.0008097423559554546
12 2.6 0.2 0.9981332026685562 0.0011572925565744793
12 2.7 0.2 0.9974792240992127 0.0015633675669099922
12 2.8 0.2 0.9967328148657065 0.0020265257175720655
12 2.9 0.2 0.9958957774663043 0.002545305379547014
12 3.0 0.2 0.9949698587373969 0.0031182192741546094
10 0.0 0.2 0.023570921844433004 0.031037618270641658
10 0.0001 0.2 0.9805450814638355 0.009536940103398105
10 0.001 0.2 0.9805678123715564 0.009527599354676156
10 0.01 0.2 0.9807938763777659 0.009434508696279348
10 0.1 0.2 0.9829352477078209 0.00853479292147324
10 0.2 0.2 0.9850807140525825 0.007599596189011651
10 0.3 0.2 0.9870077803955952 0.0067293235410118375
10 0.4 0.2 0.9887407474567182 0.005921135377872489
10 0.5 0.2 0.9903000704313533 0.0051724331059259145
10 0.6 0.2 0.9917029449694023 0.004480866211430326
10 0.7 0.2 0.9929638094805746 0.0038443321103168175
10 0.8 0.2 0.9940947742577695 0.0032609703226427105
10 0.9 0.2 0.9951059870796541 0.002729152312457753
10 1.0 0.2 0.9960059440104035 0.0022474681239306434
10 1.1 0.2 0.9968017531491714 0.0018147107484764392
10 1.2 0.2 0.9974993581486428 0.001429858982701723
10 1.3 0.2 0.9981037274507519 0.0010920593858571024
10 1.4 0.2 0.9986190143932779 0.0008006078180505947
10 1.5 0.2 0.9990486926280852 0.0005549309351362894
10 1.6 0.2 0.9993956706594795 0.00035456793062429884
10 1.7 0.2 0.999662388755234 0.00019915274651697353
10 1.8 0.2 0.9998509009973384 8.839692103273716e-5
10 1.9 0.2 0.9999629448177478 2.207319919960372e-5
10 2.0 0.2 1.0 0.0
10 2.1 0.2 0.9999633388137529 2.202680907127293e-5
10 2.2 0.2 0.9998540686803515 8.80205471577078e-5
10 2.3 0.2 0.9996731685380588 0.00019785295007656144
10 2.4 0.2 0.9994215198804239 0.00035138898467223
10 2.5 0.2 0.9990999332762895 0.0005484763161194719
10 2.6 0.2 0.9987091710410332 0.0007889358342284966
10 2.7 0.2 0.9982499666123105 0.001072553239556098
10 2.8 0.2 0.9977230410869172 0.0013990716837353062
10 2.9 0.2 0.9971291172952639 0.0017681854522663414
10 3.0 0.2 0.99646893172438 0.0021795346719284247
8 0.0 0.2 0.06959645979169038 0.08942140132447791
8 0.0001 0.2 0.9903109644194042 0.004543374462275468
8 0.001 0.2 0.990320628348007 0.004539282973265241
8 0.01 0.2 0.9904168929253107 0.004498486711036299
8 0.1 0.2 0.9913431897340507 0.004102176902772718
8 0.2 0.2 0.9922992492144818 0.0036858652276195573
8 0.3 0.2 0.9931841220289842 0.0032937635010756093
8 0.4 0.2 0.9940028291126626 0.002924953619960852
8 0.5 0.2 0.9947595249273878 0.0025787106690016806
8 0.6 0.2 0.9954576363261325 0.0022544842479052833
8 0.7 0.2 0.9960999790010048 0.001951880679219772
8 0.8 0.2 0.996688855346617 0.0016706461960894912
8 0.9 0.2 0.99722613688768 0.0014106511554100511
8 1.0 0.2 0.9977133338639761 0.0011718752801975277
8 1.1 0.2 0.99815165411248 0.0009543939039422529
8 1.2 0.2 0.9985420530158243 0.0007583651678865159
8 1.3 0.2 0.9988852759824198 0.000584018108195216
8 1.4 0.2 0.9991818946739137 0.00043164156252546926
8 1.5 0.2 0.9994323379896312 0.0003015738232972861
8 1.6 0.2 0.9996369186473824 0.00019419296689622987
8 1.7 0.2 0.9997958560587572 0.00010990779306570397
8 1.8 0.2 0.9999092960794898 4.914931598568301e-5
8 1.9 0.2 0.9999773281175773 1.2362757202068678e-5
8 2.0 0.2 1.0 0.0
8 2.1 0.2 0.9999773309305197 1.2512474436750437e-5
8 2.2 0.2 0.999909322813753 5.0344451609060414e-5
8 2.3 0.2 0.9997959701729292 0.0001139267344290611
8 2.4 0.2 0.9996372688486721 0.00020367073993917862
8 2.5 0.2 0.9994332236329259 0.00031996297478039244
8 2.6 0.2 0.9991838549644072 0.00046315991068482246
8 2.7 0.2 0.9988892047891849 0.0006335832707190135
8 2.8 0.2 0.9985493416711743 0.0008315157394193683
8 2.9 0.2 0.9981643652221414 0.001057197110979554
8 3.0 0.2 0.9977344099084898 0.0013108208893411913
6 0.0 0.2 0.19977550547479137 0.21287006026104044
6 0.0001 0.2 0.9958514090982222 0.00197773999381537
6 0.001 0.2 0.9958548823556213 0.0019762109453499285
6 0.01 0.2 0.9958895495557938 0.0019609388486364118
6 0.1 0.2 0.9962296071693177 0.0018101251344798833
6 0.2 0.2 0.9965930199702648 0.0016469128936677931
6 0.3 0.2 0.9969407532601713 0.0014887363622860942
6 0.4 0.2 0.9972723069192293 0.0013360583391131009
6 0.5 0.2 0.9975871884554108 0.0011893397557718923
6 0.6 0.2 0.9978849127393605 0.0010490383817218112
6 0.7 0.2 0.9981650019554644 0.0009156076985024922
6 0.8 0.2 0.9984269857486485 0.0007894959212946223
6 0.9 0.2 0.9986704015469622 0.0006711451486509556
6 1.0 0.2 0.99889479504078 0.0005609906233333924
6 1.1 0.2 0.999099720799945 0.0004594600887129146
6 1.2 0.2 0.999284743010787 0.0003669732262757784
6 1.3 0.2 0.9994494363155569 0.00028394116054192373
6 1.4 0.2 0.99959338673736 0.00021076601824248254
6 1.5 0.2 0.9997161926742905 0.00014784052901007798
6 1.6 0.2 0.9998174659471147 9.554765518951886e-5
6 1.7 0.2 0.9998968328854416 5.4260238745328234e-5
6 1.8 0.2 0.9999539354380608 2.4340653690715097e-5
6 1.9 0.2 0.9999884322938133 6.1404530360502115e-6
6 2.0 0.2 1.0 0.0
6 2.1 0.2 0.9999883340662983 6.248074166264718e-6
6 2.2 0.2 0.999953150042701 2.520144442891498e-5
6 2.3 0.2 0.9998941845609656 5.7164401947127156e-5
6 2.4 0.2 0.9998111963298036 0.00010242824792785957
6 2.5 0.2 0.9997039670748664 0.00016127073284552177
6 2.6 0.2 0.9995723024154503 0.0002339554456682375
6 2.7 0.2 0.9994160326706654 0.00032073115374130413
6 2.8 0.2 0.9992350135885998 0.00042183109613506346
6 2.9 0.2 0.9990291269929561 0.0005374722354336359
6 3.0 0.2 0.9987982813423149 0.0006678544750588018
16 0.0 0.3 0.0007525287280321492 0.0010234384284772283
16 0.0001 0.3 0.8862502403313095 0.058780316208554735
16 0.001 0.3 0.8864011093152264 0.05871296844410439
16 0.01 0.3 0.887901116952199 0.05804203537362041
16 0.1 0.3 0.9020537229428235 0.0515906390245574
16 0.2 0.3 0.9160656718404908 0.04498012797545393
16 0.3 0.3 0.9284263839924762 0.03895477995500391
16 0.4 0.3 0.9392956720301721 0.03349856854689078
16 0.5 0.3 0.9488282010216377 0.02858594996660327
16 0.6 0.3 0.9571684398824566 0.024185904113644678
16 0.7 0.3 0.9644478767600692 0.02026495601174881
16 0.8 0.3 0.9707839035351614 0.016789287518678957
16 0.9 0.3 0.9762798434813259 0.013726111159250065
16 1.0 0.3 0.9810256996972428 0.01104448499127814
16 1.1 0.3 0.9850993085648648 0.008715726869247039
16 1.2 0.3 0.9885676761949221 0.006713556011764157
16 1.3 0.3 0.9914883508119278 0.005014059051934431
16 1.4 0.3 0.9939107402236654 0.0035955510740423983
16 1.5 0.3 0.9958773234661321 0.0024383808078185885
16 1.6 0.3 0.9974247327828839 0.001524712968755504
16 1.7 0.3 0.9985846995439644 0.0008383089136217814
16 1.8 0.3 0.9993848682879931 0.0003643184089279247
16 1.9 0.3 0.9998494889379682 8.908954733820917e-5
16 2.0 0.3 1.0 0.0
16 2.1 0.3 0.9998555163496685 8.531032074357731e-5
16 2.2 0.3 0.9994332348349572 0.00033403851264435973
16 2.3 0.3 0.9987487699084739 0.0007358542261439062
16 2.4 0.3 0.9978164301885051 0.0012809905600617805
16 2.5 0.3 0.9966494454531075 0.0019601713233258133
16 2.6 0.3 0.9952601522196944 0.0027645516734670183
16 2.7 0.3 0.9936601448228407 0.003685670199917
16 2.8 0.3 0.9918603978056694 0.004715410714011265
16 2.9 0.3 0.9898713644928859 0.005845972210535854
16 3.0 0.3 0.9877030558101437 0.007069845658777951
14 0.0 0.3 0.002538314427379938 0.003497754608913135
14 0.0001 0.3 0.9157041388130721 0.046755361314561955
14 0.001 0.3 0.9158107358411993 0.04670440252324889
14 0.01 0.3 0.9168706596697316 0.046196676148259494
14 0.1 0.3 0.9268847732391658 0.041305770694329925
14 0.2 0.3 0.9368448990807016 0.0362671990588202
14 0.3 0.3 0.9456957189099046 0.031637958116916734
14 0.4 0.3 0.9535508409732163 0.0274056731470367
14 0.5 0.3 0.9605132030391124 0.023554683054706115
14 0.6 0.3 0.9666747406012928 0.02006741066457251
14 0.7 0.3 0.9721166662889704 0.01692539315783686
14 0.8 0.3 0.9769101353743694 0.01411002147801259
14 0.9 0.3 0.9811171277571287 0.011603044291019774
14 1.0 0.3 0.9847914250458187 0.009386889560515182
14 1.1 0.3 0.9879796003473065 0.007444849890491619
14 1.2 0.3 0.9907219682180671 0.005761169510570509
14 1.3 0.3 0.993053464062322 0.00432106277071883
14 1.4 0.3 0.9950044375771185 0.0031106870151577665
14 1.5 0.3 0.9966013551323547 0.002117086943888744
14 1.6 0.3 0.9978674125398895 0.0013281229991107958
14 1.7 0.3 0.9988230635731548 0.0007323927710419638
14 1.8 0.3 0.9994864716708289 0.000319151711188749
14 1.9 0.3 0.9998738931090492 7.823739102913342e-5
14 2.0 0.3 1.0 0.0
14 2.1 0.3 0.9998781510818648 7.524062093144518e-5
14 2.2 0.3 0.9995206176183274 0.0002951579650702727
14 2.3 0.3 0.9989387709653229 0.00065130362697584
14 2.4 0.3 0.9981432375774698 0.001135545482801759
14 2.5 0.3 0.9971440264702017 0.001740038566025151
14 2.6 0.3 0.9959506334555949 0.002457202582035486
14 2.7 0.3 0.9945721258440691 0.0032797051414118032
14 2.8 0.3 0.9930172107545162 0.004200449778934089
14 2.9 0.3 0.9912942896998047 0.005212567861984949
14 3.0 0.3 0.9894115017074797 0.0063094135614275995
12 0.0 0.3 0.007739750320092571 0.01080523009471051
12 0.0001 0.3 0.9485098764621429 0.03400056030875112
12 0.001 0.3 0.9485711548152 0.03396549440350476
12 0.01 0.3 0.9491806355051704 0.03361604045930252
12 0.1 0.3 0.95495736702419 0.03024119856700786
12 0.2 0.3 0.9607464106315379 0.026742680613974862
12 0.3 0.3 0.965940578861388 0.023501806552434966
12 0.4 0.3 0.9706012230924512 0.020510646583981613
12 0.5 0.3 0.9747814949799025 0.017760793120481167
12 0.6 0.3 0.9785272289666594 0.015243629790886903
12 0.7 0.3 0.981877819189492 0.012950527181741
12 0.8 0.3 0.9848670552317809 0.010872978285810426
12 0.9 0.3 0.9875238957004218 0.009002685989552088
12 1.0 0.3 0.9898731689626249 0.007331613584204034
12 1.1 0.3 0.9919361974946248 0.005852007665203405
12 1.2 0.3 0.9937313469719639 0.0045564011490746925
12 1.3 0.3 0.9952745041270946 0.003437602626245341
12 1.4 0.3 0.9965794890307215 0.00248867694549348
12 1.5 0.3 0.9976584082113313 0.0017029208073372681
12 1.6 0.3 0.9985219552038741 0.0010738362203323805
12 1.7 0.3 0.9991796649251533 0.0005951039244182629
12 1.8 0.3 0.9996401278599137 0.00026055828369532654
12 1.9 0.3 0.9999111695120719 6.416467238723089e-5
12 2.0 0.3 1.0 0.0
12 2.1 0.3 0.9999133380992572 6.22367260761704e-5
12 2.2 0.3 0.99965751348844 0.0002451304860166141
12 2.3 0.3 0.999238550450407 0.0005430112747478892
12 2.4 0.3 0.9986622358291529 0.0009502780045149577
12 2.5 0.3 0.9979341736444569 0.0014613961586878391
12 2.6 0.3 0.9970598284203805 0.0020708981986457624
12 2.7 0.3 0.9960445589858894 0.002773386340234308
12 2.8 0.3 0.9948936442518856 0.003563537295633393
12 2.9 0.3 0.993612302252908 0.004436108572169375
12 3.0 0.3 0.9922057035588625 0.005385945928620859
10 0.0 0.3 0.024354449723275374 0.033747478309204514
10 0.0001 0.3 0.9693806256992419 0.022054571251222774
10 0.001 0.3 0.9694134279732457 0.02203360718958001
10 0.01 0.3 0.9697399671409496 0.02182458607097398
10 0.1 0.3 0.9728621054288767 0.019795797306942944
10 0.2 0.3 0.9760456567351886 0.017670418525216166
10 0.3 0.3 0.9789557815649683 0.01567755792434049
10 0.4 0.3 0.981616238191273 0.013814296049310785
10 0.5 0.3 0.984047034315688 0.012077997689388923
10 0.6 0.3 0.9862649882930281 0.010466295288847557
10 0.7 0.3 0.9882842187854833 0.00897706227754263
10 0.8 0.3 0.9901165699702985 0.007608379199123635
10 0.9 0.3 0.9917719793835891 0.006358495167993737
10 1.0 0.3 0.9932587951438235 0.005225786835020907
10 1.1 0.3 0.9945840487925474 0.0042087167017795584
10 1.2 0.3 0.9957536894051933 0.003305792302102196
10 1.3 0.3 0.9967727840184417 0.0025155274724266165
10 1.4 0.3 0.9976456888290833 0.0018364066612010395
10 1.5 0.3 0.9983761950636925 0.0012668529834093127
10 1.6 0.3 0.9989676529105113 0.0008052005092805617
10 1.7 0.3 0.9994230764496032 0.0004496710858771439
10 1.8 0.3 0.9997452321153053 0.00019835582554220376
10 1.9 0.3 0.9999367128743233 4.9201254826523806e-5
10 2.0 0.3 1.0 0.0
10 2.1 0.3 0.9999375140638908 4.838578903869135e-5
10 2.2 0.3 0.9997516565450832 0.00019183247348338817
10 2.3 0.3 0.9994448432708969 0.00042765671525412904
10 2.4 0.3 0.9990195307449871 0.000753023941864548
10 2.5 0.3 0.9984782362862784 0.0011649571469907465
10 2.6 0.3 0.9978235527903853 0.0016603481004865018
10 2.7 0.3 0.9970581588308893 0.002235970531110146
10 2.8 0.3 0.9961848247378718 0.0028884948548042965
10 2.9 0.3 0.9952064152227514 0.003614504039673753
10 3.0 0.3 0.9941258890595599 0.004410510224127469
8 0.0 0.3 0.07136707656689535 0.09148091557591563
8 0.0001 0.3 0.9850053018005916 0.011433595583559658
8 0.001 0.3 0.9850194117503323 0.011423506083226377
8 0.01 0.3 0.985160057927541 0.011322864543956604
8 0.1 0.3 0.9865221713450828 0.010341581699960753
8 0.2 0.3 0.9879448312532048 0.009304065507333054
8 0.3 0.3 0.9892768556164829 0.008321150650122837
8 0.4 0.3 0.99052237377514 0.007392132385896624
8 0.5 0.3 0.9916846712266435 0.006516586125006324
8 0.6 0.3 0.9927663325673423 0.0056943347778166745
8 0.7 0.3 0.9937693626383355 0.004925416295000158
8 0.8 0.3 0.994695289542 0.004210051476053075
8 0.9 0.3 0.9955452525473956 0.003548612151355929
8 1.0 0.3 0.996320077368066 0.0029415898725485617
8 1.1 0.3 0.997020340854357 0.0023895652733366296
8 1.2 0.3 0.9976464267773112 0.001893178286505594
8 1.3 0.3 0.9981985740792045 0.001453099421399786
8 1.4 0.3 0.9986769187155676 0.001070002318121163
8 1.5 0.3 0.999081530006678 0.0007445377992718917
8 1.6 0.3 0.9994124422455928 0.0004773096366749835
8 1.7 0.3 0.9996696821691544 0.0002688522390914818
8 1.8 0.3 0.9998532927834872 0.00011961044789827019
8 1.9 0.3 0.9999633539421021 2.9921601794317253e-5
8 2.0 0.3 1.0 0.0
8 2.1 0.3 0.9999634348079248 2.992385748138142e-5
8 2.2 0.3 0.9998539442650858 0.00011962480697249992
8 2.3 0.3 0.9996719066140264 0.0002688799625319697
8 2.4 0.3 0.9994178006359311 0.0004773065195104214
8 2.5 0.3 0.9990922118870582 0.0007443588274719155
8 2.6 0.3 0.9986958371054194 0.0010693278369205968
8 2.7 0.3 0.9982294869102275 0.0014513427885536779
8 2.8 0.3 0.9976940869135194 0.0018893749858616131
8 2.9 0.3 0.9970906773629417 0.0023822434686740206
8 3.0 0.3 0.9964204114357931 0.002928622386944684
6 0.0 0.3 0.20204747122016517 0.2158642636238562
6 0.0001 0.3 0.9934381284629618 0.00479089650714993
6 0.001 0.3 0.9934435648358102 0.004787186703615756
6 0.01 0.3 0.9934978331701535 0.004750138187817385
6 0.1 0.3 0.9940308217806136 0.004384715627651802
6 0.2 0.3 0.9946017044655083 0.003989973953332205
6 0.3 0.3 0.9951491498597724 0.0036078965865793304
6 0.4 0.3 0.9956721558981273 0.0032393469629199765
6 0.5 0.3 0.9961697417034249 0.0028852347572298326
6 0.6 0.3 0.9966409486417954 0.002546511212960436
6 0.7 0.3 0.9970848416712595 0.002224164084918824
6 0.8 0.3 0.9975005109638698 0.001919212144427433
6 0.9 0.3 0.9978870737792354 0.001632699211110886
6 1.0 0.3 0.9982436765651436 0.0013656876922463132
6 1.1 0.3 0.9985694972587121 0.0011192516284448853
6 1.2 0.3 0.9988637477592205 0.0008944692631566225
6 1.3 0.3 0.999125676541506 0.0006924151727440876
6 1.4 0.3 0.9993545713764505 0.0005141520131817742
6 1.5 0.3 0.9995497621230974 0.0003607219582380586
6 1.6 0.3 0.9997106235548671 0.0002331379216536811
6 1.7 0.3 0.9998365781808306 0.00013237467166224738
6 1.8 0.3 0.9999270990216965 5.935995953322287e-5
6 1.9 0.3 0.9999817122995244 1.496579400875579e-5
6 2.0 0.3 1.0 0.0
6 2.1 0.3 0.999981602266706 1.5198202269352378e-5
6 2.2 0.3 0.9999262195881244 6.121637277744847e-5
6 2.3 0.3 0.9998336147401385 0.00013862407382978347
6 2.4 0.3 0.9997036144496974 0.0002478985182321469
6 2.5 0.3 0.9995361107488894 0.00038941955267806364
6 2.6 0.3 0.9993310619929948 0.0005634656520581021
6 2.7 0.3 0.999088493520989 0.0007702109909827803
6 2.8 0.3 0.9988084979424025 0.0010097236353669423
6 2.9 0.3 0.9984912350402257 0.0012819648723301903
6 3.0 0.3 0.9981369312855047 0.0015867896718687457
16 0.0 0.4 0.0006943761481929894 0.001001238752427781
16 0.0001 0.4 0.855218826410573 0.0762898377528768
16 0.001 0.4 0.855402637683857 0.07619842949506503
16 0.01 0.4 0.8572314803501587 0.07528807856186283
16 0.1 0.4 0.874603253279624 0.06656388153654488
16 0.2 0.4 0.8920086621816622 0.057691149088202054
16 0.3 0.4 0.907531452716192 0.04967457926719338
16 0.4 0.4 0.9213099647184072 0.04248083504051174
16 0.5 0.4 0.9334910007194385 0.036061349820364734
16 0.6 0.4 0.9442204922693613 0.0303603600669475
16 0.7 0.4 0.9536374267639933 0.02532035756896572
16 0.8 0.4 0.9618703520213137 0.020885488708692043
16 0.9 0.4 0.9690357614230823 0.017003453444809247
16 1.0 0.4 0.9752377561106259 0.013626379794276111
16 1.1 0.4 0.9805685104603217 0.010711042693634251
16 1.2 0.4 0.9851091939396966 0.008218693957905036
16 1.3 0.4 0.9889311096021367 0.006114685802181941
16 1.4 0.4 0.9920968925600948 0.004368006472879024
16 1.5 0.4 0.9946616724696351 0.0029508007566038798
16 1.6 0.4 0.9966741463349656 0.001837916825536528
16 1.7 0.4 0.9981775361286188 0.0010065003542767902
16 1.8 0.4 0.9992104236623442 0.00043564397422125157
16 1.9 0.4 0.9998074659193251 0.00010609248207300005
16 2.0 0.4 1.0 0.0
16 2.1 0.4 0.9998165496286563 0.00010073323918215292
16 2.2 0.4 0.9992832459973764 0.00039271429580533076
16 2.3 0.4 0.9984241753909829 0.0008612964537400571
16 2.4 0.4 0.9972616650721989 0.0014926669302034931
16 2.5 0.4 0.9958165176497811 0.0022737711643940712
16 2.6 0.4 0.9941082028132615 0.003192253985964287
16 2.7 0.4 0.9921550140181192 0.004236413735524289
16 2.8 0.4 0.9899741965101527 0.005395166101067252
16 2.9 0.4 0.9875820520173936 0.0066580150597908856
16 3.0 0.4 0.984994024519243 0.008015028863894071
14 0.0 0.4 0.0024237920695039023 0.003631285186946919
14 0.0001 0.4 0.8945893985501725 0.06308444974696505
14 0.001 0.4 0.8947182208716908 0.06301266224348838
14 0.01 0.4 0.8959998657865087 0.062297633709235425
14 0.1 0.4 0.9081739398006137 0.05543231167855528
14 0.2 0.4 0.9203981392460859 0.04840811747806118
14 0.3 0.4 0.9313556844616501 0.042004560164242324
14 0.4 0.4 0.9411527429793302 0.0361969106790487
14 0.5 0.4 0.9498903233575734 0.030954779592699322
14 0.6 0.4 0.9576622731191534 0.02624498359513368
14 0.7 0.4 0.9645542848671635 0.022033595353675578
14 0.8 0.4 0.9706436283619423 0.018287318776604656
14 0.9 0.4 0.9759993722776498 0.014974339399598557
14 1.0 0.4 0.9806829104409078 0.012064787045694761
14 1.1 0.4 0.9847486550155264 0.009530926089194649
14 1.2 0.4 0.9882447994384064 0.007347164601076356
14 1.3 0.4 0.9912140858994967 0.00548995124792432
14 1.4 0.4 0.9936945362998503 0.0039376097860341
14 1.5 0.4 0.9957201230986966 0.0026701457694067784
14 1.6 0.4 0.997321368628422 0.0016690484310824566
14 1.7 0.4 0.9985258695843738 0.0009171020741690385
14 1.8 0.4 0.999358748560571 0.00039821513015699753
14 1.9 0.4 0.9998430375585664 9.727075791832545e-5
14 2.0 0.4 1.0 0.0
14 2.1 0.4 0.9998493984068852 9.28767055280191e-5
14 2.2 0.4 0.999409714926529 0.00036303237462437764
14 2.3 0.4 0.998698331515385 0.0007981885495599082
14 2.4 0.4 0.9977316760264846 0.0013866042004912246
14 2.5 0.4 0.9965253397812828 0.0021170356006768956
14 2.6 0.4 0.9950941715211655 0.0029787063649032524
14 2.7 0.4 0.9934523519712797 0.0039612855705428145
14 2.8 0.4 0.9916134526350896 0.005054872149774515
14 2.9 0.4 0.989590481884205 0.006249984006774963
14 3.0 0.4 0.987395920918876 0.00753755055995501
12 0.0 0.4 0.0076273115863778095 0.010489697686544102
12 0.0001 0.4 0.9304608343101133 0.048631562563483006
12 0.001 0.4 0.9305404665051361 0.04857942744103074
12 0.01 0.4 0.9313329889831151 0.04805997389123834
12 0.1 0.4 0.9388891065608109 0.04305428339410015
12 0.2 0.4 0.9465417834470803 0.03788977865032673
12 0.3 0.4 0.9534754131634691 0.03313278238390662
12 0.4 0.4 0.9597490488011615 0.028769589883247924
12 0.5 0.4 0.9654155700187351 0.024784872618562853
12 0.6 0.4 0.9705220454909438 0.021162449173914223
12 0.7 0.4 0.9751102088500031 0.017885844765473682
12 0.8 0.4 0.979216991414024 0.014938679723322327
12 0.9 0.4 0.982875070650125 0.012304924937340282
12 1.0 0.4 0.9861134060660115 0.009969057354316494
12 1.1 0.4 0.9889577441858904 0.007916142838528423
12 1.2 0.4 0.991431081774229 0.006131868063872929
12 1.3 0.4 0.9935540819324645 0.004602538100131949
12 1.4 0.4 0.9953454415210395 0.0033150521826065538
12 1.5 0.4 0.9968222109254363 0.002256866820804817
12 1.6 0.4 0.9980000688082769 0.001415952819281869
12 1.7 0.4 0.9988935554276445 0.0007807508248881472
12 1.8 0.4 0.9995162685579474 0.0003401285482531822
12 1.9 0.4 0.9998810261773644 8.334171617553103e-5
12 2.0 0.4 1.0 0.0
12 2.1 0.4 0.9998848237132315 8.003855974015606e-5
12 2.2 0.4 0.9995466794895027 0.0003136953912571544
12 2.3 0.4 0.9989963660159402 0.0006914943268587282
12 2.4 0.4 0.9982443509505864 0.0012042332927048281
12 2.5 0.4 0.9973008103869755 0.001842977252105111
12 2.6 0.4 0.9961756575983518 0.002599055150033824
12 2.7 0.4 0.994878563044579 0.003464060111840594
12 2.8 0.4 0.993418967360498 0.004429852130482326
12 2.9 0.4 0.991806088804828 0.005488562494472693
12 3.0 0.4 0.9900489264330503 0.006632599256049509
10 0.0 0.4 0.022261180109651377 0.03008346372533145
10 0.0001 0.4 0.9589547166965244 0.033471510177623474
10 0.001 0.4 0.9589977237542393 0.033438361392189676
10 0.01 0.4 0.9594260486088685 0.033107904948732884
10 0.1 0.4 0.9635393907275287 0.029905891348004844
10 0.2 0.4 0.9677658519248094 0.026564172036007676
10 0.3 0.4 0.9716555131705997 0.023445729599706026
10 0.4 0.4 0.9752308583471899 0.020546100420862128
10 0.5 0.4 0.9785111883353617 0.017860729795803467
10 0.6 0.4 0.9815130973765048 0.015385008683329926
10 0.7 0.4 0.9842508991222811 0.013114288730343022
10 0.8 0.4 0.9867370039250969 0.011043881818254471
10 0.9 0.4 0.9889822499834702 0.009169049440749455
10 1.0 0.4 0.9909961915633002 0.007484986273178152
10 1.1 0.4 0.9927873478093528 0.00598680138997048
10 1.2 0.4 0.994363415743137 0.004669499768853764
10 1.3 0.4 0.9957314509870079 0.0035279660098656482
10 1.4 0.4 0.9968980196114531 0.0025569515992887276
10 1.5 0.4 0.9978693243089537 0.0017510665593576014
10 1.6 0.4 0.9986513078780107 0.0011047759329117868
10 1.7 0.4 0.9992497367715155 0.0006124012436341425
10 1.8 0.4 0.9996702672349663 0.0002681268319928934
10 1.9 0.4 0.9999184963389227 6.601078068401782e-5
10 2.0 0.4 1.0 0.0
10 2.1 0.4 0.9999203598874815 6.394893503685121e-5
10 2.2 0.4 0.9996851809284018 0.00025164127780836923
10 2.3 0.4 0.9993001009525047 0.000556814015336604
10 2.4 0.4 0.998770793858701 0.0009731831182037551
10 2.5 0.4 0.9981029675355094 0.0014944701720128436
10 2.6 0.4 0.9973023576286938 0.0021144292755518566
10 2.7 0.4 0.9963747181188706 0.0028268735722836447
10 2.8 0.4 0.9953258095499717 0.003625700843191258
10 2.9 0.4 0.9941613856356366 0.004504917665169794
10 3.0 0.4 0.9928871788650424 0.005458661725561234
8 0.0 0.4 0.06895308050390693 0.08724274305982212
8 0.0001 0.4 0.9772758363536543 0.021594992954871297
8 0.001 0.4 0.9772969077011711 0.021575399186544657
8 0.01 0.4 0.9775070125791345 0.021379943206907254
8 0.1 0.4 0.9795480528612223 0.019473527422468512
8 0.2 0.4 0.9816911216939354 0.017457939879109863
8 0.3 0.4 0.9837069659298305 0.015550589824672473
8 0.4 0.4 0.9855988652185245 0.01375188244790878
8 0.5 0.4 0.987369300008489 0.012062376837548877
8 0.6 0.4 0.9890201126604793 0.010482718042862818
8 0.7 0.4 0.9905526471682501 0.009013571758295287
8 0.8 0.4 0.9919678704602559 0.007655562690410215
8 0.9 0.4 0.9932664776907255 0.006409217555901103
8 1.0 0.4 0.9944489834716955 0.005274913532449922
8 1.1 0.4 0.9955158006329763 0.0042528328420400816
8 1.2 0.4 0.9964673078104406 0.003342923991741249
8 1.3 0.4 0.9973039069418409 0.0025448700334041283
8 1.4 0.4 0.9980260715823571 0.0018580640351180296
8 1.5 0.4 0.9986343868294706 0.001281591788365058
8 1.6 0.4 0.9991295815595008 0.0008142216106757326
8 1.7 0.4 0.9995125536183648 0.00045440094965228795
8 1.8 0.4 0.9997843885698894 0.00020025935571986193
8 1.9 0.4 0.9999463725800949 4.9617272601421053e-5
8 2.0 0.4 1.0 0.0
8 2.1 0.4 0.9999469761987808 4.865611473909364e-5
8 2.2 0.4 0.9997892161894468 0.00019257959557988206
8 2.3 0.4 0.9995288395787962 0.00042853488250012365
8 2.4 0.4 0.9991681623599602 0.0007530841114109632
8 2.5 0.4 0.9987096860486268 0.0011626157969793036
8 2.6 0.4 0.9981560846424754 0.0016533742855465786
8 2.7 0.4 0.9975101898576109 0.0022214893627866303
8 2.8 0.4 0.9967749750661328 0.0028630054724079358
8 2.9 0.4 0.9959535383261859 0.0035739100788088093
8 3.0 0.4 0.9950490848606933 0.004350160784549793
6 0.0 0.4 0.2186943740186154 0.22297258971665543
6 0.0001 0.4 0.9901422885306698 0.010512731240537285
6 0.001 0.4 0.9901505419051853 0.010504229246904652
6 0.01 0.4 0.9902329295431612 0.010419332303963035
6 0.1 0.4 0.9910419421275053 0.009582987635349979
6 0.2 0.4 0.9919080811511779 0.00868205130199591
6 0.3 0.4 0.9927381138479513 0.007813171297916567
6 0.4 0.4 0.9935303992546781 0.0069787124009282634
6 0.5 0.4 0.9942833382634503 0.00618106911638497
6 0.6 0.4 0.9949953823586463 0.005422633784187797
6 0.7 0.4 0.9956650427081519 0.004705764150480038
6 0.8 0.4 0.9962908994725583 0.004032751035719976
6 0.9 0.4 0.9968716111773265 0.0034057867702026005
6 1.0 0.4 0.9974059239797048 0.0028269350736737173
6 1.1 0.4 0.9978926806548806 0.0022981030273380955
6 1.2 0.4 0.9983308291249916 0.0018210157268568128
6 1.3 0.4 0.998719430360256 0.0013971941187796836
6 1.4 0.4 0.9990576654930249 0.0010279364169682923
6 1.5 0.4 0.9993448420027824 0.0007143033776290264
6 1.6 0.4 0.9995803988516069 0.0004571075894088775
6 1.7 0.4 0.9997639104748242 0.0002569068157757249
6 1.8 0.4 0.9998950895588375 0.00011400131651671546
6 1.9 0.4 0.9999737885666652 2.8434977951220417e-5
6 2.0 0.4 1.0 0.0
6 2.1 0.4 0.9999738554139536 2.8244823677221433e-5
6 2.2 0.4 0.9998956232259844 0.00011248493473272678
6 2.3 0.4 0.9997657053831065 0.00025181614706132555
6 2.4 0.4 0.9995846329710685 0.0004451299515902323
6 2.5 0.4 0.999353060865025 0.0006911305109143153
6 2.6 0.4 0.999071761533541 0.0009883528852257762
6 2.7 0.4 0.9987416181162349 0.0013351820894346223
6 2.8 0.4 0.998363616900266 0.0017298726032909382
6 2.9 0.4 0.997938839322325 0.00217056798442582
6 3.0 0.4 0.9974684536211539 0.002655320267227796
16 0.0 0.5 0.0006946184451626757 0.000997974631907706
16 0.0001 0.5 0.8319226583403373 0.08506383955185115
16 0.001 0.5 0.8321408122067737 0.08495697374246271
16 0.01 0.5 0.8343109658324621 0.08389356617925474
16 0.1 0.5 0.8548863459869501 0.07378204193057013
16 0.2 0.5 0.8754204979204419 0.0636367020700972
16 0.3 0.5 0.8936541011995288 0.05457805454302339
16 0.4 0.5 0.9097692729228601 0.04652630148450198
16 0.5 0.5 0.9239571979667233 0.03939530902373386
16 0.6 0.5 0.9364052570089474 0.03309984823735103
16 0.7 0.5 0.9472894520899726 0.02755972799641071
16 0.8 0.5 0.9567705792859104 0.02270184639319338
16 0.9 0.5 0.964992887785473 0.018460884563696458
16 1.0 0.5 0.972084281992906 0.014779162208254353
16 1.1 0.5 0.9781574007570256 0.011606023124110368
16 1.2 0.5 0.9833111265462554 0.008897002134012427
16 1.3 0.5 0.9876322390910158 0.006612935364634377
16 1.4 0.5 0.9911970419889237 0.004719110250500619
16 1.5 0.5 0.9940728678652909 0.0031845059927011476
16 1.6 0.5 0.9963194177630553 0.0019811452027283217
16 1.7 0.5 0.9979899215134294 0.0010835590235563264
16 1.8 0.5 0.9991321240037155 0.0004683576567177747
16 1.9 0.5 0.9997891119392389 0.0001138931994451612
16 2.0 0.5 1.0 0.0
16 2.1 0.5 0.9998004963365119 0.00010779797964188845
16 2.2 0.5 0.9992233665353252 0.00041954563389614554
16 2.3 0.5 0.9982988134140773 0.0009185311484832755
16 2.4 0.5 0.9970547878377537 0.001588991915160981
16 2.5 0.5 0.995517243514715 0.0024160545266944324
16 2.6 0.5 0.9937103466174735 0.0033856889733239466
16 2.7 0.5 0.9916566491717063 0.004484672211034118
16 2.8 0.5 0.9893772335026847 0.005700557508479013
16 2.9 0.5 0.9868918336236514 0.007021647005041852
16 3.0 0.5 0.9842189382800258 0.008436965737882473
14 0.0 0.5 0.0023607071933325137 0.00322478407796526
14 0.0001 0.5 0.8788046234371374 0.07203524746878662
14 0.001 0.5 0.8789540189096373 0.07194907755340844
14 0.01 0.5 0.8804404586837156 0.071091343793499
14 0.1 0.5 0.8945678500561772 0.06290647988008259
14 0.2 0.5 0.9087598118827375 0.05462610195630247
14 0.3 0.5 0.921476496155131 0.04715789033458931
14 0.4 0.5 0.9328341191976915 0.040448727032454605
14 0.5 0.5 0.9429466685143304 0.034443311808542786
14 0.6 0.5 0.9519222308405757 0.029087359616380898
14 0.7 0.5 0.9598609624325496 0.02432942266137432
14 0.8 0.5 0.9668542217391176 0.020121788352196864
14 0.9 0.5 0.9729844767075766 0.016420785306737403
14 1.0 0.5 0.9783256937000864 0.013186729677868367
14 1.1 0.5 0.9829439975458236 0.010383668807616606
14 1.2 0.5 0.9868984581644882 0.007979025384341509
14 1.3 0.5 0.9902419089604297 0.005943207814562729
14 1.4 0.5 0.9930217382400734 0.004249226906589075
14 1.5 0.5 0.9952806201316136 0.0028723417174710345
14 1.6 0.5 0.9970571685526641 0.0017897460070827494
14 1.7 0.5 0.9983865088945848 0.0009802993721786373
14 1.8 0.5 0.9993007690061825 0.0004243025304720922
14 1.9 0.5 0.9998294950675993 0.00010331350413598623
14 2.0 0.5 1.0 0.0
14 2.1 0.5 0.9998376528373217 9.802267770740199e-5
14 2.2 0.5 0.9993661174686582 0.0003819439463848204
14 2.3 0.5 0.9986075486695247 0.0008371572329495447
14 2.4 0.5 0.9975827525971225 0.0014498321783541696
14 2.5 0.5 0.9963113180727423 0.0022068718393815578
14 2.6 0.5 0.9948117241054208 0.0030958786291603734
14 2.7 0.5 0.9931014282808159 0.004105126367046295
14 2.8 0.5 0.9911969398789574 0.005223536392975115
14 2.9 0.5 0.9891138809092098 0.0064406562121048306
14 3.0 0.5 0.986867037664416 0.007746639563362713
12 0.0 0.5 0.007957239162673161 0.010853955551512699
12 0.0001 0.5 0.9136633297801208 0.05818873861552721
12 0.001 0.5 0.9137640008821871 0.05812197577202538
12 0.01 0.5 0.9147659817162833 0.05745722109146615
12 0.1 0.5 0.9243236982379986 0.05109326505765027
12 0.2 0.5 0.9340040607080012 0.04460900482112471
12 0.3 0.5 0.9427646435533611 0.03871198798699791
12 0.4 0.5 0.950673393546875 0.033368679534188865
12 0.5 0.5 0.9577938326110184 0.02854518220954634
12 0.6 0.5 0.9641846146771015 0.024208370925059407
12 0.7 0.5 0.9698994447439742 0.020326559678563196
12 0.8 0.5 0.9749872392050555 0.016869843463853194
12 0.9 0.5 0.9794924343887018 0.013810223275777316
12 1.0 0.5 0.9834553748713557 0.011121593455548895
12 1.1 0.5 0.9869127333495097 0.008779647711689693
12 1.2 0.5 0.9898979296672618 0.006761742657386157
12 1.3 0.5 0.9924415284828858 0.005046744732208716
12 1.4 0.5 0.9945716036981183 0.0036148769904601843
12 1.5 0.5 0.9963140638518229 0.0024475756047009564
12 1.6 0.5 0.9976929368051591 0.0015273613599597247
12 1.7 0.5 0.9987306147237974 0.0008377283527120362
12 1.8 0.5 0.9994480619959204 0.0003630501332758108
12 1.9 0.5 0.9998649896214868 8.85023172007775e-5
12 2.0 0.5 1.0 0.0
12 2.1 0.5 0.9998707061005894 8.414796656934077e-5
12 2.2 0.5 0.999493828841892 0.00032820157124704784
12 2.3 0.5 0.9988852762257254 0.0007200361961471151
12 2.4 0.5 0.998060207417282 0.0012481233221329283
12 2.5 0.5 0.9970330845859235 0.001901511435008246
12 2.6 0.5 0.9958177149408427 0.002669810216348768
12 2.7 0.5 0.9944272850322756 0.003543176716545882
12 2.8 0.5 0.9928743890520388 0.004512302462410417
12 2.9 0.5 0.9911710525626828 0.005568400700176758
12 3.0 0.5 0.9893287528155811 0.006703193205915568
10 0.0 0.5 0.02333064040498288 0.03296192846759845
10 0.0001 0.5 0.9450229342509691 0.04567700146393036
10 0.001 0.5 0.9450818339427512 0.04562773281594725
10 0.01 0.5 0.9456684800507192 0.04513689195151598
10 0.1 0.5 0.9513046332027846 0.040411268582619314
10 0.2 0.5 0.9570952796727531 0.03554221273587378
10 0.3 0.5 0.9624170637864916 0.031061351168662186
10 0.4 0.5 0.9672961263846925 0.026953761728816816
10 0.5 0.5 0.9717562567270883 0.023204032713617796
10 0.6 0.5 0.9758191482018298 0.019796598306400223
10 0.7 0.5 0.9795046520058386 0.01671596987317641
10 0.8 0.5 0.9828310194683315 0.013946890410424689
10 0.9 0.5 0.9858151268122325 0.011474433347165126
10 1.0 0.5 0.9884726786636219 0.009284061772537414
10 1.1 0.5 0.9908183885507985 0.007361660060565638
10 1.2 0.5 0.9928661360535971 0.005693546702489339
10 1.3 0.5 0.9946291012594708 0.004266474776482531
10 1.4 0.5 0.996119877844086 0.0030676247192690386
10 1.5 0.5 0.9973505664997655 0.0020845927654422588
10 1.6 0.5 0.9983328506517665 0.0013053774653281234
10 1.7 0.5 0.9990780564833568 0.0007183659843835094
10 1.8 0.5 0.9995971992777427 0.0003123213537517371
10 1.9 0.5 0.9999010180091402 7.637143035356672e-5
10 2.0 0.5 1.0 0.0
10 2.1 0.5 0.9999043973225152 7.304019574341153e-5
10 2.2 0.5 0.999624236471834 0.00028567019284990333
10 2.3 0.5 0.9991693226829772 0.0006284109747360954
10 2.4 0.5 0.9985492401088018 0.0010921258380421075
10 2.5 0.5 0.9977733489254749 0.00166802121836784
10 2.6 0.5 0.9968507802871999 0.002347648369601619
10 2.7 0.5 0.9957904299148292 0.0031229054166840415
10 2.8 0.5 0.9946009509748448 0.003986039320006984
10 2.9 0.5 0.9932907467867556 0.004929647333953809
10 3.0 0.5 0.9918679637889756 0.005946677605806393
8 0.0 0.5 0.07193513196377693 0.09572117053991099
8 0.0001 0.5 0.9692343343161315 0.031072883024723955
8 0.001 0.5 0.9692638614717233 0.031042136264127353
8 0.01 0.5 0.9695582642698816 0.030735557672117705
8 0.1 0.5 0.9724161245801982 0.02775886361929264
8 0.2 0.5 0.975410499794937 0.024641997383134315
8 0.3 0.5 0.9782179434082484 0.02172611117347961
8 0.4 0.5 0.9808416196147651 0.019010861126610393
8 0.5 0.5 0.9832842776477323 0.016495131943075413
8 0.6 0.5 0.985548407295169 0.014177038963478104
8 0.7 0.5 0.9876363669259395 0.012053949449019151
8 0.8 0.5 0.9895504869112618 0.01012252123202379
8 0.9 0.5 0.9912931511994232 0.008378756156861658
8 1.0 0.5 0.9928668596895912 0.006818065214823738
8 1.1 0.5 0.9942742739344901 0.005435341998433782
8 1.2 0.5 0.9955182485681481 0.004225041054725512
8 1.3 0.5 0.9966018506981205 0.003181257880482842
8 1.4 0.5 0.9975283693210932 0.002297807639403355
8 1.5 0.5 0.9983013166210192 0.0015683001464398528
8 1.6 0.5 0.9989244227968845 0.0009862092085745104
8 1.7 0.5 0.9994016258514791 0.0005449349847246834
8 1.8 0.5 0.9997370575613886 0.00023785858582614164
8 1.9 0.5 0.999935026649485 5.838864292587249e-5
8 2.0 0.5 1.0 0.0
8 2.1 0.5 0.9999365825966978 5.626502369156558e-5
8 2.2 0.5 0.9997494967283188 0.00022087825904011941
8 2.3 0.5 0.9994435608924145 0.0004876753021636991
8 2.4 0.5 0.9990236687373182 0.0008506468181407643
8 2.5 0.5 0.9984947683098926 0.0013039486198199847
8 2.6 0.5 0.9978618418208525 0.0018419086579435514
8 2.7 0.5 0.9971298860966458 0.0024590316719962464
8 2.8 0.5 0.9963038938540187 0.0031500021304608715
8 2.9 0.5 0.995388835907743 0.003909685962183853
8 3.0 0.5 0.9943896444013037 0.004733131457930643
6 0.0 0.5 0.20721997145617654 0.2188255811928303
6 0.0001 0.5 0.9872650412981318 0.014746390277954826
6 0.001 0.5 0.9872760259325246 0.014733736119781394
6 0.01 0.5 0.9873856598358496 0.014607418203949537
6 0.1 0.5 0.988460431673218 0.01336711018707237
6 0.2 0.5 0.9896072773174217 0.012039899603026056
6 0.3 0.5 0.9907022575709237 0.010769520823705227
6 0.4 0.5 0.9917433565696608 0.00955923365416304
6 0.5 0.5 0.992728661667833 0.008412145938041255
6 0.6 0.5 0.9936563818832598 0.0073311614425579505
6 0.7 0.5 0.9945248652760598 0.006318932600443488
6 0.8 0.5 0.9953326149305627 0.0053778191890851024
6 0.9 0.5 0.9960783032338524 0.004509853812572373
6 1.0 0.5 0.9967607841829712 0.003716714795910721
6 1.1 0.5 0.9973791035036039 0.002999706822396666
6 1.2 0.5 0.9979325064224008 0.0023597493651856
6 1.3 0.5 0.9984204429995165 0.0017973727006782027
6 1.4 0.5 0.9988425709934025 0.001312721059250125
6 1.5 0.5 0.9991987562931368 0.0009055622783727095
6 1.6 0.5 0.9994890710117659 0.0005753031799818661
6 1.7 0.5 0.9997137893847334 0.0003210097994053891
6 1.8 0.5 0.9998733816593002 0.00014143154507634495
6 1.9 0.5 0.999968506192848 3.502836188670917e-5
6 2.0 0.5 1.0 0.0
6 2.1 0.5 0.9999688680009919 3.431654810964703e-5
6 2.2 0.5 0.9998762712273382 0.00013574946824964986
6 2.3 0.5 0.9997235142368519 0.00030190246144208246
6 2.4 0.5 0.9995120319795272 0.0005302415934522936
6 2.5 0.5 0.9992433763402294 0.0008181242122992282
6 2.6 0.5 0.998919202564776 0.0011628262894303975
6 2.7 0.5 0.9985412557541146 0.0015615679110647853
6 2.8 0.5 0.99811135758814 0.002011536732516715
6 2.9 0.5 0.9976313934169911 0.0025099092846217817
6 3.0 0.5 0.9971032998345043 0.0030538700867780277
16 0.0 0.6 0.0006413956495179392 0.0009492593741384744
16 0.0001 0.6 0.8184129123351406 0.0878778799416724
16 0.001 0.6 0.8186537159787158 0.08776756611322327
16 0.01 0.6 0.8210486126028528 0.08666979290395288
16 0.1 0.6 0.8437024265076501 0.07622433930300557
16 0.2 0.6 0.8662143302846519 0.06572528604119075
16 0.3 0.6 0.8861207894398179 0.056331648958128394
16 0.4 0.6 0.9036465580929346 0.04796774461200938
16 0.5 0.6 0.9190205051345263 0.0405521171051354
16 0.6 0.6 0.9324623962700055 0.03400331342295467
16 0.7 0.6 0.9441757130257191 0.028243472475579373
16 0.8 0.6 0.9543445114416499 0.023200271610682388
16 0.9 0.6 0.9631328194023343 0.018807731648423105
16 1.0 0.6 0.9706855114772134 0.01500629239482473
16 1.1 0.6 0.9771299492754185 0.011742465356359269
16 1.2 0.6 0.9825779330584655 0.008968276142745082
16 1.3 0.6 0.987127690845495 0.006640634674167914
16 1.4 0.6 0.9908657523557202 0.00472071628150265
16 1.5 0.6 0.9938686332155092 0.003173397989371101
16 1.6 0.6 0.9962043030257591 0.00196676840103799
16 1.7 0.6 0.9979334389356248 0.0010717136444353122
16 1.8 0.6 0.9991104813151669 0.00046157310529255355
16 1.9 0.6 0.9997845148309908 0.00011185486330384688
16 2.0 0.6 1.0 0.0
16 2.1 0.6 0.999797379296614 0.00010518586890537397
16 2.2 0.6 0.9992135795042844 0.00040816005352281923
16 2.3 0.6 0.998282429082512 0.0008910984979612925
16 2.4 0.6 0.9970350063587915 0.0015374828673376893
16 2.5 0.6 0.9954999316117561 0.0023319934574581413
16 2.6 0.6 0.9937036137043537 0.0032604149151147185
16 2.7 0.6 0.991670459885063 0.004309552697093161
16 2.8 0.6 0.9894230556856235 0.0054671586518546395
16 2.9 0.6 0.9869823204673317 0.006721864415608246
16 3.0 0.6 0.9843676430585513 0.008063121525102083
14 0.0 0.6 0.002140248641528909 0.0031007204021716115
14 0.0001 0.6 0.8625520403044532 0.0767423539986869
14 0.001 0.6 0.8627268206067843 0.07664673986382532
14 0.01 0.6 0.8644654228383386 0.07569540763800979
14 0.1 0.6 0.8809498008830032 0.06665575036239495
14 0.2 0.6 0.8974285294610518 0.057584571447545
14 0.3 0.6 0.9121143795909562 0.049470719174370896
14 0.4 0.6 0.9251577314640648 0.04223896973053899
14 0.5 0.6 0.9367055486750607 0.03581390179528311
14 0.6 0.6 0.9468964776838316 0.0301235953854101
14 0.7 0.6 0.9558583220583243 0.025101515605290663
14 0.8 0.6 0.9637071136628707 0.020687227675292363
14 0.9 0.6 0.9705471897697523 0.01682641431222005
14 1.0 0.6 0.9764718543581432 0.013470512091193503
14 1.1 0.6 0.9815643376547548 0.010576167207383438
14 1.2 0.6 0.9858988691646567 0.008104631055748768
14 1.3 0.6 0.9895417511029448 0.006021163998741762
14 1.4 0.6 0.9925523678885364 0.0042944831718800735
14 1.5 0.6 0.9949840993395711 0.0028962705471008753
14 1.6 0.6 0.9968851253918587 0.001800746049539325
14 1.7 0.6 0.9982991223043096 0.000984304182785295
14 1.8 0.6 0.9992658571308912 0.0004252093487012035
14 1.9 0.6 0.9998216906255637 0.0001033435842796797
14 2.0 0.6 1.0 0.0
14 2.1 0.6 0.9998315329381198 9.771532326576296e-5
14 2.2 0.6 0.9993447035493198 0.0003801353540911377
14 2.3 0.6 0.9985658398719559 0.0008319076757256844
14 2.4 0.6 0.9975193913394604 0.001438596549172355
14 2.5 0.6 0.9962281034238305 0.0021866155165116566
14 2.6 0.6 0.9947131655460321 0.003063173823408936
14 2.7 0.6 0.9929943373262823 0.004056233335519269
14 2.8 0.6 0.9910900573521629 0.0051544731596321865
14 2.9 0.6 0.9890175378700523 0.006347259682079977
14 3.0 0.6 0.9867928481490191 0.007624620198138717
12 0.0 0.6 0.007864020691395374 0.011500845043205568
12 0.0001 0.6 0.8996793895686808 0.06362324357827118
12 0.001 0.6 0.8998011832545187 0.06354649476383631
12 0.01 0.6 0.9010130234518764 0.0627827920601448
12 0.1 0.6 0.9125364665950125 0.05551557470680424
12 0.2 0.6 0.9241343413989266 0.04819176557171094
12 0.3 0.6 0.9345578777336442 0.04160060294566737
12 0.4 0.6 0.9439014646712729 0.03568441243668489
12 0.5 0.6 0.9522535700774472 0.030389058886212097
12 0.6 0.6 0.9596958548318764 0.02566458375795835
12 0.7 0.6 0.9663029573858825 0.02146534406825585
12 0.8 0.6 0.9721426938509213 0.017749865919497367
12 0.9 0.6 0.9772764961018526 0.014480545322682583
12 1.0 0.6 0.9817599683969906 0.011623277939762746
12 1.1 0.6 0.9856434847718035 0.00914706778831416
12 1.2 0.6 0.9889727786781715 0.0070236453992370915
12 1.3 0.6 0.991789496353026 0.0052271135326156905
12 1.4 0.6 0.9941316988476055 0.0037336304215556267
12 1.5 0.6 0.9960343064924211 0.0025211349867672508
12 1.6 0.6 0.9975294852233059 0.0015691146495864297
12 1.7 0.6 0.9986469776465176 0.0008584137698751806
12 1.8 0.6 0.9994143836743485 0.0003710790454205766
12 1.9 0.6 0.999857396505658 9.023722062402946e-5
12 2.0 0.6 1.0 0.0
12 2.1 0.6 0.9998646333388251 8.53910115385952e-5
12 2.2 0.6 0.9994723284498127 0.00033228990610753264
12 2.3 0.6 0.9988428251071882 0.000727389123208863
12 2.4 0.6 0.9979946679923238 0.0012581594296039416
12 2.5 0.6 0.9969452893601982 0.0019128209876631947
12 2.6 0.6 0.9957110803444599 0.0026803173860213566
12 2.7 0.6 0.9943074533709905 0.0035502907246211367
12 2.8 0.6 0.9927488976495752 0.004513056454913463
12 2.9 0.6 0.9910490292824213 0.00555957720738949
12 3.0 0.6 0.989220637167018 0.006681435275524158
10 0.0 0.6 0.02345767480490958 0.031655290732102555
10 0.0001 0.6 0.9389492816349863 0.049937601889343444
10 0.001 0.6 0.9390165555595295 0.04988134075383821
10 0.01 0.6 0.9396865162649883 0.04932105862562471
10 0.1 0.6 0.9461135304747446 0.043947882432452304
10 0.2 0.6 0.9526951680328405 0.038452920523572215
10 0.3 0.6 0.958719959405878 0.03343517987678346
10 0.4 0.6 0.9642192037344628 0.028870340149278927
10 0.5 0.6 0.9692222406564862 0.024734143981932948
10 0.6 0.6 0.9737565130433041 0.021002794587984555
10 0.7 0.6 0.9778476795260292 0.017653208311638385
10 0.8 0.6 0.9815197548327779 0.014663162868837364
10 0.9 0.6 0.9847952616777363 0.012011372917802866
10 1.0 0.6 0.9876953827202378 0.009677516828235345
10 1.1 0.6 0.9902401049410066 0.007642232148426662
10 1.2 0.6 0.9924483517433992 0.005887092225299475
10 1.3 0.6 0.9943381003004922 0.0043945725438960075
10 1.4 0.6 0.9959264832645363 0.0031480124316937623
10 1.5 0.6 0.9972298750581642 0.0021315756422360947
10 1.6 0.6 0.9982639636867101 0.0013302118341657924
10 1.7 0.6 0.9990438094413399 0.0007296199577526671
10 1.8 0.6 0.999583892080152 0.00031621393064439464
10 1.9 0.6 0.9998981481406223 7.709062376872504e-5
10 2.0 0.6 1.0 0.0
10 2.1 0.6 0.9999023781978383 7.331718307898476e-5
10 2.2 0.6 0.9996177383940362 0.00028601623088840664
10 2.3 0.6 0.9991580741768618 0.0006276454106607046
10 2.4 0.6 0.9985349267717663 0.0010883038032090543
10 2.5 0.6 0.9977593925426937 0.0016586190887042183
10 2.6 0.6 0.9968421290283802 0.002329726384874687
10 2.7 0.6 0.9957933601200102 0.0030932480207823184
10 2.8 0.6 0.994622880864681 0.003941274138077223
10 2.9 0.6 0.9933400622721517 0.00486634401939927
10 3.0 0.6 0.9919538564093036 0.005861428052146099
8 0.0 0.6 0.07228259357968636 0.09262953435455794
8 0.0001 0.6 0.9639379142429206 0.035724381810511074
8 0.001 0.6 0.9639739725695183 0.03568702015671415
8 0.01 0.6 0.9643334046756558 0.03531467276009222
8 0.1 0.6 0.9678135247568976 0.031717521915928706
8 0.2 0.6 0.9714405571327268 0.027987159695008194
8 0.3 0.6 0.9748207388663078 0.024532026006385793
8 0.4 0.6 0.9779595896240472 0.02134572413114841
8 0.5 0.6 0.980862520899091 0.01842106349741575
8 0.6 0.6 0.9835349193632811 0.0157502198560659
8 0.7 0.6 0.9859822101845169 0.013324873118616347
8 0.8 0.6 0.9882099035747128 0.011136324101839939
8 0.9 0.6 0.9902236272095154 0.009175592996916369
8 1.0 0.6 0.9920291466943962 0.007433502943284123
8 1.1 0.6 0.993632375921003 0.005900751935524019
8 1.2 0.6 0.9950393789277686 0.004567975735517336
8 1.3 0.6 0.9962563647149022 0.0034258037575973627
8 1.4 0.6 0.9972896763359734 0.0024649092173396644
8 1.5 0.6 0.9981457754756543 0.0016760542831621681
8 1.6 0.6 0.9988312236131396 0.001050130580658603
8 1.7 0.6 0.9993526607577159 0.0005781951679636265
8 1.8 0.6 0.9997167826263625 0.0002515019989078063
8 1.9 0.6 0.9999303170151523 6.152888286506207e-5
8 2.0 0.6 1.0 0.0
8 2.1 0.6 0.9999325524913593 5.8904107667258915e-5
8 2.2 0.6 0.9997346575646047 0.00023050865530594689
8 2.3 0.6 0.9994129388949212 0.0005073700965120203
8 2.4 0.6 0.9989739405436332 0.0008823407400889627
8 2.5 0.6 0.998424108272129 0.0013485725140985508
8 2.6 0.6 0.9977697724995174 0.0018995180291976835
8 2.7 0.6 0.99701713297004 0.0025289293229331625
8 2.8 0.6 0.9961722451551198 0.0032308546491835333
8 2.9 0.6 0.9952410083815184 0.003999633650674024
8 3.0 0.6 0.9942291556504784 0.004829891221082812
6 0.0 0.6 0.19578868975589753 0.2118714818004968
6 0.0001 0.6 0.984266399841037 0.019552167148939672
6 0.001 0.6 0.9842806924983153 0.01953329173776461
6 0.01 0.6 0.9844232930614486 0.019345044127705786
6 0.1 0.6 0.9858163502704674 0.017513576911725448
6 0.2 0.6 0.9872925338184073 0.015588682023802918
6 0.3 0.6 0.9886913326297541 0.013781127549311522
6 0.4 0.6 0.990010989062121 0.012091787192760597
6 0.5 0.6 0.9912500277850395 0.010520904636828657
6 0.6 0.6 0.992407261636214 0.009068141344701564
6 0.7 0.6 0.9934817932679525 0.007732627626444511
6 0.8 0.6 0.9944730130650159 0.00651301592996082
6 0.9 0.6 0.9953805938237397 0.0054075352104428305
6 1.0 0.6 0.9962044826834643 0.004414045153561869
6 1.1 0.6 0.9969448907898766 0.0035300890438637036
6 1.2 0.6 0.9976022811453241 0.002752944193492027
6 1.3 0.6 0.9981773550645201 0.002079669055064706
6 1.4 0.6 0.9986710376089943 0.0015071463982257935
6 1.5 0.6 0.9990844623243459 0.0010321221930341049
6 1.6 0.6 0.999418955554743 0.000651240083729916
6 1.7 0.6 0.9996760205619282 0.0003610715338294853
6 1.8 0.6 0.9998573216340481 0.00015814186961248794
6 1.9 0.6 0.9999646683331466 3.895254466941911e-5
6 2.0 0.6 1.0 0.0
6 2.1 0.6 0.999965370610369 3.779151183298817e-5
6 2.2 0.6 0.9998629340572108 0.00014885841297163495
6 2.3 0.6 0.99969492991784 0.00032976705201865687
6 2.4 0.6 0.9994636697528527 0.0005771278253171061
6 2.5 0.6 0.9991715239738812 0.000887602583748322
6 2.6 0.6 0.9988209093093631 0.0012579106836397823
6 2.7 0.6 0.9984142768911146 0.0016848339194780071
6 2.8 0.6 0.9979541009789582 0.002165220546429114
6 2.9 0.6 0.9974428683361023 0.0026959885728350557
6 3.0 0.6 0.996883068263746 0.0032741284766453806
16 0.0 0.7 0.0006953280867358747 0.000950077613556803
16 0.0001 0.7 0.8205369976400692 0.09200576770156105
16 0.001 0.7 0.8207806031621911 0.091889041879691
16 0.01 0.7 0.8232025205932215 0.09072747542434567
16 0.1 0.7 0.8460374979199089 0.07967820012289117
16 0.2 0.7 0.8686007012545162 0.06858486986457242
16 0.3 0.7 0.88844991011438 0.0586788494204087
16 0.4 0.7 0.9058476253251272 0.04988062498614127
16 0.5 0.7 0.9210498907123595 0.04210159277256542
16 0.6 0.7 0.9342957150332504 0.03525152294813227
16 0.7 0.7 0.945802023397626 0.0292434081042696
16 0.8 0.7 0.9557621764055223 0.02399624672723672
16 0.9 0.7 0.9643466192470064 0.019436326605261126
16 1.0 0.7 0.97170467255923 0.015497507460088244
16 1.1 0.7 0.9779668241492995 0.012120897320646314
16 1.2 0.7 0.9832471305881153 0.009254208502755042
16 1.3 0.7 0.9876455078480986 0.0068509851670733694
16 1.4 0.7 0.991249800594076 0.004869821436906987
16 1.5 0.7 0.9941375880038142 0.0032736364890225554
16 1.6 0.7 0.9963777237946833 0.0020290376319344787
16 1.7 0.7 0.9980316294412602 0.0011057801716772982
16 1.8 0.7 0.9991543693227574 0.00047632009791976514
16 1.9 0.7 0.9997955393975657 0.00011544921974237057
16 2.0 0.7 1.0 0.0
16 2.1 0.7 0.9998084804071469 0.00010860731425691948
16 2.2 0.7 0.9992580790980086 0.00042151557267671396
16 2.3 0.7 0.9983826797974312 0.000920421374401501
16 2.4 0.7 0.9972132998258266 0.0015883436842346742
16 2.5 0.7 0.9957783841291374 0.002409515196812302
16 2.6 0.7 0.9941040556943019 0.003369289978490153
16 2.7 0.7 0.9922143308494863 0.004454063627108912
16 2.8 0.7 0.9901313061602836 0.00565120308615738
16 2.9 0.7 0.98787532220355 0.006948983935330035
16 3.0 0.7 0.985465108369073 0.008336533502183335
14 0.0 0.7 0.0023967799647886287 0.0033418627217070085
14 0.0001 0.7 0.8600587194532773 0.07839872877149724
14 0.001 0.7 0.8602429632432628 0.07830087173257531
14 0.01 0.7 0.8620748205173481 0.07732740984159539
14 0.1 0.7 0.8793645025893638 0.06809135293881088
14 0.2 0.7 0.8965082982093031 0.058838570198485936
14 0.3 0.7 0.9116720102085414 0.05056536407346743
14 0.4 0.7 0.9250508359897167 0.0431880228221176
14 0.5 0.7 0.9368263786563552 0.03662766509614857
14 0.6 0.7 0.9471637841983039 0.03081156072602417
14 0.7 0.7 0.9562110742073635 0.02567357302148627
14 0.8 0.7 0.9640997582288696 0.021154046686933513
14 0.9 0.7 0.9709461228889805 0.017199379036066647
14 1.0 0.7 0.9768528147065219 0.013761439862658256
14 1.1 0.7 0.9819104836675157 0.010796946571109352
14 1.2 0.7 0.9861993545844016 0.008266857530698902
14 1.3 0.7 0.9897906578848166 0.006135816846309396
14 1.4 0.7 0.9927478918515917 0.004371664810323328
14 1.5 0.7 0.995127912457656 0.0029450169918193566
14 1.6 0.7 0.9969818604255246 0.0018289086088810092
14 1.7 0.7 0.9983559418509959 0.0009984976543212754
14 1.8 0.7 0.99929208126302 0.00043081897261139704
14 1.9 0.7 0.9998284660622446 0.00010458133123416051
14 2.0 0.7 1.0 0.0
14 2.1 0.7 0.9998386814290408 9.865813897474686e-5
14 2.2 0.7 0.9993739199063226 0.00038339120833839137
14 2.3 0.7 0.998632802606769 0.0008381895361678014
14 2.4 0.7 0.9976403200503691 0.0014481150470883417
14 2.5 0.7 0.9964195589153734 0.0021992289331902097
14 2.6 0.7 0.9949918682260922 0.0030785277265081646
14 2.7 0.7 0.9933770039579215 0.004073885809649012
14 2.8 0.7 0.991593256074291 0.005174002883577169
14 2.9 0.7 0.9896575611742391 0.006368355306995422
14 3.0 0.7 0.9875856032575021 0.007647150538483358
12 0.0 0.7 0.007843304232776955 0.011076291729412309
12 0.0001 0.7 0.8960414955438871 0.06478879381747098
12 0.001 0.7 0.8961700231629642 0.06470965665685224
12 0.01 0.7 0.897448640535704 0.06392228021551412
12 0.1 0.7 0.9095864898164003 0.05643845654494347
12 0.2 0.7 0.9217642314827168 0.04891350683292302
12 0.3 0.7 0.9326741312759822 0.04215783826872522
12 0.4 0.7 0.9424234240475328 0.03610880743548893
12 0.5 0.7 0.9511115133882477 0.030707549077043726
12 0.6 0.7 0.9588294900766356 0.02589973803243218
12 0.7 0.7 0.9656602187518885 0.02163582099932105
12 0.8 0.7 0.9716787655939328 0.017870905132427135
12 0.9 0.7 0.9769530089873388 0.014564446632258312
12 1.0 0.7 0.9815443270214345 0.01167984114476352
12 1.1 0.7 0.9855082936060565 0.009183983428960922
12 1.2 0.7 0.9888953419757398 0.007046837692302207
12 1.3 0.7 0.9917513730097058 0.005241041602807196
12 1.4 0.7 0.9941182982617323 0.0037415547627566792
12 1.5 0.7 0.9960345155901609 0.002525354742429905
12 1.6 0.7 0.9975353201277782 0.0015711792256306394
12 1.7 0.7 0.9986532560235915 0.0008593103499486452
12 1.8 0.7 0.9994184156447942 0.0003713961857664373
12 1.9 0.7 0.999858693260671 9.030398408861013e-5
12 2.0 0.7 1.0 0.0
12 2.1 0.7 0.9998664463246836 8.545114545448635e-5
12 2.2 0.7 0.9994804975596481 0.0003325442970691288
12 2.3 0.7 0.9988631072683685 0.000728019688074634
12 2.4 0.7 0.9980338325307624 0.0012594153916508763
12 2.5 0.7 0.9970109345032552 0.001915020425095863
12 2.6 0.7 0.9958114670379783 0.0026838344587961733
12 2.7 0.7 0.9944513556158624 0.0035555325009196913
12 2.8 0.7 0.9929454684051515 0.004520433254794161
12 2.9 0.7 0.9913076808869107 0.0055694701202215
12 3.0 0.7 0.989550935184669 0.006694164041360478
10 0.0 0.7 0.023639688055016914 0.0309585780008288
10 0.0001 0.7 0.9309402573298927 0.0530542470608393
10 0.001 0.7 0.9310206826342532 0.05299167949914032
10 0.01 0.7 0.9318211906503754 0.05236899300373824
10 0.1 0.7 0.9394608544688656 0.04643340121775761
10 0.2 0.7 0.9472074793734361 0.04042817094870926
10 0.3 0.7 0.9542274079281245 0.03499871735620084
10 0.4 0.7 0.9605725895221728 0.030102059220413112
10 0.5 0.7 0.9662908098825805 0.025698834614536196
10 0.6 0.7 0.9714259398524998 0.02175302776750504
10 0.7 0.7 0.9760182549933909 0.01823166763662838
10 0.8 0.7 0.9801047792622838 0.015104525923431063
10 0.9 0.7 0.9837196244839295 0.012343829133086766
10 1.0 0.7 0.9868943094194391 0.00992399204029659
10 1.1 0.7 0.989658050049418 0.007821375960023098
10 1.2 0.7 0.9920380176662207 0.006014072990091615
10 1.3 0.7 0.9940595644625992 0.004481716044729257
10 1.4 0.7 0.9957464181522162 0.003205313606968409
10 1.5 0.7 0.9971208481877808 0.0021671075043895637
10 1.6 0.7 0.9982038066392992 0.0013504515849841537
10 1.7 0.7 0.9990150469480237 0.0007397089127620587
10 1.8 0.7 0.999573223708126 0.00032016500125223445
10 1.9 0.7 0.9998959764335822 7.795463818428308e-5
10 2.0 0.7 1.0 0.0
10 2.1 0.7 0.9999011041489025 7.395797918825813e-5
10 2.2 0.7 0.9996142641316065 0.0002881749185963758
10 2.3 0.7 0.9991536642681669 0.0006316472354495335
10 2.4 0.7 0.9985327359147872 0.0010939866996777904
10 2.5 0.7 0.9977641910767642 0.0016653893887015236
10 2.6 0.7 0.9968600526764881 0.002336607563156846
10 2.7 0.7 0.9958316822878438 0.00309892389031153
10 2.8 0.7 0.9946898059787773 0.003944127584184625
10 2.9 0.7 0.9934445387607419 0.004864492137265357
10 3.0 0.7 0.9921054080248232 0.005852754393995026
8 0.0 0.7 0.07108047095577014 0.08833658950150773
8 0.0001 0.7 0.956673483180771 0.041168399737199934
8 0.001 0.7 0.9567192116219743 0.04112323556399228
8 0.01 0.7 0.9571748563525031 0.04067334116042306
8 0.1 0.7 0.9615690660142031 0.036347155040411944
8 0.2 0.7 0.9661128903157556 0.03189996696856116
8 0.3 0.7 0.9703114751357552 0.02781743454088225
8 0.4 0.7 0.9741764009941596 0.024084541778384438
8 0.5 0.7 0.9777192432898569 0.020685954433377726
8 0.6 0.7 0.9809515780275856 0.017606250682737617
8 0.7 0.7 0.9838849801813955 0.014830099923363677
8 0.8 0.7 0.9865310168489215 0.012342392287894006
8 0.9 0.7 0.9889012364824101 0.01012832642679279
8 1.0 0.7 0.9910071548908026 0.008173464953320927
8 1.1 0.7 0.9928602384022708 0.006463766737892561
8 1.2 0.7 0.9944718844875755 0.004985603905138553
8 1.3 0.7 0.9958534001840722 0.0037257696259796005
8 1.4 0.7 0.9970159787527152 0.002671481045582392
8 1.5 0.7 0.9979706750948761 0.00181038017493355
8 1.6 0.7 0.9987283805223712 0.0011305343844117731
8 1.7 0.7 0.999299797501177 0.0006204372727064806
8 1.8 0.7 0.999695414975898 0.0002690101018326141
8 1.9 0.7 0.9999254848345097 6.56036318232114e-5
8 2.0 0.7 1.0 0.0
8 2.1 0.7 0.9999286745465716 6.241421983112192e-5
8 2.2 0.7 0.9997209261421569 0.0002434948831901547
8 2.3 0.7 0.9993858610225912 0.0005343237066611628
8 2.4 0.7 0.9989322616119323 0.0009264136449309737
8 2.5 0.7 0.9983685768214063 0.0014117053864272022
8 2.6 0.7 0.9977029149887124 0.0019825621375083586
8 2.7 0.7 0.9969430393610927 0.0026317626848675023
8 2.8 0.7 0.9960963659796152 0.00335249279738396
8 2.9 0.7 0.9951699637880755 0.004138335086521947
8 3.0 0.7 0.9941705567668011 0.004983257488017381
6 0.0 0.7 0.19815380409545974 0.2136853415037291
6 0.0001 0.7 0.9812216785111668 0.02368215655814765
6 0.001 0.7 0.9812395045167761 0.023658501175892896
6 0.01 0.7 0.981417306287571 0.023422643766917585
6 0.1 0.7 0.983149169570665 0.021133904618805936
6 0.2 0.7 0.9849737938203788 0.01874032760945943
6 0.3 0.7 0.9866919122871388 0.01650432183045797
6 0.4 0.7 0.9883023174037348 0.014425369624260996
6 0.5 0.7 0.9898042531959257 0.012502231621444402
6 0.6 0.7 0.9911974097862791 0.010733009110573823
6 0.7 0.7 0.9924819119760986 0.009115205417709936
6 0.8 0.7 0.9936583027666153 0.007645786394333919
6 0.9 0.7 0.9947275226217289 0.006321240151274716
6 1.0 0.7 0.9956908852319802 0.005137636041066871
6 1.1 0.7 0.9965500505048808 0.004090682702764978
6 1.2 0.7 0.9973069954731395 0.003175784817507083
6 1.3 0.7 0.9979639837741958 0.0023880981164442878
6 1.4 0.7 0.9985235343096183 0.0017225821430097072
6 1.5 0.7 0.9989883896403293 0.0011740502901139587
6 1.6 0.7 0.9993614846151802 0.0007372166936747539
6 1.7 0.7 0.999645915667179 0.0004067396499031142
6 1.8 0.7 0.9998449111465548 0.0001772613204587223
6 1.9 0.7 0.9999618029947199 4.3443586218605794e-5
6 2.0 0.7 1.0 0.0
6 2.1 0.7 0.9999629628163123 4.1723867251560524e-5
6 2.2 0.7 0.9998541808709747 0.000163512549814578
6 2.3 0.7 0.9996771512381492 0.000360388141146778
6 2.4 0.7 0.9994353595107393 0.0006275147025389168
6 2.5 0.7 0.9991322626657457 0.0009602122799427172
6 2.6 0.7 0.9987712738864791 0.0013539679413747798
6 2.7 0.7 0.9983557492788883 0.0018044440868453988
6 2.8 0.7 0.9978889763988221 0.0023074842877465816
6 2.9 0.7 0.997374164491279 0.002859116911918771
6 3.0 0.7 0.9968144363315585 0.003455556785391877
16 0.0 0.8 0.0006551774669318884 0.0009225755678964298
16 0.0001 0.8 0.825575273409294 0.09140749586317255
16 0.001 0.8 0.8258181127608837 0.09129191561965193
16 0.01 0.8 0.8282313027658466 0.09014172634197072
16 0.1 0.8 0.8508876504821179 0.07920035659232895
16 0.2 0.8 0.8731133392383386 0.06821833397326495
16 0.3 0.8 0.8925455407517023 0.058413912849808035
16 0.4 0.8 0.9094944836286993 0.04970320394507875
16 0.5 0.8 0.9242469951898764 0.04199381193999362
16 0.6 0.8 0.9370606736494832 0.035194166887333206
16 0.7 0.8 0.9481627480561852 0.029218478368838723
16 0.8 0.8 0.9577515623413236 0.02398878091985405
16 0.9 0.8 0.9659993340147522 0.01943527860362939
16 1.0 0.8 0.9730553645625897 0.015495824257013806
16 1.1 0.8 0.9790492356855676 0.012115045262873792
16 1.2 0.8 0.984093753028596 0.00924339875995169
16 1.3 0.8 0.9882875364158104 0.006836295527190042
16 1.4 0.8 0.9917172340327085 0.004853348788030215
16 1.5 0.8 0.9944593796073103 0.003257759558956644
16 1.6 0.8 0.9965819311197338 0.002015828192622548
16 1.7 0.8 0.9981455362617121 0.0010965725752251285
16 1.8 0.8 0.9992045695477236 0.00047143119455782435
16 1.9 0.8 0.9998079821267436 0.00011403063068990509
16 2.0 0.8 1.0 0.0
16 2.1 0.8 0.9998207006742613 0.00010681839487619134
16 2.2 0.8 0.9993064928937625 0.00041368478236234596
16 2.3 0.8 0.9984905192971094 0.0009014028310611768
16 2.4 0.8 0.9974029977492257 0.0015522755910052648
16 2.5 0.8 0.9960715137058042 0.0023500068375824855
16 2.6 0.8 0.9945212732242986 0.003279607257653108
16 2.7 0.8 0.9927753240596936 0.004327304586883111
16 2.8 0.8 0.9908547505859384 0.005480457395239185
16 2.9 0.8 0.9887788469773251 0.006727472551176156
16 3.0 0.8 0.9865652720898143 0.008057726550763278
14 0.0 0.8 0.002483395786557106 0.003384012275958304
14 0.0001 0.8 0.8624260873251006 0.08038925274747964
14 0.001 0.8 0.8626106199353757 0.08028992466747135
14 0.01 0.8 0.864444804033823 0.07930152084272077
14 0.1 0.8 0.881709554930542 0.06989698680791151
14 0.2 0.8 0.8987503356291943 0.06043209017767132
14 0.3 0.8 0.9137626856654127 0.051940031111152245
14 0.4 0.8 0.9269629936648422 0.04435104375772481
14 0.5 0.8 0.9385468286040718 0.03759483277736061
14 0.6 0.8 0.948688644853505 0.03160322099701529
14 0.7 0.8 0.9575427616213006 0.02631179305117025
14 0.8 0.8 0.965245024319766 0.02166074975783347
14 0.9 0.8 0.9719147580901971 0.017595211112346375
14 1.0 0.8 0.9776567700778633 0.014065164117083424
14 1.1 0.8 0.9825632585095786 0.011025199311927168
14 1.2 0.8 0.986715554096775 0.008434135537065852
14 1.3 0.8 0.9901856623444354 0.006254599378839038
14 1.4 0.8 0.9930376016021912 0.004452602152087464
14 1.5 0.8 0.9953285467682995 0.0029971406344720427
14 1.6 0.8 0.9971097964020701 0.0018598360655823552
14 1.7 0.8 0.9984275843028784 0.0010146177680585222
14 1.8 0.8 0.9993237571610849 0.0004374522199633568
14 1.9 0.8 0.9998363388441285 0.00010611487364470212
14 2.0 0.8 1.0 0.0
14 2.1 0.8 0.9998464494139633 9.996294836668044e-5
14 2.2 0.8 0.9994047612351731 0.00038818911759778843
14 2.3 0.8 0.9987016499709973 0.0008480843497712679
14 2.4 0.8 0.9977617031235392 0.001464182154169249
14 2.5 0.8 0.9966075795597636 0.002222063971650502
14 2.6 0.8 0.9952601801751235 0.0031082894787314375
14 2.7 0.8 0.9937387961224194 0.004110334635279576
14 2.8 0.8 0.9920612388123071 0.0052165357660183135
14 2.9 0.8 0.9902439550234505 0.0064160384276153145
14 3.0 0.8 0.9883021297607287 0.007698750159801785
12 0.0 0.8 0.00790901874508597 0.011169928248820876
12 0.0001 0.8 0.8996451027188948 0.0693442169301075
12 0.001 0.8 0.8997738032500999 0.06925952459307343
12 0.01 0.8 0.9010536300934372 0.06841684452050388
12 0.1 0.8 0.913156417948645 0.0604035423808777
12 0.2 0.8 0.9252127772298634 0.05233687733478213
12 0.3 0.8 0.9359377781195695 0.04508553236462935
12 0.4 0.8 0.9454576893995575 0.03858563856336921
12 0.5 0.8 0.9538869861123056 0.032777783527742334
12 0.6 0.8 0.96132878840935 0.02760707789031632
12 0.7 0.8 0.9678756381701171 0.023023043683393814
12 0.8 0.8 0.9736104412583908 0.01897936600069648
12 0.9 0.8 0.9786074614144864 0.015433564817674293
12 1.0 0.8 0.9829332933312677 0.012346635832581939
12 1.1 0.8 0.9866477721978018 0.009682694651217238
12 1.2 0.8 0.9898047977102623 0.007408645142196367
12 1.3 0.8 0.9924530644012135 0.005493882604246422
12 1.4 0.8 0.9946366989227375 0.003910035487226966
12 1.5 0.8 0.9963958100970925 0.0026307450754075876
12 1.6 0.8 0.9977669602534797 0.0016314800220950541
12 1.7 0.8 0.9987835674421571 0.0008893813285632448
12 1.8 0.8 0.9994762481604106 0.00038313287090193233
12 1.9 0.8 0.9998731096582729 9.285261219829946e-5
12 2.0 0.8 1.0 0.0
12 2.1 0.8 0.9998807230277325 8.729560355831612e-5
12 2.2 0.8 0.999537224326318 0.0003386496931876694
12 2.3 0.8 0.9989897532949975 0.0007390971331880758
12 2.4 0.8 0.9982570055332499 0.0012747365987471997
12 2.5 0.8 0.997356248962306 0.0019326727013807294
12 2.6 0.8 0.9963034364357228 0.00270096009627666
12 2.7 0.8 0.9951133070365743 0.003568549039511879
12 2.8 0.8 0.9937994778058068 0.004525232163828131
12 2.9 0.8 0.9923745272834923 0.005561592455490258
12 3.0 0.8 0.9908500719585065 0.00666895255305897
10 0.0 0.8 0.022698805118230574 0.03200910541956253
10 0.0001 0.8 0.9280623020284018 0.05476201008968137
10 0.001 0.8 0.9281480896107531 0.05469739591743755
10 0.01 0.8 0.9290017862153016 0.054054334741502834
10 0.1 0.8 0.9371318558750229 0.04792365276468374
10 0.2 0.8 0.9453426062224275 0.04171861806156715
10 0.3 0.8 0.9527522546592139 0.03610586433573103
10 0.4 0.8 0.9594223476898491 0.031041804474767617
10 0.5 0.8 0.9654090776749704 0.026486852948246587
10 0.6 0.8 0.9707637329674739 0.022404873990522486
10 0.7 0.8 0.9755331822199818 0.018762713151937217
10 0.8 0.8 0.979760348684035 0.015529804851171884
10 0.9 0.8 0.9834846511263545 0.012677846453356144
10 1.0 0.8 0.9867424005819095 0.010180528984547802
10 1.1 0.8 0.989567149679868 0.00801331502590664
10 1.2 0.8 0.9919899956248668 0.006153255271972435
10 1.3 0.8 0.9940398402760753 0.004578836440123606
10 1.4 0.8 0.9957436118890518 0.0032698544788512147
10 1.5 0.8 0.9971264534506585 0.002207308196060332
10 1.6 0.8 0.9982118824547493 0.001373309433221679
10 1.7 0.8 0.9990219266346311 0.0007510067170500221
10 1.8 0.8 0.9995772397129934 0.0003245199339910711
10 1.9 0.8 0.9998972007288428 7.888402230935236e-5
10 2.0 0.8 1.0 0.0
10 2.1 0.8 0.9999027143054082 7.459188348188047e-5
10 2.2 0.8 0.9996213734368978 0.00029016823698483615
10 2.3 0.8 0.9991710198814652 0.0006349872527282639
10 2.4 0.8 0.9985657630538582 0.0010980244151452057
10 2.5 0.8 0.9978188292044472 0.0016689419573540814
10 2.6 0.8 0.9969426078767999 0.0023380594763049616
10 2.7 0.8 0.9959486955798711 0.0030963252308991345
10 2.8 0.8 0.9948479371680576 0.0039352877985283285
10 2.9 0.8 0.9936504652845173 0.00484706790296062
10 3.0 0.8 0.9923657381153413 0.005824330344296566
8 0.0 0.8 0.06592654071331272 0.08158571353142609
8 0.0001 0.8 0.959427374942527 0.04078642551076813
8 0.001 0.8 0.9594728727967918 0.040739010593585964
8 0.01 0.8 0.9599259172699958 0.04026704607113624
8 0.1 0.8 0.9642667551761662 0.035760825632382746
8 0.2 0.8 0.9687012900101207 0.03118824343208104
8 0.3 0.8 0.9727498292029778 0.0270424456193299
8 0.4 0.8 0.9764348795580834 0.023294005905455783
8 0.5 0.8 0.9797775913333063 0.019915548606793062
8 0.6 0.8 0.9827978301504925 0.016881665840791937
8 0.7 0.8 0.9855142629637277 0.0141688026712012
8 0.8 0.8 0.9879444488093888 0.01175512728725925
8 0.9 0.8 0.9901049283868743 0.009620397599714538
8 1.0 0.8 0.9920113088804127 0.007745831118643379
8 1.1 0.8 0.9936783420739259 0.006113981777043432
8 1.2 0.8 0.9951199949142426 0.00470862532048543
8 1.3 0.8 0.9963495123876432 0.0035146537064000088
8 1.4 0.8 0.9973794730058851 0.0025179783558135637
8 1.5 0.8 0.9982218374392896 0.0017054418438880177
8 1.6 0.8 0.9988879909512876 0.0010647375426417044
8 1.7 0.8 0.9993887803274801 0.0005843367388039171
8 1.8 0.8 0.9997345459836373 0.0002534227842020333
8 1.9 0.8 0.9999351499024077 6.183186621237136e-5
8 2.0 0.8 1.0 0.0
8 2.1 0.8 0.999938071470296 5.8915841089713625e-5
8 2.2 0.8 0.9997579255983924 0.00023007890021816508
8 2.3 0.8 0.9994677264816352 0.0005054627186992702
8 2.4 0.8 0.9990752560440583 0.0008774825383680094
8 2.5 0.8 0.998587927681083 0.0013389669813938093
8 2.6 0.8 0.9980127988247596 0.0018831332462338072
8 2.7 0.8 0.9973565826764843 0.0025035653293283473
8 2.8 0.8 0.9966256593135637 0.003194194798675968
8 2.9 0.8 0.9958260863387306 0.0039492836744794094
8 3.0 0.8 0.9949636092075692 0.00476340901175238
6 0.0 0.8 0.20724057612058244 0.214424362608186
6 0.0001 0.8 0.9783978685415045 0.02627674240628238
6 0.001 0.8 0.9784196537233767 0.0262487077977985
6 0.01 0.8 0.9786368207487479 0.025969391212385045
6 0.1 0.8 0.9807402295015757 0.023278080938558075
6 0.2 0.8 0.9829328526304867 0.020500206281605166
6 0.3 0.8 0.9849753099490564 0.017938578927763543
6 0.4 0.8 0.9868699815558585 0.015585393023059816
6 0.5 0.8 0.9886195960916835 0.013432751726609116
6 0.6 0.8 0.990227195039444 0.01147271681567319
6 0.7 0.8 0.991696098696322 0.009697352438386474
6 0.8 0.8 0.9930298733790401 0.008098764194534933
6 0.9 0.8 0.9942322996952344 0.006669133530240134
6 1.0 0.8 0.9953073418786235 0.00540074715489375
6 1.1 0.8 0.9962591182669255 0.004286021380408467
6 1.2 0.8 0.9970918730277814 0.003317521622002298
6 1.3 0.8 0.9978099492341181 0.0024879775982267574
6 1.4 0.8 0.9984177633734813 0.0017902949449424652
6 1.5 0.8 0.9989197813559786 0.001217564003274114
6 1.6 0.8 0.9993204960673325 0.0007630664825105152
6 1.7 0.8 0.9996244064982089 0.00042028057578367094
6 1.8 0.8 0.9998359984682208 0.00018288495760773643
6 1.9 0.8 0.9999597269515375 4.476194736750217e-5
6 2.0 0.8 1.0 0.0
6 2.1 0.8 0.9999611642486931 4.289559291998209e-5
6 2.2 0.8 0.9998474919774181 0.00016795451777368861
6 2.3 0.8 0.9996631696902383 0.00036989255321479936
6 2.4 0.8 0.9994122881641366 0.0006436354845463596
6 2.5 0.8 0.9990988339074897 0.000984318441111433
6 2.6 0.8 0.9987266819599758 0.0013872845365949479
6 2.7 0.8 0.9982995899579232 0.0018480828158868965
6 2.8 0.8 0.9978211933832374 0.0023624655311423126
6 2.9 0.8 0.9972950019099979 0.002926384786701537
6 3.0 0.8 0.9967243967605861 0.003535988606238491
16 0.0 0.9 0.0006845934280648981 0.0009437641397910436
16 0.0001 0.9 0.8407997611272656 0.09317820033778809
16 0.001 0.9 0.8410223807682715 0.09305976238849858
16 0.01 0.9 0.8432341770485334 0.09188128736341593
16 0.1 0.9 0.8639636403432729 0.0806815700684328
16 0.2 0.9 0.8842510787543513 0.0694507633220461
16 0.3 0.9 0.901965530966176 0.05942637171637447
16 0.4 0.9 0.9174084663491007 0.05052111521283601
16 0.5 0.9 0.9308499122337367 0.04264279952980096
16 0.6 0.9 0.9425278351961098 0.03570041435216468
16 0.7 0.9 0.9526498589916447 0.029607617944704623
16 0.8 0.9 0.9613961422584776 0.024284494201867207
16 0.9 0.9 0.9689226767121207 0.019658223631431573
16 1.0 0.9 0.9753645750914667 0.015663094893058734
16 1.1 0.9 0.980839121037949 0.012240132849554579
16 1.2 0.9 0.9854484787643825 0.00933652354664303
16 1.3 0.9 0.9892820340473649 0.006904955411213566
16 1.4 0.9 0.9924183786810226 0.00490295409095956
16 1.5 0.9 0.9949269708792485 0.003292258062910017
16 1.6 0.9 0.9968695124246479 0.0020382600912662637
16 1.7 0.9 0.998301084760883 0.0011095241689394945
16 1.8 0.9 0.9992710838669578 0.0004773774922728078
16 1.9 0.9 0.9998239895601799 0.00011557110716323682
16 2.0 0.9 1.0 0.0
16 2.1 0.9 0.9998355572756128 0.00010847260216676547
16 2.2 0.9 0.9993637854193882 0.00042052013948535644
16 2.3 0.9 0.9986148581712077 0.0009172373984537948
16 2.4 0.9 0.9976163103842963 0.001581147893397347
16 2.5 0.9 0.9963933041022995 0.002396087845574828
16 2.6 0.9 0.9949688580032124 0.003347104680770179
16 2.7 0.9 0.9933640470339228 0.004420366847662548
16 2.8 0.9 0.9915981775792322 0.005603082636383112
16 2.9 0.9 0.9896889423529865 0.006883426346427647
16 3.0 0.9 0.9876525583041016 0.008250470641474843
14 0.0 0.9 0.0023485267699647197 0.0032632007722005313
14 0.0001 0.9 0.8732827146516059 0.07979660821246598
14 0.001 0.9 0.8734560918865979 0.0796954091862312
14 0.01 0.9 0.8751788093784032 0.07868881397275372
14 0.1 0.9 0.8913437205478977 0.06914864897399912
14 0.2 0.9 0.9072145432264576 0.0596110053762688
14 0.3 0.9 0.9211326867568452 0.0511028261718815
14 0.4 0.9 0.9333255118072452 0.04353558733425339
14 0.5 0.9 0.9439922660484337 0.03682598494072987
14 0.6 0.9 0.9533065860865715 0.030896750171995564
14 0.7 0.9 0.9614194199090136 0.025676985869337445
14 0.8 0.9 0.9684619617130399 0.02110217115093046
14 0.9 0.9 0.9745483968377391 0.01711392399680152
14 1.0 0.9 0.9797783673445052 0.013659599674941065
14 1.1 0.9 0.9842391302515786 0.010691794718792448
14 1.2 0.9 0.9880074135859749 0.008167813244551531
14 1.3 0.9 0.9911509925847174 0.006049136908581709
14 1.4 0.9 0.9937300162464375 0.0043009251840746415
14 1.5 0.9 0.9957981168283491 0.0028915608376167278
14 1.6 0.9 0.9974033341130861 0.0017922469852313214
14 1.7 0.9 0.9985888837848708 0.0009766565302722404
14 1.8 0.9 0.9993937959718385 0.0004206314485308017
14 1.9 0.9 0.9998534465000709 0.00010192760437241824
14 2.0 0.9 1.0 0.0
14 2.1 0.9 0.9998627808880274 9.582317906025785e-5
14 2.2 0.9 0.999468585494753 0.00037174166353676604
14 2.3 0.9 0.9988419462442786 0.0008113456392820776
14 2.4 0.9 0.9980053567888676 0.001399367529034202
14 2.5 0.9 0.996979465334215 0.002121595552719585
14 2.6 0.9 0.9957832420104661 0.0029648008468363836
14 2.7 0.9 0.9944341250101152 0.003916675183014853
14 2.8 0.9 0.9929481492867488 0.004965776780940641
14 2.9 0.9 0.9913400608536999 0.006101482144866066
14 3.0 0.9 0.9896234191091828 0.007313942258917023
12 0.0 0.9 0.0077311842398189124 0.010777489757570412
12 0.0001 0.9 0.9000018280653463 0.06929639907389361
12 0.001 0.9 0.9001338863630338 0.06921008589687185
12 0.01 0.9 0.9014465856671058 0.06835138646099219
12 0.1 0.9 0.9138139257828078 0.06019692298388525
12 0.2 0.9 0.9260510532290582 0.05201358842793674
12 0.3 0.9 0.9368675456676966 0.0446853656668214
12 0.4 0.9 0.9464135997427142 0.03814389811107112
12 0.5 0.9 0.9548221654445832 0.03232411711579734
12 0.6 0.9 0.9622106605490339 0.027165009916064107
12 0.7 0.9 0.9686826986070398 0.02261005425400693
12 0.8 0.9 0.9743297485195619 0.018607349829431248
12 0.9 0.9 0.9792326746371426 0.015109520759499265
12 1.0 0.9 0.9834631295150221 0.012073467929285429
12 1.1 0.9 0.9870847886418529 0.00946003747095677
12 1.2 0.9 0.9901544284598223 0.007233654347760116
12 1.3 0.9 0.9927228566746522 0.005361954064021854
12 1.4 0.9 0.9948357081835748 0.0038154328986536134
12 1.5 0.9 0.9965341218627105 0.002567127915784875
12 1.6 0.9 0.9978553137483178 0.0015923317702461475
12 1.7 0.9 0.9988330614383457 0.0008683432754481757
12 1.8 0.9 0.9994981132788844 0.00037425219939149176
12 1.9 0.9 0.9998785343879911 9.07553141271394e-5
12 2.0 0.9 1.0 0.0
12 2.1 0.9 0.9998860451019057 8.545146235610758e-5
12 2.2 0.9 0.999558277941581 0.0003317796938137804
12 2.3 0.9 0.9990365637437597 0.0007247625966527178
12 2.4 0.9 0.9983391838815181 0.0012512020848229448
12 2.5 0.9 0.9974829748145458 0.001898850451517207
12 2.6 0.9 0.9964834503103752 0.002656344769241969
12 2.7 0.9 0.9953549097979421 0.003513147550338528
12 2.8 0.9 0.9941105351496512 0.004459492313478391
12 2.9 0.9 0.9927624777344617 0.005486333061476408
12 3.0 0.9 0.9913219372162627 0.006585296971658403
10 0.0 0.9 0.023076521186767805 0.030840383472631655
10 0.0001 0.9 0.9295192446872125 0.05506155162837143
10 0.001 0.9 0.9296076451804339 0.05499381163610994
10 0.01 0.9 0.9304868623324136 0.05431991341533736
10 0.1 0.9 0.9388156673027424 0.047921101657655486
10 0.2 0.9 0.9471437886285947 0.041495893571268205
10 0.3 0.9 0.9545846401557503 0.03573251159817273
10 0.4 0.9 0.9612194876198262 0.030575182340350632
10 0.5 0.9 0.9671210280262666 0.025973058929536004
10 0.6 0.9 0.9723543652634188 0.021879882137137794
10 0.7 0.9 0.9769779120316764 0.018253600150441605
10 0.8 0.9 0.9810442046494015 0.015055982072351719
10 0.9 0.9 0.9846006263137231 0.012252244858263756
10 1.0 0.9 0.9876900407646318 0.009810703348813583
10 1.1 0.9 0.9903513422424303 0.007702447626453518
10 1.2 0.9 0.9926199296922543 0.00590104927841727
10 1.3 0.9 0.9945281139391532 0.004382296831694199
10 1.4 0.9 0.9961054665127566 0.003123959828063224
10 1.5 0.9 0.9973791182886458 0.0021055803923073265
10 1.6 0.9 0.9983740153648155 0.001308290625546522
10 1.7 0.9 0.9991131387512965 0.0007146537342553659
10 1.8 0.9 0.9996176936050432 0.000308526507671312
10 1.9 0.9 0.9999072729392098 7.494059444713588e-5
10 2.0 0.9 1.0 0.0
10 2.1 0.9 0.9999126528456497 7.079231296789765e-5
10 2.2 0.9 0.9996607740822269 0.0002753113490343663
10 2.3 0.9 0.9992587682072911 0.000602389146511261
10 2.4 0.9 0.9987199885796088 0.0010416355337224729
10 2.5 0.9 0.9980568156651783 0.0015833837886879644
10 2.6 0.9 0.9972807279005261 0.002218641205700283
10 2.7 0.9 0.9964023662568094 0.0029390436545040045
10 2.8 0.9 0.9954315933771031 0.0037368134544371154
10 2.9 0.9 0.9943775479877244 0.004604720081576456
10 3.0 0.9 0.993248695147493 0.00553604337986393
8 0.0 0.9 0.07575595683869057 0.10237318834575129
8 0.0001 0.9 0.9554604228167622 0.04253377273441385
8 0.001 0.9 0.9555126294684162 0.04248311238858988
8 0.01 0.9 0.9560322643613131 0.04197893368034943
8 0.1 0.9 0.9609912764051055 0.03717369305041774
8 0.2 0.9 0.9660189301602969 0.03231476472772012
8 0.3 0.9 0.9705731137467215 0.027926253888620876
8 0.4 0.9 0.9746866293161585 0.023974300611245412
8 0.5 0.9 0.9783898302538774 0.020427326408405774
8 0.6 0.9 0.9817108649636233 0.017255910523946656
8 0.7 0.9 0.9846758869836028 0.014432694782499764
8 0.8 0.9 0.9873092376376922 0.011932282403204441
8 0.9 0.9 0.9896336063504172 0.009731120904538426
8 1.0 0.9 0.9916701722894696 0.007807372157280511
8 1.1 0.9 0.9934387298890951 0.0061407773491185405
8 1.2 0.9 0.994957800155905 0.004712524663798058
8 1.3 0.9 0.9962447293442954 0.0035051254607986184
8 1.4 0.9 0.9973157764578474 0.0025023022530182098
8 1.5 0.9 0.9981861909694622 0.0016888896135851788
8 1.6 0.9 0.9988702820901879 0.0010507475861319246
8 1.7 0.9 0.999381480826412 0.0005746862365499471
8 1.8 0.9 0.9997323959446924 0.0002483995563739218
8 1.9 0.9 0.9999348648210233 6.0406862564032845e-5
8 2.0 0.9 1.0 0.0
8 2.1 0.9 0.9999382321407003 5.719493361256989e-5
8 2.2 0.9 0.9997593498891498 0.00022268663945334367
8 2.3 0.9 0.9994725370979773 0.0004878065177390713
8 2.4 0.9 0.9990864077145702 0.0008444818265900957
8 2.5 0.9 0.998609038580254 0.001285196858669523
8 2.6 0.9 0.9980480003231756 0.0018029557503354925
8 2.7 0.9 0.9974103864844628 0.00239124692696132
8 2.8 0.9 0.9967028409877207 0.003044009255238799
8 2.9 0.9 0.9959315840431933 0.0037556000019847904
8 3.0 0.9 0.9951024365672069 0.0045207646982037995
6 0.0 0.9 0.19883202577082693 0.20120883256958388
6 0.0001 0.9 0.9782200278794568 0.02788862722472416
6 0.001 0.9 0.9782433183620697 0.027856879305406222
6 0.01 0.9 0.9784753675421726 0.02754077359058468
6 0.1 0.9 0.9807111441133082 0.02451458737856152
6 0.2 0.9 0.9830184295189294 0.021429224631381714
6 0.3 0.9 0.9851454728258139 0.018619465802545945
6 0.4 0.9 0.9870987018087983 0.016069089729849363
6 0.5 0.9 0.988884700546464 0.013762454231220462
6 0.6 0.9 0.9905101350802046 0.011684617173275656
6 0.7 0.9 0.9919816948271025 0.009821401337461065
6 0.8 0.9 0.9933060464803173 0.008159418622839861
6 0.9 0.9 0.9944897977454905 0.006686065364244702
6 1.0 0.9 0.9955394688037099 0.005389497839449391
6 1.1 0.9 0.9964614698367604 0.004258595043081169
6 1.2 0.9 0.9972620833062835 0.003282914241751317
6 1.3 0.9 0.9979474499627015 0.0024526435256299406
6 1.4 0.9 0.9985235577880758 0.001758554455752517
6 1.5 0.9 0.9989962332618355 0.0011919569466809032
6 1.6 0.9 0.9993711344872697 0.0007446577177634352
6 1.7 0.9 0.9996537458357798 0.00040892299506182036
6 1.8 0.9 0.99984937385896 0.00017744564727163587
6 1.9 0.9 0.9999631442890698 4.331658234123025e-5
6 2.0 0.9 1.0 0.0
6 2.1 0.9 0.9999646998362972 4.131196781754491e-5
6 2.2 0.9 0.9998618182406473 0.00016140174198943027
6 2.3 0.9 0.9996957456234107 0.00035473526674814995
6 2.4 0.9 0.9994706894239948 0.0006160803383911173
6 2.5 0.9 0.9991906758154481 0.0009404929948349094
6 2.6 0.9 0.9988595520025839 0.0013233047762824656
6 2.7 0.9 0.9984809890615656 0.0017601105873857382
6 2.8 0.9 0.9980584852664961 0.0022467569696244657
6 2.9 0.9 0.997595369846564 0.002779330660535667
6 3.0 0.9 0.997094807116351 0.003354147371974316
16 0.0 1.0 0.0006926357062898251 0.0009707975076476767
16 0.0001 1.0 0.8435056644820144 0.09144794769867058
16 0.001 1.0 0.8437294157530878 0.09133023039979482
16 0.01 1.0 0.845951711257885 0.09015916700619851
16 0.1 1.0 0.8667145176292537 0.07905113621388511
16 0.2 1.0 0.8869231179735966 0.06794796435096316
16 0.3 1.0 0.9044812902209123 0.05806368043944546
16 0.4 1.0 0.9197229533330505 0.04930098645250777
16 0.5 1.0 0.9329400702674031 0.041561957076681345
16 0.6 1.0 0.9443851366651683 0.034752585346106396
16 0.7 1.0 0.9542752967069749 0.02878506532100103
16 0.8 1.0 0.962796930560872 0.023578829872175577
16 0.9 1.0 0.9701101157076175 0.01906082796525153
16 1.0 1.0 0.9763526841071457 0.015165312923606634
16 1.1 1.0 0.9816437705114922 0.011833333003984427
16 1.2 1.0 0.9860868384086023 0.0090120706802545
16 1.3 1.0 0.9897722162528935 0.006654137340767746
16 1.4 1.0 0.992779197861422 0.00471689321066085
16 1.5 1.0 0.9951777680133456 0.003161831523033505
16 1.6 1.0 0.9970300135661296 0.0019540432432896015
16 1.7 1.0 0.9983912754831914 0.0010617638207581245
16 1.8 1.0 0.9993110903174408 0.00045599506759778815
16 1.9 1.0 0.9998339622944873 0.000110191535230063
16 2.0 1.0 1.0 0.0
16 2.1 1.0 0.9998454452320565 0.00010304156438063202
16 2.2 1.0 0.9994031160225645 0.000398727502906561
16 2.3 1.0 0.9987027811975548 0.0008681017532375747
16 2.4 1.0 0.9977714800807337 0.0014937045579751617
16 2.5 1.0 0.9966337979464063 0.002259453071578165
16 2.6 1.0 0.9953121054774513 0.003150535742003865
16 2.7 1.0 0.9938267686622535 0.004153318001284706
16 2.8 1.0 0.9921963341627936 0.005255257318002952
16 2.9 1.0 0.9904376941118046 0.006444826041889713
16 3.0 1.0 0.9885662334736561 0.007711440757869323
14 0.0 1.0 0.0022945943984725406 0.003210054970336385
14 0.0001 1.0 0.8730606039285044 0.07941179584123359
14 0.001 1.0 0.8732373896500792 0.07931042669844243
14 0.01 1.0 0.8749936233072086 0.07830211853138966
14 0.1 1.0 0.8914414857357271 0.06874476224321874
14 0.2 1.0 0.9075326921047987 0.059191485142133626
14 0.3 1.0 0.9215941871751385 0.05067465732140949
14 0.4 1.0 0.9338710813365717 0.04310710265206511
14 0.5 1.0 0.9445765709186079 0.03640564414809606
14 0.6 1.0 0.9538953540259207 0.030492537184494753
14 0.7 1.0 0.9619872287598202 0.025296103542758307
14 0.8 1.0 0.9689905369187984 0.020750836624175595
14 0.9 1.0 0.975025290716671 0.0167971849422623
14 1.0 1.0 0.9801959205746076 0.013381163591574341
14 1.1 1.0 0.9845936387101901 0.010453892800387386
14 1.2 1.0 0.988298443372444 0.007971123052086049
14 1.3 1.0 0.991380802575257 0.0058927786462840415
14 1.4 1.0 0.9939030606046022 0.004182534281474924
14 1.5 1.0 0.9959206095985191 0.0028074294961767565
14 1.6 1.0 0.9974828647709899 0.0017375209195581978
14 1.7 1.0 0.9986340769942267 0.0009455701894293229
14 1.8 1.0 0.9994140114111671 0.00040676472444554283
14 1.9 1.0 0.9998585160216303 9.846848409102354e-5
14 2.0 1.0 1.0 0.0
14 2.1 1.0 0.9998678379255614 9.24351376113322e-5
14 2.2 1.0 0.999488713119271 0.0003584321964287974
14 2.3 1.0 0.9988869108208351 0.0007820770842643599
14 2.4 1.0 0.9980845699322182 0.0013487464250190482
14 2.5 1.0 0.9971019004229492 0.002044986594987251
14 2.6 1.0 0.995957372171031 0.0028584068350456164
14 2.7 1.0 0.9946678799438152 0.0037775847488435853
14 2.8 1.0 0.9932488883573869 0.004791982663027258
14 2.9 1.0 0.9917145599525614 0.005891873485187738
14 3.0 1.0 0.9900778689582984 0.007068274841312694
12 0.0 1.0 0.008121461978946585 0.011765158993516458
12 0.0001 1.0 0.9073677097850091 0.06916679655583474
12 0.001 1.0 0.9074916299951741 0.06907973861397149
12 0.01 1.0 0.9087232162788703 0.06821381297629135
12 0.1 1.0 0.9203069529938035 0.060006715216317674
12 0.2 1.0 0.9317343211039459 0.05179701800833037
12 0.3 1.0 0.941806748708073 0.04446392019816614
12 0.4 1.0 0.9506741016227288 0.037929900020070115
12 0.5 1.0 0.9584675690289642 0.032123919803076544
12 0.6 1.0 0.9653018926512906 0.026981430297947365
12 0.7 1.0 0.9712775008096071 0.022444037903383007
12 0.8 1.0 0.9764824632276816 0.018458995245677453
12 0.9 1.0 0.9809942291204485 0.014978627793443096
12 1.0 1.0 0.9848811407781107 0.011959766199005063
12 1.1 1.0 0.9882037325560408 0.009363221615454395
12 1.2 1.0 0.9910158345885614 0.007153319747885057
12 1.3 1.0 0.9933655045060561 0.005297496644299014
12 1.4 1.0 0.9952958110330243 0.0037659524819321686
12 1.5 1.0 0.9968454920345665 0.0025313565820472
12 1.6 1.0 0.9980495073195281 0.0015685960011370588
12 1.7 1.0 0.9989395038976363 0.0008545602978839692
12 1.8 1.0 0.9995442087738537 0.0003679558726848859
12 1.9 1.0 0.9998897619322209 8.914428612792208e-5
12 2.0 1.0 1.0 0.0
12 2.1 1.0 0.9998966992173205 8.378394977819893e-5
12 2.2 1.0 0.99959978476124 0.00032503019920982824
12 2.3 1.0 0.9991275121625603 0.0007094436225380037
12 2.4 1.0 0.9984966254775125 0.0012238071034967573
12 2.5 1.0 0.9977224960008061 0.0018558971407531483
12 2.6 1.0 0.9968192446006456 0.00259440702394942
12 2.7 1.0 0.9957998501896275 0.003428876915336349
12 2.8 1.0 0.9946762463850005 0.0043496302702996465
12 2.9 1.0 0.9934594080654693 0.00534771606051513
12 3.0 1.0 0.9921594292091929 0.0064148562970048496
10 0.0 1.0 0.02373137350040448 0.03277380159308874
10 0.0001 1.0 0.9318192451725548 0.057501968156727985
10 0.001 1.0 0.9319071975962083 0.05742962572542895
10 0.01 1.0 0.9327817040941112 0.05671011720054857
10 0.1 1.0 0.9410422386501243 0.049894886274516326
10 0.2 1.0 0.949256752791039 0.04308409617327525
10 0.3 1.0 0.9565546129358273 0.03700477997721102
10 0.4 1.0 0.9630264471736633 0.031589877446430055
10 0.5 1.0 0.9687529347751924 0.02677838916632977
10 0.6 1.0 0.97380584389732 0.022515279874832074
10 0.7 1.0 0.978249038028552 0.01875114834370711
10 0.8 1.0 0.9821394207132188 0.015441762148694504
10 0.9 1.0 0.9855277997672992 0.012547529620709031
10 1.0 1.0 0.9884596618984007 0.010032959520767801
10 1.1 1.0 0.9909758558988868 0.007866142008551931
10 1.2 1.0 0.9931131875682166 0.006018271563986919
10 1.3 1.0 0.9949049326498309 0.004463222882145456
10 1.4 1.0 0.9963812757855371 0.003177183764984085
10 1.5 1.0 0.9975696841911683 0.0021383441793904564
10 1.6 1.0 0.9984952247621622 0.0013266375125329446
10 1.7 1.0 0.9991808328734931 0.0007235282511458018
10 1.8 1.0 0.9996475404291935 0.0003118395029812814
10 1.9 1.0 0.9999146698743827 7.561367639315929e-5
10 2.0 1.0 1.0 0.0
10 2.1 1.0 0.9999199085080952 7.116321169482264e-5
10 2.2 1.0 0.9996894955024728 0.00027620853410473804
10 2.3 1.0 0.9993226913469696 0.0006031188808109628
10 2.4 1.0 0.9988323517014737 0.0010407010352850054
10 2.5 1.0 0.9982303420051495 0.0015785382694943565
10 2.6 1.0 0.9975276132232934 0.0022069474981122506
10 2.7 1.0 0.996734270300692 0.0029169395886302534
10 2.8 1.0 0.9958596344620081 0.0037001818692251505
10 2.9 1.0 0.9949123002578383 0.004548962203420789
10 3.0 1.0 0.9939001880635318 0.005456154246222839
8 0.0 1.0 0.07119686868860095 0.092480423507548
8 0.0001 1.0 0.9554253772134501 0.043508059430773266
8 0.001 1.0 0.9554796336906558 0.04345463021362224
8 0.01 1.0 0.9560194813226167 0.04292307659777048
8 0.1 1.0 0.9611534643167728 0.03787376832396958
8 0.2 1.0 0.9663234006074823 0.0327999978100951
8 0.3 1.0 0.9709734278571805 0.028246096030404046
8 0.4 1.0 0.9751443753365078 0.024169250943418846
8 0.5 1.0 0.9788738319433058 0.020530227508520835
8 0.6 1.0 0.9821963751278309 0.01729313539447346
8 0.7 1.0 0.985143806596806 0.01442517884293723
8 0.8 1.0 0.9877453835546973 0.011896400767065227
8 0.9 1.0 0.9900280388069087 0.009679431228543095
8 1.0 1.0 0.9920165860529532 0.007749247547587813
8 1.1 1.0 0.9937339086958746 0.006082950462129788
8 1.2 1.0 0.9952011318025411 0.00465955847191217
8 1.3 1.0 0.9964377776724166 0.0034598209025139583
8 1.4 1.0 0.9974619059556251 0.002466049222890166
8 1.5 1.0 0.9982902395131178 0.001661965596784515
8 1.6 1.0 0.9989382773115231 0.001032567392689793
8 1.7 1.0 0.9994203956497743 0.0005640062985121318
8 1.8 1.0 0.999749938962807 0.0002434807018737564
8 1.9 1.0 0.999939301365097 5.914005333752562e-5
8 2.0 1.0 1.0 0.0
8 2.1 1.0 0.9999427411595682 5.586714886042728e-5
8 2.2 1.0 0.9997774800392781 0.00021727239005797593
8 2.3 1.0 0.9995134748963531 0.00047541178051138883
8 2.4 1.0 0.9991593362904221 0.0008220940607075256
8 2.5 1.0 0.9987230720022068 0.0012496939527857015
8 2.6 1.0 0.9982121281498684 0.0017511104668298304
8 2.7 1.0 0.9976334269540803 0.0023197295233662076
8 2.8 1.0 0.9969934015407702 0.002949390281710499
8 2.9 1.0 0.9962980281160956 0.0036343546436801177
8 3.0 1.0 0.9955528558024039 0.004369279477780517
6 0.0 1.0 0.21357026042241956 0.22457565634132326
6 0.0001 1.0 0.9757824270498502 0.029530561531272318
6 0.001 1.0 0.9758094432680035 0.029496418024685233
6 0.01 1.0 0.9760784973916069 0.029156509275131387
6 0.1 1.0 0.9786600251988582 0.02590692834749616
6 0.2 1.0 0.981303448264314 0.022602120233517646
6 0.3 1.0 0.983721413483264 0.01960004859503994
6 0.4 1.0 0.9859253237167321 0.01688181857063918
6 0.5 1.0 0.9879262467183633 0.014429511157461957
6 0.6 1.0 0.9897349012605945 0.012226153706247944
6 0.7 1.0 0.9913616467545835 0.010255686604149496
6 0.8 1.0 0.9928164759500838 0.008502931452160575
6 0.9 1.0 0.9941090103949108 0.0069535617432306416
6 1.0 1.0 0.9952484984284522 0.005594075018503126
6 1.1 1.0 0.9962438155263812 0.004411764926789697
6 1.2 1.0 0.9971034668102908 0.00339469184819932
6 1.3 1.0 0.9978355915083471 0.002531651294195099
6 1.4 1.0 0.9984479691211651 0.0018121398851774196
6 1.5 1.0 0.998948027024042 0.0012263191933546806
6 1.6 1.0 0.9993428492281452 0.0007649780703007938
6 1.7 1.0 0.9996391860299736 0.0004194942520478624
6 1.8 1.0 0.9998434642979341 0.00018179607250969076
6 1.9 1.0 0.9999617981737361 4.432505224965415e-5
6 2.0 1.0 1.0 0.0
6 2.1 1.0 0.9999635913209501 4.218310156289118e-5
6 2.2 1.0 0.9998578138368569 0.00016464830130583772
6 2.3 1.0 0.9996876402236108 0.0003615521246523039
6 2.4 1.0 0.999457784754741 0.0006274069578262044
6 2.5 1.0 0.9991727136843322 0.0009570566994330782
6 2.6 1.0 0.9988366553654969 0.0013456546281224104
6 2.7 1.0 0.9984536100908811 0.001788643288978996
6 2.8 1.0 0.9980273596498458 0.002281736183803166
6 2.9 1.0 0.9975614766021292 0.002820901051421955
6 3.0 1.0 0.9970593332708155 0.003402344538066099
