# This file contains the mean IPR and standard errors for the generalized Haldane-Shastry model with arbitrary interaction range α 
 for various parameters in m=0 for this disordered systems.
# Here N is the system size, hj is the magnetic field strength, δ is the position disorder strength and α is the interaction range parameter.
# Columns: N, hj, δ, α, mean_r_statistic, std_error
 
N, hj, δ, α, -log2(IPR), std_error
 
10 0.0 0.0 0.0 3.2599785892637176 0.0
10 0.0 0.0 0.2 2.949828065550429 0.0
10 0.0 0.0 0.4 2.9512556534190875 0.0
10 0.0 0.0 0.6 3.3326444331741403 0.0
10 0.0 0.0 0.8 3.4213494501181265 0.0
10 0.0 0.0 1.0 3.5496927169783956 0.0
10 0.0 0.0 1.2 3.5740936876877467 0.0
10 0.0 0.0 1.4 3.613073431011482 0.0
10 0.0 0.0 1.6 3.597310125239704 0.0
10 0.0 0.0 1.8 3.577990349013661 0.0
10 0.0 0.0 2.0 3.5992819593962553 0.0
10 0.0 0.0 2.2 3.35251593568243 0.0
10 0.0 0.0 2.4 3.3317062583008417 0.0
10 0.0 0.0 2.6 3.313710452011081 0.0
10 0.0 0.0 2.8 3.2986949650627864 0.0
10 0.0 0.0 3.0 3.4514822043075344 0.0
10 0.0 0.1 0.0 6.384286801382753 8.330741423111154e-17
10 0.0 0.1 0.2 5.380430103869874 0.00022913278110405454
10 0.0 0.1 0.4 5.469603819393427 0.000686290350081364
10 0.0 0.1 0.6 5.811109978926445 0.0016273839189793967
10 0.0 0.1 0.8 6.162333047993655 0.0011015758992072926
10 0.0 0.1 1.0 6.1782732593650955 0.0010611635025422439
10 0.0 0.1 1.2 6.2587903301282015 0.0011081358819180535
10 0.0 0.1 1.4 6.298269723061728 0.0012101801430721623
10 0.0 0.1 1.6 6.193616449318772 0.0007779266507418982
10 0.0 0.1 1.8 6.186245280686104 0.0007037857889657113
10 0.0 0.1 2.0 6.1744968353380925 0.0012262056151908605
10 0.0 0.1 2.2 6.228689613191067 0.000824149658565039
10 0.0 0.1 2.4 6.264679650088752 0.0008802772622452754
10 0.0 0.1 2.6 6.288202358736323 0.00105850045962238
10 0.0 0.1 2.8 6.3092735509485065 0.0011960021148663131
10 0.0 0.1 3.0 6.301103686445645 0.0012286989084670334
10 0.0 0.3 0.0 6.384286801382753 8.330741423111154e-17
10 0.0 0.3 0.2 5.403884388674118 0.0009449402294443285
10 0.0 0.3 0.4 5.493076391797837 0.0013044827215998886
10 0.0 0.3 0.6 5.832681841222427 0.0016644971471736498
10 0.0 0.3 0.8 6.097614176729763 0.001270905980455537
10 0.0 0.3 1.0 6.099561645443065 0.0012604216746104893
10 0.0 0.3 1.2 6.173839734568371 0.0014093456970484008
10 0.0 0.3 1.4 6.2048582169958415 0.0015802696566376768
10 0.0 0.3 1.6 6.192170487825594 0.00180002201964097
10 0.0 0.3 1.8 6.1601548422916315 0.002196111239703382
10 0.0 0.3 2.0 6.137429251155461 0.0026553626102271124
10 0.0 0.3 2.2 6.113931090606579 0.0030822398169763144
10 0.0 0.3 2.4 6.080693650424733 0.0036208427513362553
10 0.0 0.3 2.6 6.059209099534138 0.004477229996465514
10 0.0 0.3 2.8 6.019072128067132 0.005128141533473556
10 0.0 0.3 3.0 5.9851727086335424 0.005628194388598117
10 0.0 0.5 0.0 6.384286801382753 8.330741423111154e-17
10 0.0 0.5 0.2 5.413262495598606 0.0016151988404455955
10 0.0 0.5 0.4 5.511188752827814 0.0018068069051433544
10 0.0 0.5 0.6 5.831436669645627 0.0019755500495514102
10 0.0 0.5 0.8 6.030625499504399 0.0021350730409867686
10 0.0 0.5 1.0 6.067855538639952 0.002482247700719816
10 0.0 0.5 1.2 6.0863264137605 0.003605270623586986
10 0.0 0.5 1.4 6.047575925130656 0.004819727048168421
10 0.0 0.5 1.6 5.991543057054169 0.0058047755969359675
10 0.0 0.5 1.8 5.915921472254724 0.0065302322310107925
10 0.0 0.5 2.0 5.831889558415369 0.007349382062696699
10 0.0 0.5 2.2 5.789409492705304 0.007767902023781307
10 0.0 0.5 2.4 5.738773063428862 0.008011414119195325
10 0.0 0.5 2.6 5.701652517270647 0.008477433131426038
10 0.0 0.5 2.8 5.652316319817413 0.008509079995210523
10 0.0 0.5 3.0 5.59595936258922 0.008973524207728463
10 0.0 0.8 0.0 6.384286801382753 8.330741423111154e-17
10 0.0 0.8 0.2 5.4114243005052245 0.0023791304470118534
10 0.0 0.8 0.4 5.5625027784288035 0.002562163016198911
10 0.0 0.8 0.6 5.769218935294247 0.003533623391668148
10 0.0 0.8 0.8 5.842723700932144 0.005559953525234862
10 0.0 0.8 1.0 5.81707738544896 0.006821074854892447
10 0.0 0.8 1.2 5.776445656708729 0.008025141532825839
10 0.0 0.8 1.4 5.714225277268831 0.00870305990517035
10 0.0 0.8 1.6 5.624909621622059 0.008831472370296422
10 0.0 0.8 1.8 5.560042928232912 0.009143917818139368
10 0.0 0.8 2.0 5.488402748512835 0.009002081593158169
10 0.0 0.8 2.2 5.468566992452925 0.008588567234901472
10 0.0 0.8 2.4 5.403512815255904 0.008584575587854477
10 0.0 0.8 2.6 5.3702060926530075 0.008497975881975175
10 0.0 0.8 2.8 5.332697362959831 0.008102550029841346
10 0.0 0.8 3.0 5.2985556244484675 0.008111276964691808
10 0.0 1.0 0.0 6.384286801382753 8.330741423111154e-17
10 0.0 1.0 0.2 5.393496855078556 0.002963444325455765
10 0.0 1.0 0.4 5.574748612619749 0.003567330404891956
10 0.0 1.0 0.6 5.693596942772731 0.005006530889054682
10 0.0 1.0 0.8 5.704238122173347 0.007015512755703542
10 0.0 1.0 1.0 5.657257656661957 0.008418254459377916
10 0.0 1.0 1.2 5.587476201402542 0.00910527476488797
10 0.0 1.0 1.4 5.509010464142423 0.00908924468014857
10 0.0 1.0 1.6 5.462531451957817 0.00910768262418852
10 0.0 1.0 1.8 5.404967988120341 0.008777226853966766
10 0.0 1.0 2.0 5.36043157211776 0.008729358512366319
10 0.0 1.0 2.2 5.314217468966142 0.008261926907997095
10 0.0 1.0 2.4 5.294761055620315 0.007896561476719171
10 0.0 1.0 2.6 5.261811156840399 0.007637162416224092
10 0.0 1.0 2.8 5.223237697645831 0.006888055194867331
10 0.0 1.0 3.0 5.208879364678449 0.00694157800431544
10 0.1 0.0 0.0 4.369173594666293 0.006568855610910235
10 0.1 0.0 0.2 5.398710658705983 0.0009301637048832533
10 0.1 0.0 0.4 5.486655688784535 0.0007159723491883417
10 0.1 0.0 0.6 5.927025436413483 0.0021712244962885487
10 0.1 0.0 0.8 6.268799296262193 0.001580243821406908
10 0.1 0.0 1.0 6.299900359741447 0.0014490672078157393
10 0.1 0.0 1.2 6.235714551615242 0.0015330864899713841
10 0.1 0.0 1.4 6.230221720376905 0.0013351606746553782
10 0.1 0.0 1.6 6.138906656092562 0.0016029471314045038
10 0.1 0.0 1.8 6.11469329021107 0.001825886404239664
10 0.1 0.0 2.0 6.050240004598288 0.0024229959026018312
10 0.1 0.0 2.2 6.233816017153879 0.0015617438137730518
10 0.1 0.0 2.4 6.262478164156983 0.0014750478942701217
10 0.1 0.0 2.6 6.26990568324025 0.0012927724345413978
10 0.1 0.0 2.8 6.275185467653241 0.001165539330270941
10 0.1 0.0 3.0 6.265334721908425 0.0013502260855704446
10 0.1 0.1 0.0 4.3547005709873945 0.006498200583617426
10 0.1 0.1 0.2 5.397854467388374 0.000907327622020629
10 0.1 0.1 0.4 5.478659993174336 0.0009880993892755641
10 0.1 0.1 0.6 5.963393883555238 0.002252232398515719
10 0.1 0.1 0.8 6.287618683424644 0.0015370929097455568
10 0.1 0.1 1.0 6.310024836999888 0.0013544469490129806
10 0.1 0.1 1.2 6.249648846711648 0.0013640841496818557
10 0.1 0.1 1.4 6.255681691967307 0.0011445908590221132
10 0.1 0.1 1.6 6.21613925950011 0.0013883759625928228
10 0.1 0.1 1.8 6.187183505983287 0.001501574536987155
10 0.1 0.1 2.0 6.2636085419213625 0.0022569681021461724
10 0.1 0.1 2.2 6.286235824980718 0.0014368734742535077
10 0.1 0.1 2.4 6.293929803706957 0.0012542446681508338
10 0.1 0.1 2.6 6.2967443345511755 0.0012273593914847887
10 0.1 0.1 2.8 6.294140136918543 0.0012106663910380548
10 0.1 0.1 3.0 6.279549695775757 0.0012861713837393123
10 0.1 0.3 0.0 4.360649926981268 0.0066811423732017865
10 0.1 0.3 0.2 5.415427356835373 0.0012335711872197774
10 0.1 0.3 0.4 5.508560426752123 0.0014507768353996288
10 0.1 0.3 0.6 6.034920949747098 0.0024750604714737228
10 0.1 0.3 0.8 6.302250515506962 0.0017340916362211815
10 0.1 0.3 1.0 6.2670906617119595 0.0015499108778771395
10 0.1 0.3 1.2 6.252789144831342 0.001429691901394692
10 0.1 0.3 1.4 6.264757476294397 0.0013473172424972263
10 0.1 0.3 1.6 6.259070902248873 0.0015792083499506413
10 0.1 0.3 1.8 6.252550328243882 0.0018292648214180865
10 0.1 0.3 2.0 6.242510578641085 0.0023651878006644422
10 0.1 0.3 2.2 6.193568602669612 0.002991855348286426
10 0.1 0.3 2.4 6.162411724121423 0.0034042607320061862
10 0.1 0.3 2.6 6.109716672441643 0.004376676005857165
10 0.1 0.3 2.8 6.061614526265759 0.004937517788247948
10 0.1 0.3 3.0 6.01051211204629 0.0056439978872187295
10 0.1 0.5 0.0 4.355914821224641 0.006484576903238981
10 0.1 0.5 0.2 5.4201183485549755 0.0016963597497229176
10 0.1 0.5 0.4 5.530698157298654 0.0018895457009287704
10 0.1 0.5 0.6 6.054988314639289 0.002792383267096696
10 0.1 0.5 0.8 6.238142468775186 0.002417469300949347
10 0.1 0.5 1.0 6.213879129422118 0.002408043434962637
10 0.1 0.5 1.2 6.201631343588948 0.0028311546190364707
10 0.1 0.5 1.4 6.147922548750803 0.004391228864468857
10 0.1 0.5 1.6 6.086984183436831 0.005636138696676678
10 0.1 0.5 1.8 6.0046946410109365 0.0071099085258388775
10 0.1 0.5 2.0 5.9359977764716145 0.007478005444277534
10 0.1 0.5 2.2 5.850422506078307 0.008293675037651715
10 0.1 0.5 2.4 5.771761801196361 0.00858408085330022
10 0.1 0.5 2.6 5.6996193871763605 0.009396794705861982
10 0.1 0.5 2.8 5.603987930063773 0.009721540618926942
10 0.1 0.5 3.0 5.539809552829216 0.010471888035484413
10 0.1 0.8 0.0 4.361618318449417 0.0066359410129816
10 0.1 0.8 0.2 5.409170426208006 0.0023060682036518255
10 0.1 0.8 0.4 5.600158559082369 0.003056012827082917
10 0.1 0.8 0.6 6.004179767833907 0.003959469925064365
10 0.1 0.8 0.8 6.04114931901836 0.005866473186975868
10 0.1 0.8 1.0 5.972082171802365 0.007515909289212441
10 0.1 0.8 1.2 5.865501473777284 0.008797143796360669
10 0.1 0.8 1.4 5.754988090190499 0.009641976224137866
10 0.1 0.8 1.6 5.6755188652594 0.009987819422071399
10 0.1 0.8 1.8 5.587059237136087 0.010552958177473518
10 0.1 0.8 2.0 5.486466751366784 0.010587152460546579
10 0.1 0.8 2.2 5.387942012770045 0.01045445832024999
10 0.1 0.8 2.4 5.322027468271215 0.010746600402920274
10 0.1 0.8 2.6 5.2096329390338125 0.010779934822846024
10 0.1 0.8 2.8 5.137382838266232 0.010562703591104354
10 0.1 0.8 3.0 5.058752939061314 0.010563939115338978
10 0.1 1.0 0.0 4.3619748011398585 0.0063007929583426955
10 0.1 1.0 0.2 5.395632684191303 0.003035323963579357
10 0.1 1.0 0.4 5.679140622102421 0.004909547879065114
10 0.1 1.0 0.6 5.908202808363609 0.005632581642678709
10 0.1 1.0 0.8 5.8589974921749715 0.008219006005134071
10 0.1 1.0 1.0 5.769609729986545 0.009322454941118326
10 0.1 1.0 1.2 5.656927756848315 0.010358127310881562
10 0.1 1.0 1.4 5.553864836986508 0.010604267516638184
10 0.1 1.0 1.6 5.455282925064344 0.010544398959769836
10 0.1 1.0 1.8 5.351381001961528 0.010046633933036217
10 0.1 1.0 2.0 5.245178798799972 0.009851082692075134
10 0.1 1.0 2.2 5.193469896345806 0.009737560370658954
10 0.1 1.0 2.4 5.115094475315761 0.009364067242893216
10 0.1 1.0 2.6 5.016789481861123 0.00976586488454139
10 0.1 1.0 2.8 4.952490728623687 0.009633949397013224
10 0.1 1.0 3.0 4.886090739800235 0.009611012080736406
10 0.3 0.0 0.0 4.5157826859627725 0.004454875420901744
10 0.3 0.0 0.2 5.49207216274844 0.001971520580622991
10 0.3 0.0 0.4 5.627630949419912 0.0021380080756811894
10 0.3 0.0 0.6 6.175638480661271 0.0019415252189061891
10 0.3 0.0 0.8 6.3087279815458235 0.0014569539989585756
10 0.3 0.0 1.0 6.292116781684129 0.0014438683137618215
10 0.3 0.0 1.2 6.240804338365848 0.0016865894616232993
10 0.3 0.0 1.4 6.214909518866267 0.0019447082399713376
10 0.3 0.0 1.6 6.207797903843279 0.001967495942493385
10 0.3 0.0 1.8 6.209613262920535 0.001937117745595332
10 0.3 0.0 2.0 6.211767774231926 0.0021267985542098725
10 0.3 0.0 2.2 6.2586699192134905 0.00207168366699333
10 0.3 0.0 2.4 6.273826948532511 0.001880283483369913
10 0.3 0.0 2.6 6.275982286834987 0.001749463825577156
10 0.3 0.0 2.8 6.275767062653931 0.0019088539479748623
10 0.3 0.0 3.0 6.2777473953564344 0.0017782256127036255
10 0.3 0.1 0.0 4.513761607933393 0.0045201941077310384
10 0.3 0.1 0.2 5.489101652882908 0.0020510531088316327
10 0.3 0.1 0.4 5.619935242018919 0.002255730294188462
10 0.3 0.1 0.6 6.177692889146044 0.0020343945464348554
10 0.3 0.1 0.8 6.316897919554389 0.001452680875947109
10 0.3 0.1 1.0 6.2888565053764625 0.0015250202942546202
10 0.3 0.1 1.2 6.239865594795519 0.001709990014793623
10 0.3 0.1 1.4 6.223061993284657 0.0018870324495868765
10 0.3 0.1 1.6 6.221033261800954 0.0019396471234518454
10 0.3 0.1 1.8 6.2222373320139175 0.0019539946732993175
10 0.3 0.1 2.0 6.238582851356307 0.0018983737561057872
10 0.3 0.1 2.2 6.26489594790725 0.0020506614510868515
10 0.3 0.1 2.4 6.27201001751345 0.0018945101333459596
10 0.3 0.1 2.6 6.269443553659911 0.0019144113510787897
10 0.3 0.1 2.8 6.265448757298637 0.0018982275703428714
10 0.3 0.1 3.0 6.254323294935816 0.0020305006050129115
10 0.3 0.3 0.0 4.523949368488467 0.004392153676356538
10 0.3 0.3 0.2 5.482562513536424 0.002049664309171942
10 0.3 0.3 0.4 5.628067821233952 0.002601392725191832
10 0.3 0.3 0.6 6.172284581062032 0.0021254039995836204
10 0.3 0.3 0.8 6.31198898756006 0.0016791664169738818
10 0.3 0.3 1.0 6.277481391017291 0.0015182121765359565
10 0.3 0.3 1.2 6.233601662509473 0.0016928736522396825
10 0.3 0.3 1.4 6.2143185091334985 0.002145902716416842
10 0.3 0.3 1.6 6.213566480386915 0.00230467949470927
10 0.3 0.3 1.8 6.216254005503153 0.002333587355576316
10 0.3 0.3 2.0 6.202452089273482 0.002736339913751093
10 0.3 0.3 2.2 6.174400914539964 0.003243695711507728
10 0.3 0.3 2.4 6.120359017848093 0.004099123183681518
10 0.3 0.3 2.6 6.081178000763697 0.0046886893663404886
10 0.3 0.3 2.8 6.029512791009729 0.0057026308713543725
10 0.3 0.3 3.0 5.969780862734708 0.006379607196093847
10 0.3 0.5 0.0 4.510244256787728 0.004581385614142825
10 0.3 0.5 0.2 5.471380326249042 0.0022153604287830746
10 0.3 0.5 0.4 5.641515553088491 0.002931282302954351
10 0.3 0.5 0.6 6.178380381014759 0.0023273801592278865
10 0.3 0.5 0.8 6.270685829300297 0.002011863853817428
10 0.3 0.5 1.0 6.22160901794027 0.0023972922915861264
10 0.3 0.5 1.2 6.168414069137969 0.002898158576710665
10 0.3 0.5 1.4 6.117333162232675 0.004268309127047307
10 0.3 0.5 1.6 6.043469773283724 0.006055608231669947
10 0.3 0.5 1.8 5.9839249461905295 0.007162711603778101
10 0.3 0.5 2.0 5.874080430673425 0.008638127532176488
10 0.3 0.5 2.2 5.786764522593786 0.009548038839134746
10 0.3 0.5 2.4 5.670463453404952 0.011136736213842145
10 0.3 0.5 2.6 5.584141727088248 0.012146726156648663
10 0.3 0.5 2.8 5.462877164216874 0.012659945512497873
10 0.3 0.5 3.0 5.3621711197007995 0.013208020633927535
10 0.3 0.8 0.0 4.5123024646002685 0.0045278860851932015
10 0.3 0.8 0.2 5.451870227455688 0.0025353721425631546
10 0.3 0.8 0.4 5.7253292347278135 0.004266613645338422
10 0.3 0.8 0.6 6.135183222010851 0.003442417811360351
10 0.3 0.8 0.8 6.114539389153498 0.005492804587005238
10 0.3 0.8 1.0 5.996107229920279 0.007203321534961082
10 0.3 0.8 1.2 5.842006285677219 0.009268621676073351
10 0.3 0.8 1.4 5.711466308796979 0.010776850526529139
10 0.3 0.8 1.6 5.585803437993708 0.011964568327261789
10 0.3 0.8 1.8 5.46500609493146 0.012626534480486203
10 0.3 0.8 2.0 5.30486830830422 0.013402540844358197
10 0.3 0.8 2.2 5.206539144499359 0.013400441373907002
10 0.3 0.8 2.4 5.086482399543559 0.013984105683737773
10 0.3 0.8 2.6 4.94744971273093 0.014677719197552756
10 0.3 0.8 2.8 4.818920187538136 0.015311996655665242
10 0.3 0.8 3.0 4.724673741860822 0.01514255565070188
10 0.3 1.0 0.0 4.515940621285527 0.0043564351208479285
10 0.3 1.0 0.2 5.440360415963707 0.002878582897096775
10 0.3 1.0 0.4 5.800683729138238 0.005258409466165926
10 0.3 1.0 0.6 6.0251490837856725 0.0058708428963431475
10 0.3 1.0 0.8 5.928175559285739 0.008834434620246813
10 0.3 1.0 1.0 5.77522406351272 0.010095568192326541
10 0.3 1.0 1.2 5.582114223588889 0.011887828203087623
10 0.3 1.0 1.4 5.456776297967362 0.012734219076135776
10 0.3 1.0 1.6 5.304407429097348 0.012969207372315588
10 0.3 1.0 1.8 5.180027603264127 0.013431472255051992
10 0.3 1.0 2.0 5.0404670893148005 0.013228181933721357
10 0.3 1.0 2.2 4.919958276828738 0.013489780966741447
10 0.3 1.0 2.4 4.82043457277366 0.013694822029430323
10 0.3 1.0 2.6 4.70617518315834 0.013939190180849222
10 0.3 1.0 2.8 4.5749126869531045 0.013482545365336402
10 0.3 1.0 3.0 4.495094816946203 0.014028991963485005
10 0.5 0.0 0.0 4.7208952240202775 0.005146106245648696
10 0.5 0.0 0.2 5.550865532248363 0.0037480586670063207
10 0.5 0.0 0.4 5.73469611684052 0.003019765344842677
10 0.5 0.0 0.6 6.116485457823452 0.002997557714896984
10 0.5 0.0 0.8 6.193722879997542 0.0034724861093490024
10 0.5 0.0 1.0 6.1728709676598195 0.003564924861070597
10 0.5 0.0 1.2 6.114472541448765 0.004021448054878531
10 0.5 0.0 1.4 6.0736959748462915 0.004285766852061797
10 0.5 0.0 1.6 6.043200885031988 0.004990068190965424
10 0.5 0.0 1.8 6.01941174404432 0.006578009862878159
10 0.5 0.0 2.0 6.04510439549321 0.006744712113574252
10 0.5 0.0 2.2 6.06616387844594 0.006518577768319376
10 0.5 0.0 2.4 6.083471483148129 0.006310535693831207
10 0.5 0.0 2.6 6.069504629320889 0.006611618167833023
10 0.5 0.0 2.8 6.072935563739378 0.006697731018847472
10 0.5 0.0 3.0 6.075840814474056 0.006614194721944598
10 0.5 0.1 0.0 4.731807836062967 0.004991972677219859
10 0.5 0.1 0.2 5.557638593309023 0.0034470954698888534
10 0.5 0.1 0.4 5.73429185952176 0.0029932244970109416
10 0.5 0.1 0.6 6.111790573023063 0.002854512029341777
10 0.5 0.1 0.8 6.191529353836282 0.003460601259952106
10 0.5 0.1 1.0 6.171104436083449 0.00383832717669967
10 0.5 0.1 1.2 6.117686931559387 0.0040655855154718805
10 0.5 0.1 1.4 6.071176979920666 0.004587014215844127
10 0.5 0.1 1.6 6.03286832488352 0.0056703036152232445
10 0.5 0.1 1.8 6.032902431956193 0.006320977065177904
10 0.5 0.1 2.0 6.054983663882504 0.006353284029327331
10 0.5 0.1 2.2 6.059443598258393 0.0066089289279896496
10 0.5 0.1 2.4 6.067625442091164 0.006557133487439043
10 0.5 0.1 2.6 6.058989358664335 0.006958104066518662
10 0.5 0.1 2.8 6.055360042394833 0.007230396684611515
10 0.5 0.1 3.0 6.037346542814078 0.0072293888469526476
10 0.5 0.3 0.0 4.736152602532262 0.005278772867446724
10 0.5 0.3 0.2 5.552703004996673 0.003472021793766832
10 0.5 0.3 0.4 5.735714588855231 0.003201912762079965
10 0.5 0.3 0.6 6.117080594522313 0.003172885961927094
10 0.5 0.3 0.8 6.185274881185917 0.0033942065744042983
10 0.5 0.3 1.0 6.161446707121088 0.0035792744794936483
10 0.5 0.3 1.2 6.099340462407325 0.004057030306856755
10 0.5 0.3 1.4 6.040162097270524 0.004857683885277005
10 0.5 0.3 1.6 6.018329287070001 0.005837603201198928
10 0.5 0.3 1.8 5.9905761032657745 0.006671123782973017
10 0.5 0.3 2.0 5.980248638501579 0.007663280589915425
10 0.5 0.3 2.2 5.952751451555134 0.007840012094014635
10 0.5 0.3 2.4 5.9081680879050245 0.007933236860542774
10 0.5 0.3 2.6 5.856063132917412 0.00834891447736713
10 0.5 0.3 2.8 5.786747239613531 0.00986376997882993
10 0.5 0.3 3.0 5.700051979131481 0.010078116820989712
10 0.5 0.5 0.0 4.728673835860468 0.005084774033505137
10 0.5 0.5 0.2 5.535915202927413 0.0037252365496523872
10 0.5 0.5 0.4 5.7493938830029965 0.0035063047057544605
10 0.5 0.5 0.6 6.11825294248838 0.0031724426054955627
10 0.5 0.5 0.8 6.164318716941918 0.0036820486695419855
10 0.5 0.5 1.0 6.10097566354977 0.004041279920610305
10 0.5 0.5 1.2 6.025091578351805 0.0048460575872952315
10 0.5 0.5 1.4 5.940554359236854 0.0062850342001496366
10 0.5 0.5 1.6 5.863995107833528 0.007875046755118202
10 0.5 0.5 1.8 5.787917458135469 0.009581317254635631
10 0.5 0.5 2.0 5.651814602583641 0.011431925936116983
10 0.5 0.5 2.2 5.558154641242856 0.012445337258794185
10 0.5 0.5 2.4 5.401179294167481 0.014292849470644901
10 0.5 0.5 2.6 5.283224167501574 0.01524333618090914
10 0.5 0.5 2.8 5.1464126909458905 0.016484394451024537
10 0.5 0.5 3.0 5.010903960912084 0.016890740166074607
10 0.5 0.8 0.0 4.729739917382573 0.005055846467040187
10 0.5 0.8 0.2 5.522988734582347 0.00378291790034041
10 0.5 0.8 0.4 5.798747395458615 0.004549519621685377
10 0.5 0.8 0.6 6.0828445421457 0.004152253456083008
10 0.5 0.8 0.8 6.030986324981599 0.005531770404179181
10 0.5 0.8 1.0 5.886683911573717 0.007559810235416504
10 0.5 0.8 1.2 5.715700108801515 0.010582682459134525
10 0.5 0.8 1.4 5.559470875024688 0.011694030039194966
10 0.5 0.8 1.6 5.395578280796893 0.013749714710712574
10 0.5 0.8 1.8 5.189963875824506 0.01619042449207589
10 0.5 0.8 2.0 5.064153062924559 0.016041799785052598
10 0.5 0.8 2.2 4.92332101410655 0.016666986236824038
10 0.5 0.8 2.4 4.771100016673283 0.018123875647166877
10 0.5 0.8 2.6 4.603463186447609 0.017683031954309474
10 0.5 0.8 2.8 4.492412547755184 0.016928411478858502
10 0.5 0.8 3.0 4.355599350770302 0.018132366412567966
10 0.5 1.0 0.0 4.736722780085395 0.0049503109262039715
10 0.5 1.0 0.2 5.494953717518474 0.004081277560021348
10 0.5 1.0 0.4 5.851594060565304 0.0051391049000737606
10 0.5 1.0 0.6 5.991498729223559 0.005877622877801908
10 0.5 1.0 0.8 5.847927254124575 0.009456855084308822
10 0.5 1.0 1.0 5.6711764035956 0.011455629323374475
10 0.5 1.0 1.2 5.459345812567 0.01328077828438498
10 0.5 1.0 1.4 5.24385545736942 0.014956427430823718
10 0.5 1.0 1.6 5.075973850437348 0.016115320503762597
10 0.5 1.0 1.8 4.897848125956112 0.01651967757733632
10 0.5 1.0 2.0 4.758641477546059 0.015993200530641214
10 0.5 1.0 2.2 4.60943227277358 0.016455429176150605
10 0.5 1.0 2.4 4.472085079185692 0.01683770544505231
10 0.5 1.0 2.6 4.374512532934423 0.017219027015964887
10 0.5 1.0 2.8 4.200818396263089 0.016605481254110283
10 0.5 1.0 3.0 4.097971734425824 0.016295268463870808
10 0.8 0.0 0.0 4.822918021970014 0.0063534581135491815
10 0.8 0.0 0.2 5.420147200286727 0.007292228807712596
10 0.8 0.0 0.4 5.6763161940742215 0.005914649884893831
10 0.8 0.0 0.6 5.872096270309364 0.007790528764339738
10 0.8 0.0 0.8 5.895653171604824 0.008302517747371042
10 0.8 0.0 1.0 5.84329158415757 0.009037123057093999
10 0.8 0.0 1.2 5.762526956317773 0.009688315489861413
10 0.8 0.0 1.4 5.661080526490665 0.011640124014526
10 0.8 0.0 1.6 5.561936318046505 0.01373033127986785
10 0.8 0.0 1.8 5.48613941398381 0.015449521961986467
10 0.8 0.0 2.0 5.463746352949209 0.016810521708869642
10 0.8 0.0 2.2 5.433574078707224 0.018220043871845906
10 0.8 0.0 2.4 5.40638705843855 0.019181128826944126
10 0.8 0.0 2.6 5.425994390382428 0.019140848226168
10 0.8 0.0 2.8 5.424252074221155 0.019922774612339954
10 0.8 0.0 3.0 5.402728906153231 0.020081536324028898
10 0.8 0.1 0.0 4.813632212545217 0.0063291796295826715
10 0.8 0.1 0.2 5.433472951630906 0.007542660412599444
10 0.8 0.1 0.4 5.681423944401961 0.006117165988506756
10 0.8 0.1 0.6 5.862313985412253 0.00770065867901647
10 0.8 0.1 0.8 5.887441309373378 0.008318440243582892
10 0.8 0.1 1.0 5.852050138826404 0.00919215566499327
10 0.8 0.1 1.2 5.76864584046399 0.010228675602480827
10 0.8 0.1 1.4 5.661405546081647 0.011584540717750173
10 0.8 0.1 1.6 5.572283014072213 0.012901829875655569
10 0.8 0.1 1.8 5.517484864676578 0.015315344217625516
10 0.8 0.1 2.0 5.452764023712801 0.017377111955636945
10 0.8 0.1 2.2 5.399596232182496 0.017687019073911785
10 0.8 0.1 2.4 5.408242406195439 0.018915520842521048
10 0.8 0.1 2.6 5.412203027871961 0.019141824651735397
10 0.8 0.1 2.8 5.3678604679021245 0.02005966720448565
10 0.8 0.1 3.0 5.387971620026066 0.020032359452229604
10 0.8 0.3 0.0 4.832305742696752 0.006253711372239444
10 0.8 0.3 0.2 5.423698210491441 0.007381518124403456
10 0.8 0.3 0.4 5.6710517803456035 0.006286850396568584
10 0.8 0.3 0.6 5.871903893183179 0.007633910823600252
10 0.8 0.3 0.8 5.896789996041509 0.008309247493791245
10 0.8 0.3 1.0 5.8370301061001255 0.00904720174103971
10 0.8 0.3 1.2 5.735928938456517 0.009968384841680658
10 0.8 0.3 1.4 5.6207859992378175 0.012197638782266504
10 0.8 0.3 1.6 5.550829142364243 0.013324691668447191
10 0.8 0.3 1.8 5.457969783756247 0.015026327730880971
10 0.8 0.3 2.0 5.364457109204047 0.017469568677344782
10 0.8 0.3 2.2 5.313891076835537 0.01733183537570194
10 0.8 0.3 2.4 5.253634762324108 0.018528081548781803
10 0.8 0.3 2.6 5.177651627269764 0.018902014717649348
10 0.8 0.3 2.8 5.144305893237793 0.019107218293463932
10 0.8 0.3 3.0 5.033567615169496 0.020106042507954523
10 0.8 0.5 0.0 4.820972580168781 0.006419754700622859
10 0.8 0.5 0.2 5.412850400903251 0.007592375177405824
10 0.8 0.5 0.4 5.690871345318802 0.006307412345802048
10 0.8 0.5 0.6 5.877938815106897 0.007433902685143352
10 0.8 0.5 0.8 5.89277588209107 0.007855994522881913
10 0.8 0.5 1.0 5.793447552459608 0.008984609803737586
10 0.8 0.5 1.2 5.671608095947647 0.010466647063533115
10 0.8 0.5 1.4 5.528841619746276 0.011974315186816027
10 0.8 0.5 1.6 5.385559254558121 0.014303605753569268
10 0.8 0.5 1.8 5.23121826085434 0.015608356588165513
10 0.8 0.5 2.0 5.097565194814362 0.017645051954696896
10 0.8 0.5 2.2 4.963362146044307 0.018654187370672117
10 0.8 0.5 2.4 4.830390262315874 0.01915057394924103
10 0.8 0.5 2.6 4.693931893712282 0.01991048811624617
10 0.8 0.5 2.8 4.573201236815735 0.020826403073849448
10 0.8 0.5 3.0 4.44083421477373 0.021036830223908707
10 0.8 0.8 0.0 4.811487925762197 0.006502274754251843
10 0.8 0.8 0.2 5.41014363152664 0.007230360331183065
10 0.8 0.8 0.4 5.71254251300765 0.00722214659367163
10 0.8 0.8 0.6 5.8695493598601445 0.00782891627453222
10 0.8 0.8 0.8 5.791307267522117 0.008336700821237764
10 0.8 0.8 1.0 5.6252780236607105 0.01005789972020718
10 0.8 0.8 1.2 5.392972101349013 0.01283000517843197
10 0.8 0.8 1.4 5.140026633247016 0.015242839666741127
10 0.8 0.8 1.6 4.938280911937899 0.017470037708877912
10 0.8 0.8 1.8 4.722962189912686 0.018465999869264473
10 0.8 0.8 2.0 4.534383791489965 0.01877836395996328
10 0.8 0.8 2.2 4.379981990929051 0.019726052285325413
10 0.8 0.8 2.4 4.200430117978799 0.02005763292125667
10 0.8 0.8 2.6 4.064009030394989 0.020638536120958405
10 0.8 0.8 2.8 3.9338434563838423 0.01962762975911329
10 0.8 0.8 3.0 3.8173659222232708 0.01903766672802505
10 0.8 1.0 0.0 4.816477038841537 0.006403900973486149
10 0.8 1.0 0.2 5.406415773144419 0.007279369829993213
10 0.8 1.0 0.4 5.741953442790151 0.007424639416618255
10 0.8 1.0 0.6 5.794759221048737 0.008773579334162384
10 0.8 1.0 0.8 5.621612101285288 0.011653797695914674
10 0.8 1.0 1.0 5.379205796881614 0.014029919644192115
10 0.8 1.0 1.2 5.120114343793282 0.015540731465357473
10 0.8 1.0 1.4 4.855634550588238 0.017389548587060953
10 0.8 1.0 1.6 4.637667959048564 0.017074397069722365
10 0.8 1.0 1.8 4.440081145774682 0.01942128921106667
10 0.8 1.0 2.0 4.244969897128783 0.018863861713697576
10 0.8 1.0 2.2 4.108391214742279 0.019520664337947167
10 0.8 1.0 2.4 3.9680943934799973 0.019394105594153707
10 0.8 1.0 2.6 3.8167652151950238 0.01812613310651402
10 0.8 1.0 2.8 3.7172736708144094 0.017967496245520662
10 0.8 1.0 3.0 3.6225099723043304 0.017194478933748862
10 1.0 0.0 0.0 4.7395741828627145 0.007617536454832441
10 1.0 0.0 0.2 5.22621896310291 0.01021803595866396
10 1.0 0.0 0.4 5.484804715970067 0.009853585718549381
10 1.0 0.0 0.6 5.62977708434001 0.01172510682630013
10 1.0 0.0 0.8 5.629923632569299 0.012132051089917781
10 1.0 0.0 1.0 5.57739512115434 0.013063031952581258
10 1.0 0.0 1.2 5.449310940701893 0.014496220338249412
10 1.0 0.0 1.4 5.3077518318155406 0.016116915584458838
10 1.0 0.0 1.6 5.19001192814159 0.01741482722543978
10 1.0 0.0 1.8 5.072188528480309 0.019659775521104143
10 1.0 0.0 2.0 4.93138418370559 0.022158589001480742
10 1.0 0.0 2.2 4.891127000215231 0.024037601043308637
10 1.0 0.0 2.4 4.887378960559322 0.024264617865510596
10 1.0 0.0 2.6 4.8601901249541495 0.025490254972066084
10 1.0 0.0 2.8 4.763257710219316 0.026656044552862877
10 1.0 0.0 3.0 4.792869123439176 0.02644363653404617
10 1.0 0.1 0.0 4.7344823350448815 0.007751987302175389
10 1.0 0.1 0.2 5.236481721554637 0.010181677410134527
10 1.0 0.1 0.4 5.494596777214338 0.009651570540780925
10 1.0 0.1 0.6 5.632872299933266 0.011648707785569291
10 1.0 0.1 0.8 5.627640488218928 0.01248456810201239
10 1.0 0.1 1.0 5.54095177084172 0.013254399764329645
10 1.0 0.1 1.2 5.410241322619743 0.014886965122411422
10 1.0 0.1 1.4 5.329022225010284 0.01601241781368775
10 1.0 0.1 1.6 5.165034992643416 0.018225307221109082
10 1.0 0.1 1.8 5.0543120366274605 0.020204703456793677
10 1.0 0.1 2.0 4.962623929694665 0.021626769239516827
10 1.0 0.1 2.2 4.911443151108168 0.023414289097850944
10 1.0 0.1 2.4 4.830258765313016 0.025113099518861294
10 1.0 0.1 2.6 4.809374538941267 0.02624732507380423
10 1.0 0.1 2.8 4.802373522915487 0.026167481762354197
10 1.0 0.1 3.0 4.783163975179187 0.026465872911210626
10 1.0 0.3 0.0 4.729591829082733 0.008185178308696911
10 1.0 0.3 0.2 5.234709148631815 0.010230251597951788
10 1.0 0.3 0.4 5.485531993764502 0.01014116932965038
10 1.0 0.3 0.6 5.621786878254646 0.011464739121317546
10 1.0 0.3 0.8 5.628346810559038 0.012604818018223812
10 1.0 0.3 1.0 5.532526609448873 0.013130242742546318
10 1.0 0.3 1.2 5.42952196247586 0.014138383529946166
10 1.0 0.3 1.4 5.284288078570945 0.016533917987380305
10 1.0 0.3 1.6 5.134524556841325 0.01718230737050855
10 1.0 0.3 1.8 5.034714815541534 0.02030205350574222
10 1.0 0.3 2.0 4.878074123076251 0.02139518977503622
10 1.0 0.3 2.2 4.834481060189084 0.02336243467859625
10 1.0 0.3 2.4 4.726414203374511 0.023335812612814394
10 1.0 0.3 2.6 4.691538600655835 0.023623870566200713
10 1.0 0.3 2.8 4.62264826884273 0.023446078047834183
10 1.0 0.3 3.0 4.564693421941505 0.024913190311617324
10 1.0 0.5 0.0 4.723671728936068 0.008038526390528324
10 1.0 0.5 0.2 5.228519285103362 0.009864642900259568
10 1.0 0.5 0.4 5.493912513451956 0.01049016058430769
10 1.0 0.5 0.6 5.634635565649127 0.011278581676815655
10 1.0 0.5 0.8 5.625408064671777 0.012202443335884028
10 1.0 0.5 1.0 5.517871777647424 0.01323104498301856
10 1.0 0.5 1.2 5.369797570463977 0.014590814061919862
10 1.0 0.5 1.4 5.188172744319021 0.016088250588559453
10 1.0 0.5 1.6 5.021303468780923 0.01772969031236941
10 1.0 0.5 1.8 4.843141314469827 0.01952790792562395
10 1.0 0.5 2.0 4.689291201154214 0.02038923492526855
10 1.0 0.5 2.2 4.516844046453703 0.021345711030816332
10 1.0 0.5 2.4 4.384273294388609 0.021552896854770468
10 1.0 0.5 2.6 4.249023632117361 0.021317424224316924
10 1.0 0.5 2.8 4.157289242788391 0.02265311779415015
10 1.0 0.5 3.0 3.971755978494099 0.02226034030413479
10 1.0 0.8 0.0 4.7273083385158285 0.007950689126009736
10 1.0 0.8 0.2 5.248847407139307 0.009440705734605776
10 1.0 0.8 0.4 5.526422196266351 0.01011523802993506
10 1.0 0.8 0.6 5.656607329741936 0.01063342233980216
10 1.0 0.8 0.8 5.57612012554841 0.011624609703625397
10 1.0 0.8 1.0 5.359822557719598 0.013088360652267489
10 1.0 0.8 1.2 5.145817316304027 0.014147978125784888
10 1.0 0.8 1.4 4.859150864689746 0.017693719691287246
10 1.0 0.8 1.6 4.6370754171183 0.018327775475600865
10 1.0 0.8 1.8 4.34589399187061 0.01972467194134135
10 1.0 0.8 2.0 4.226926699339247 0.02003482204693959
10 1.0 0.8 2.2 4.0259251930691615 0.0203319949067244
10 1.0 0.8 2.4 3.869330803104607 0.02052294270973561
10 1.0 0.8 2.6 3.7150643760356643 0.020255288204004844
10 1.0 0.8 2.8 3.627467760467231 0.019829650613230526
10 1.0 0.8 3.0 3.493118064181538 0.019299544263941478
10 1.0 1.0 0.0 4.748868242201717 0.008007273510540527
10 1.0 1.0 0.2 5.264705331216865 0.009522597647864872
10 1.0 1.0 0.4 5.550222587394325 0.010598454070503796
10 1.0 1.0 0.6 5.543852462820475 0.011627008848809324
10 1.0 1.0 0.8 5.408606684434082 0.01321176947085815
10 1.0 1.0 1.0 5.156824804377331 0.0153157214312365
10 1.0 1.0 1.2 4.880180339589664 0.016857114597443525
10 1.0 1.0 1.4 4.596802844846834 0.01807149524677386
10 1.0 1.0 1.6 4.33278844944838 0.019345138619139658
10 1.0 1.0 1.8 4.138285644963283 0.020149900430838034
10 1.0 1.0 2.0 3.924484381386753 0.018910142395412055
10 1.0 1.0 2.2 3.7455260921657683 0.019468793030758602
10 1.0 1.0 2.4 3.6782575947228326 0.019402554466484923
10 1.0 1.0 2.6 3.519378432404443 0.018327268164075795
10 1.0 1.0 2.8 3.390792823630486 0.01838022324356472
10 1.0 1.0 3.0 3.354108814172267 0.016950378728225822
10 1.2 0.0 0.0 4.609634442203933 0.009599436325734569
10 1.2 0.0 0.2 5.019473159962479 0.01299368147371543
10 1.2 0.0 0.4 5.260740447900722 0.013913590525962463
10 1.2 0.0 0.6 5.320273530961759 0.01577210911859363
10 1.2 0.0 0.8 5.301361300429052 0.016195850265330245
10 1.2 0.0 1.0 5.234798682652584 0.01690020844226462
10 1.2 0.0 1.2 5.0755437446566924 0.018198043355084532
10 1.2 0.0 1.4 4.93490212586645 0.020155458478281096
10 1.2 0.0 1.6 4.7317093459009705 0.02084154701523982
10 1.2 0.0 1.8 4.6646827652185605 0.023160570594554085
10 1.2 0.0 2.0 4.456484276412218 0.024509801367910606
10 1.2 0.0 2.2 4.369131714838924 0.02603918969982353
10 1.2 0.0 2.4 4.383421888460067 0.027666308475009435
10 1.2 0.0 2.6 4.278390408590445 0.028679926266011752
10 1.2 0.0 2.8 4.255875841697026 0.029656241494120147
10 1.2 0.0 3.0 4.222385135731519 0.029999694441894164
10 1.2 0.1 0.0 4.5888810737046875 0.009307313019465987
10 1.2 0.1 0.2 5.010572816307397 0.012139934826502814
10 1.2 0.1 0.4 5.246482218002035 0.013638511051425606
10 1.2 0.1 0.6 5.347148798065306 0.01461626339406082
10 1.2 0.1 0.8 5.3156155044747795 0.016464967633546566
10 1.2 0.1 1.0 5.241450099588198 0.01632388614367582
10 1.2 0.1 1.2 5.06107602311544 0.017620501015358364
10 1.2 0.1 1.4 4.903604344908428 0.020046537093615556
10 1.2 0.1 1.6 4.716698628610442 0.02188692577119675
10 1.2 0.1 1.8 4.616471861308434 0.023300539903991384
10 1.2 0.1 2.0 4.475451079313976 0.02562916700319329
10 1.2 0.1 2.2 4.428932201418635 0.026768976666213872
10 1.2 0.1 2.4 4.267443104856316 0.026627776183934825
10 1.2 0.1 2.6 4.281756995567107 0.029498460723382042
10 1.2 0.1 2.8 4.248097919885863 0.030204497597059964
10 1.2 0.1 3.0 4.224488685874372 0.02968762940547429
10 1.2 0.3 0.0 4.6015234206724465 0.009427664630530814
10 1.2 0.3 0.2 5.0399950982358925 0.012389230700141876
10 1.2 0.3 0.4 5.252359274844971 0.013252215596253265
10 1.2 0.3 0.6 5.339356714187395 0.01520348707540105
10 1.2 0.3 0.8 5.316920201673901 0.015940257511013467
10 1.2 0.3 1.0 5.214155322285821 0.016717599523864295
10 1.2 0.3 1.2 5.089827157072808 0.017516075843865164
10 1.2 0.3 1.4 4.925251880236039 0.0194194527193117
10 1.2 0.3 1.6 4.710601804942471 0.021832001339414944
10 1.2 0.3 1.8 4.5950605020167465 0.022320556097099084
10 1.2 0.3 2.0 4.4542216262575876 0.02308480568765897
10 1.2 0.3 2.2 4.345044471547499 0.024852589714313512
10 1.2 0.3 2.4 4.234316173709272 0.02623245493399422
10 1.2 0.3 2.6 4.166797719173007 0.027015258523712445
10 1.2 0.3 2.8 4.125942117507345 0.026831719763415994
10 1.2 0.3 3.0 4.0268696105111825 0.02674307447722217
10 1.2 0.5 0.0 4.6088876109428485 0.009307206619948025
10 1.2 0.5 0.2 5.049064599493203 0.012465715385293527
10 1.2 0.5 0.4 5.27698193105677 0.01343142913823955
10 1.2 0.5 0.6 5.355840652745205 0.015288945168579492
10 1.2 0.5 0.8 5.320589812143693 0.01599596747975656
10 1.2 0.5 1.0 5.214577695117549 0.01668314342033784
10 1.2 0.5 1.2 5.040935058912907 0.017267503566701845
10 1.2 0.5 1.4 4.848818733567268 0.018180333720778163
10 1.2 0.5 1.6 4.653715133220761 0.019521719694818716
10 1.2 0.5 1.8 4.499934817646929 0.021382569174908425
10 1.2 0.5 2.0 4.295915518156226 0.02260492714272818
10 1.2 0.5 2.2 4.095090367691051 0.02317663539910273
10 1.2 0.5 2.4 4.020382290966188 0.022821087930650123
10 1.2 0.5 2.6 3.8892575727113394 0.02338203178685736
10 1.2 0.5 2.8 3.745606612711943 0.023412622231475486
10 1.2 0.5 3.0 3.6639197721635917 0.02338034563576339
10 1.2 0.8 0.0 4.592491960257958 0.009391841795402901
10 1.2 0.8 0.2 5.069040615624882 0.011717675211960958
10 1.2 0.8 0.4 5.2880932156626335 0.013571373357808496
10 1.2 0.8 0.6 5.383489404848946 0.013759321715467822
10 1.2 0.8 0.8 5.288899217596014 0.015041400316952646
10 1.2 0.8 1.0 5.103557209884213 0.015531772403913893
10 1.2 0.8 1.2 4.833704220226377 0.01682430097561619
10 1.2 0.8 1.4 4.539795939992913 0.01891696989423442
10 1.2 0.8 1.6 4.324305060936584 0.020139524489766077
10 1.2 0.8 1.8 4.081162150843379 0.020346688454243353
10 1.2 0.8 2.0 3.908857222326813 0.021055114049358236
10 1.2 0.8 2.2 3.7015226336551925 0.021577447549418413
10 1.2 0.8 2.4 3.571096658759591 0.021148593628878082
10 1.2 0.8 2.6 3.3925567569870334 0.02018344271114848
10 1.2 0.8 2.8 3.3240966710308184 0.020329306263982428
10 1.2 0.8 3.0 3.2168816455929594 0.01879826461921504
10 1.2 1.0 0.0 4.594161571179487 0.009205100543512729
10 1.2 1.0 0.2 5.083135346416452 0.011910363717158978
10 1.2 1.0 0.4 5.310853174458888 0.013660516136737615
10 1.2 1.0 0.6 5.330223659153206 0.014496836431767418
10 1.2 1.0 0.8 5.158487968900743 0.015907353267084545
10 1.2 1.0 1.0 4.894527549645536 0.01683199216449565
10 1.2 1.0 1.2 4.623233432618142 0.01805247604877504
10 1.2 1.0 1.4 4.327664566481298 0.01948947496614003
10 1.2 1.0 1.6 4.06142157328633 0.020181302563657
10 1.2 1.0 1.8 3.895574088575168 0.020114856385577144
10 1.2 1.0 2.0 3.6800578931047614 0.01911924959046736
10 1.2 1.0 2.2 3.4936177132885726 0.01970185223205087
10 1.2 1.0 2.4 3.4092956471633364 0.019029379485861912
10 1.2 1.0 2.6 3.3089364066069136 0.01864376684382977
10 1.2 1.0 2.8 3.1760941305917023 0.017787452711332405
10 1.2 1.0 3.0 3.0981063904507673 0.017811966808322165
10 1.5 0.0 0.0 4.388990750283398 0.011300250804714576
10 1.5 0.0 0.2 4.662514338065591 0.01565583017133257
10 1.5 0.0 0.4 4.872682597820959 0.017173977576930496
10 1.5 0.0 0.6 4.89125399828771 0.018852831011560905
10 1.5 0.0 0.8 4.82009809424745 0.0199814146909148
10 1.5 0.0 1.0 4.7252520702781915 0.02095985791869436
10 1.5 0.0 1.2 4.492729711939256 0.022515488017570584
10 1.5 0.0 1.4 4.385580701736676 0.022815751822928526
10 1.5 0.0 1.6 4.163375079241586 0.023770432708702032
10 1.5 0.0 1.8 3.992396133808914 0.025792754453556513
10 1.5 0.0 2.0 3.9111624721153597 0.027229491250438494
10 1.5 0.0 2.2 3.732268261954791 0.028107809872210402
10 1.5 0.0 2.4 3.7074499808903467 0.02935891462575987
10 1.5 0.0 2.6 3.5791400364594312 0.03039337937779761
10 1.5 0.0 2.8 3.5588544634453934 0.030469002006702946
10 1.5 0.0 3.0 3.5008696109213617 0.02954123057586987
10 1.5 0.1 0.0 4.361765552353048 0.01091177213048232
10 1.5 0.1 0.2 4.6966157228086285 0.015502572872864832
10 1.5 0.1 0.4 4.859415327970795 0.017880084563214528
10 1.5 0.1 0.6 4.877238509479852 0.018948683422322653
10 1.5 0.1 0.8 4.865002302822508 0.019968276135774222
10 1.5 0.1 1.0 4.69253126057965 0.021406413111660375
10 1.5 0.1 1.2 4.5066302648884795 0.02269371532752619
10 1.5 0.1 1.4 4.414458161945261 0.022885085079387423
10 1.5 0.1 1.6 4.180305102367729 0.024171815558404742
10 1.5 0.1 1.8 4.021048609643575 0.025291914524019802
10 1.5 0.1 2.0 3.8641248613115438 0.02619964529774494
10 1.5 0.1 2.2 3.751008752943454 0.027669587229907325
10 1.5 0.1 2.4 3.659901441178991 0.02805611735373588
10 1.5 0.1 2.6 3.6322186978602913 0.029901059750568434
10 1.5 0.1 2.8 3.5772784569068956 0.030759438683568802
10 1.5 0.1 3.0 3.4671881500541963 0.031298491858139356
10 1.5 0.3 0.0 4.393443799944507 0.010718577088965151
10 1.5 0.3 0.2 4.6846925335008285 0.01553702805169877
10 1.5 0.3 0.4 4.868032731080512 0.018132233144233047
10 1.5 0.3 0.6 4.909036006691736 0.018617841447689253
10 1.5 0.3 0.8 4.829141720655127 0.019960024492694583
10 1.5 0.3 1.0 4.722647574191312 0.021070767111945693
10 1.5 0.3 1.2 4.508715450717483 0.02186193644920572
10 1.5 0.3 1.4 4.359327170980606 0.022949513692739627
10 1.5 0.3 1.6 4.178727768846449 0.02359707390058156
10 1.5 0.3 1.8 4.039200259863588 0.024319460269115457
10 1.5 0.3 2.0 3.874124865349085 0.026283521245918363
10 1.5 0.3 2.2 3.7293121032913037 0.025725862503057022
10 1.5 0.3 2.4 3.6408213181498152 0.028105738913975217
10 1.5 0.3 2.6 3.531230314127483 0.02788801065174565
10 1.5 0.3 2.8 3.5088166099901765 0.028553246451339945
10 1.5 0.3 3.0 3.461229929682047 0.027470585286219436
10 1.5 0.5 0.0 4.384643553803642 0.011015179182154961
10 1.5 0.5 0.2 4.70971376660998 0.014641769300712126
10 1.5 0.5 0.4 4.878506118677999 0.01755507722388173
10 1.5 0.5 0.6 4.919253009498673 0.01822052687874194
10 1.5 0.5 0.8 4.869353595704207 0.019270457275724587
10 1.5 0.5 1.0 4.74541065366917 0.020395901136391757
10 1.5 0.5 1.2 4.542981053609917 0.02005676602119551
10 1.5 0.5 1.4 4.352376880191249 0.022436002831919932
10 1.5 0.5 1.6 4.119973896029031 0.023150861208100993
10 1.5 0.5 1.8 3.907460721533006 0.02309706218487717
10 1.5 0.5 2.0 3.7358590701866667 0.023460778850602982
10 1.5 0.5 2.2 3.5597850482667677 0.023422919373251014
10 1.5 0.5 2.4 3.468009462039396 0.02345925443880356
10 1.5 0.5 2.6 3.3339347042005354 0.024105209662475792
10 1.5 0.5 2.8 3.265983145774655 0.023827748889159006
10 1.5 0.5 3.0 3.1785532702580563 0.022176259988839445
10 1.5 0.8 0.0 4.374834866183765 0.011168274838138611
10 1.5 0.8 0.2 4.698612552990717 0.015493817260997467
10 1.5 0.8 0.4 4.893605295200303 0.017221485015083606
10 1.5 0.8 0.6 4.985164732085222 0.017723403039284265
10 1.5 0.8 0.8 4.900072155813097 0.018390978288952264
10 1.5 0.8 1.0 4.6867669760766875 0.018612014732080556
10 1.5 0.8 1.2 4.404197077925443 0.020270371168883947
10 1.5 0.8 1.4 4.128098680660035 0.020102376909965008
10 1.5 0.8 1.6 3.8904836635191047 0.020786041080372714
10 1.5 0.8 1.8 3.6415938137851613 0.019810684919452006
10 1.5 0.8 2.0 3.4404722812293067 0.020817233469882235
10 1.5 0.8 2.2 3.3333791131654547 0.021794589714418222
10 1.5 0.8 2.4 3.1717833763640857 0.020477460089455377
10 1.5 0.8 2.6 3.1044039772029945 0.0205941279683677
10 1.5 0.8 2.8 2.9184290099208523 0.018704562349925798
10 1.5 0.8 3.0 2.9483194059411173 0.019907567798216286
10 1.5 1.0 0.0 4.3831622203345795 0.010946737878451617
10 1.5 1.0 0.2 4.754800301618561 0.014774314633438241
10 1.5 1.0 0.4 4.971891899797001 0.016530780503208223
10 1.5 1.0 0.6 4.919878479564553 0.018067439600801705
10 1.5 1.0 0.8 4.770181574460756 0.017868878199442235
10 1.5 1.0 1.0 4.493442803176728 0.018893656744661664
10 1.5 1.0 1.2 4.212925603853074 0.01974254388810906
10 1.5 1.0 1.4 3.9329201557940547 0.020240192383181473
10 1.5 1.0 1.6 3.701189719611964 0.02069922917102238
10 1.5 1.0 1.8 3.4666635041559117 0.020065029882405466
10 1.5 1.0 2.0 3.302751956847509 0.02014365190410759
10 1.5 1.0 2.2 3.1315434865055485 0.019069595895235675
10 1.5 1.0 2.4 3.0184988028973936 0.01909395866099039
10 1.5 1.0 2.6 2.9318952990990663 0.017737710522318918
10 1.5 1.0 2.8 2.8567558170242453 0.017665652474156725
10 1.5 1.0 3.0 2.8012544901630663 0.01677331567960952
10 2.0 0.0 0.0 3.9814489058369915 0.014304632403889229
10 2.0 0.0 0.2 4.168798796417135 0.01776598036065814
10 2.0 0.0 0.4 4.15852911384212 0.020202997968342788
10 2.0 0.0 0.6 4.204713735340632 0.02169999837010239
10 2.0 0.0 0.8 4.116867509782857 0.023253777177371822
10 2.0 0.0 1.0 3.9592307487160547 0.02353998270349041
10 2.0 0.0 1.2 3.7534525029585004 0.024895235847099507
10 2.0 0.0 1.4 3.617205248050145 0.024349399385960858
10 2.0 0.0 1.6 3.3953879949313563 0.025206932443450663
10 2.0 0.0 1.8 3.2366987696832497 0.02664356615104298
10 2.0 0.0 2.0 3.0748363409192394 0.025989888527338193
10 2.0 0.0 2.2 2.9533542201239027 0.027043362571894214
10 2.0 0.0 2.4 2.799389149612393 0.02591355397586817
10 2.0 0.0 2.6 2.8181243831845886 0.028040829502776816
10 2.0 0.0 2.8 2.723516429385324 0.028078153349277286
10 2.0 0.0 3.0 2.664033898314476 0.02899062684731922
10 2.0 0.1 0.0 4.007697125328684 0.01392561307024055
10 2.0 0.1 0.2 4.108458617876782 0.017915364929964518
10 2.0 0.1 0.4 4.215794328205195 0.020471165468347798
10 2.0 0.1 0.6 4.182027343419812 0.022196584481171015
10 2.0 0.1 0.8 4.118779069144267 0.02391160233929464
10 2.0 0.1 1.0 3.975133184426362 0.023433800166331634
10 2.0 0.1 1.2 3.7919962585963796 0.024303245357253856
10 2.0 0.1 1.4 3.5897370223923417 0.025021080015461095
10 2.0 0.1 1.6 3.394067633141606 0.02493678513696717
10 2.0 0.1 1.8 3.2126771885617518 0.025607013778240175
10 2.0 0.1 2.0 3.0609638048516175 0.025449451380456015
10 2.0 0.1 2.2 2.9933482723293947 0.026678448490081566
10 2.0 0.1 2.4 2.811020480176781 0.026511511150307913
10 2.0 0.1 2.6 2.7401486861882955 0.027340964834874894
10 2.0 0.1 2.8 2.687438101922054 0.027053967850317842
10 2.0 0.1 3.0 2.6511900096178858 0.028596260907256973
10 2.0 0.3 0.0 3.991569596719734 0.013492971460992348
10 2.0 0.3 0.2 4.138863566331301 0.018808142959641068
10 2.0 0.3 0.4 4.195950423852829 0.020473171791295198
10 2.0 0.3 0.6 4.215212874052645 0.02173976168743487
10 2.0 0.3 0.8 4.096728294257668 0.022838353471258434
10 2.0 0.3 1.0 3.9447302763122165 0.024243136650273417
10 2.0 0.3 1.2 3.791931430645852 0.02420729358337583
10 2.0 0.3 1.4 3.5992830541460723 0.024264380940769634
10 2.0 0.3 1.6 3.405295046718723 0.02479594503349315
10 2.0 0.3 1.8 3.258651971816596 0.02553200608720349
10 2.0 0.3 2.0 3.109313657063787 0.025146276631474763
10 2.0 0.3 2.2 2.9603285830438724 0.026759433767999673
10 2.0 0.3 2.4 2.823344432321142 0.02535827663371639
10 2.0 0.3 2.6 2.7731664357003982 0.026108455863848155
10 2.0 0.3 2.8 2.7263287828293596 0.02661836311058663
10 2.0 0.3 3.0 2.644657448005486 0.02683521020223993
10 2.0 0.5 0.0 4.005111461892743 0.014130177005450958
10 2.0 0.5 0.2 4.142601302844724 0.018818903874512474
10 2.0 0.5 0.4 4.27221800492438 0.020132380186603935
10 2.0 0.5 0.6 4.224616148778081 0.02196452237808401
10 2.0 0.5 0.8 4.0725210129201015 0.022682077075876737
10 2.0 0.5 1.0 3.9581826931056168 0.024139487061023618
10 2.0 0.5 1.2 3.813762126166162 0.022695887962444424
10 2.0 0.5 1.4 3.6269489857525863 0.02372978852041406
10 2.0 0.5 1.6 3.370165257890814 0.0230226369082079
10 2.0 0.5 1.8 3.256041631283307 0.023647026771019704
10 2.0 0.5 2.0 3.0495940938493997 0.023431759305677334
10 2.0 0.5 2.2 2.929835472480347 0.02261389032019046
10 2.0 0.5 2.4 2.7801685319259644 0.022936930868361346
10 2.0 0.5 2.6 2.7287711699276835 0.02272507018012396
10 2.0 0.5 2.8 2.622992674389425 0.022421673506065897
10 2.0 0.5 3.0 2.569326261069358 0.021829295836827838
10 2.0 0.8 0.0 4.004953650793253 0.014323194267984146
10 2.0 0.8 0.2 4.151786226789363 0.018047241705323732
10 2.0 0.8 0.4 4.303563255707567 0.02027662073858756
10 2.0 0.8 0.6 4.312460197817279 0.021971133910301862
10 2.0 0.8 0.8 4.208990407991853 0.02190744522150695
10 2.0 0.8 1.0 4.017143992322866 0.02203191356510923
10 2.0 0.8 1.2 3.7382395710035916 0.02112280708440634
10 2.0 0.8 1.4 3.5322194500156123 0.020881756348154673
10 2.0 0.8 1.6 3.287615573184783 0.020702720759520052
10 2.0 0.8 1.8 3.11219758300051 0.020874004970426574
10 2.0 0.8 2.0 2.950568871730689 0.020228699002602032
10 2.0 0.8 2.2 2.7837956768120344 0.019360504941790847
10 2.0 0.8 2.4 2.6601439237075564 0.019372428923774613
10 2.0 0.8 2.6 2.6101374749922486 0.018801693683894824
10 2.0 0.8 2.8 2.4909598328081137 0.018663136821093693
10 2.0 0.8 3.0 2.4453382057267814 0.01817119075901984
10 2.0 1.0 0.0 3.9973299295682785 0.01368501135024342
10 2.0 1.0 0.2 4.201025797519222 0.018115100288691965
10 2.0 1.0 0.4 4.35896119319729 0.01968393873520717
10 2.0 1.0 0.6 4.319201016899762 0.020466700294692396
10 2.0 1.0 0.8 4.162895052979953 0.02142256959562775
10 2.0 1.0 1.0 3.877093502957904 0.020478916247789976
10 2.0 1.0 1.2 3.61780042637444 0.0195393274402988
10 2.0 1.0 1.4 3.3902049708683006 0.02026041095387927
10 2.0 1.0 1.6 3.15762858298124 0.01939270937712889
10 2.0 1.0 1.8 2.9746935786847986 0.01901162857456027
10 2.0 1.0 2.0 2.8447576276072413 0.01906155495338476
10 2.0 1.0 2.2 2.734263558085537 0.018070179132133053
10 2.0 1.0 2.4 2.6337980497377047 0.018620059728546655
10 2.0 1.0 2.6 2.5400203414493374 0.017935771755505578
10 2.0 1.0 2.8 2.4967674777895463 0.01704828832614436
10 2.0 1.0 3.0 2.417540363352607 0.01615375428650763
10 4.0 0.0 0.0 2.916435060334657 0.016426405548817382
10 4.0 0.0 0.2 2.8455365428111628 0.018789356372083094
10 4.0 0.0 0.4 2.7190445436641943 0.02029497979985498
10 4.0 0.0 0.6 2.62793183021441 0.021141712943479
10 4.0 0.0 0.8 2.4249261108673132 0.02034814800215192
10 4.0 0.0 1.0 2.2687878570989954 0.02137607591001498
10 4.0 0.0 1.2 2.1321215339495256 0.02045480975713981
10 4.0 0.0 1.4 1.9817564329668005 0.02017754600920267
10 4.0 0.0 1.6 1.8308364162247006 0.01989863263140916
10 4.0 0.0 1.8 1.6959181697876473 0.018653009989269678
10 4.0 0.0 2.0 1.6163705696686625 0.019344683757494287
10 4.0 0.0 2.2 1.54020526734508 0.018650625601983235
10 4.0 0.0 2.4 1.4369659685272178 0.01862556827765182
10 4.0 0.0 2.6 1.4047505079124247 0.018097778087335176
10 4.0 0.0 2.8 1.3517644244636264 0.01808674928204348
10 4.0 0.0 3.0 1.3021704848321518 0.017754079481552443
10 4.0 0.1 0.0 2.917924456585647 0.0170943322110156
10 4.0 0.1 0.2 2.831105434681386 0.01861628805146294
10 4.0 0.1 0.4 2.745430854575646 0.019678290613293167
10 4.0 0.1 0.6 2.576706067993111 0.02037343914247886
10 4.0 0.1 0.8 2.4360262678504534 0.02117218196029246
10 4.0 0.1 1.0 2.3174879007553573 0.021468345626186897
10 4.0 0.1 1.2 2.1420651842945553 0.020221186566755166
10 4.0 0.1 1.4 2.0025950604960316 0.020092462817425983
10 4.0 0.1 1.6 1.8423922633916523 0.020694207816084245
10 4.0 0.1 1.8 1.738455957389321 0.018466613971893607
10 4.0 0.1 2.0 1.6102560712627225 0.018470785545070166
10 4.0 0.1 2.2 1.501403610924002 0.01765078446262597
10 4.0 0.1 2.4 1.4426388713455471 0.018447148713838565
10 4.0 0.1 2.6 1.4248909140424086 0.01792650732671968
10 4.0 0.1 2.8 1.316352433226781 0.016976301715603253
10 4.0 0.1 3.0 1.3281591238837442 0.018393418364741804
10 4.0 0.3 0.0 2.8818762717453867 0.016475400942922616
10 4.0 0.3 0.2 2.8192767587690164 0.018135143761118768
10 4.0 0.3 0.4 2.7508882786833535 0.020002376270824015
10 4.0 0.3 0.6 2.632252066371884 0.021887875460596697
10 4.0 0.3 0.8 2.4508737415540973 0.020581088643937158
10 4.0 0.3 1.0 2.3232334566781976 0.02304317723444917
10 4.0 0.3 1.2 2.0966391186768574 0.01959330485994604
10 4.0 0.3 1.4 1.9619457319461875 0.019611145374791247
10 4.0 0.3 1.6 1.8661501664315676 0.01897702070349336
10 4.0 0.3 1.8 1.7064034734941118 0.01789880993265944
10 4.0 0.3 2.0 1.6380984534848604 0.018432049557994466
10 4.0 0.3 2.2 1.5975845285258659 0.01872591076182883
10 4.0 0.3 2.4 1.484678287358744 0.017650603268124346
10 4.0 0.3 2.6 1.4664742534302284 0.01782511349146862
10 4.0 0.3 2.8 1.4209375983038175 0.01757761356007111
10 4.0 0.3 3.0 1.3335640764411176 0.01690089828558088
10 4.0 0.5 0.0 2.8841720922340714 0.01643571326799674
10 4.0 0.5 0.2 2.825914787332836 0.018450563100871228
10 4.0 0.5 0.4 2.7613152001703307 0.019059719833640996
10 4.0 0.5 0.6 2.6077614693633664 0.020334352928993205
10 4.0 0.5 0.8 2.471794490385296 0.022056055136234414
10 4.0 0.5 1.0 2.365432631442399 0.022247061844249308
10 4.0 0.5 1.2 2.1772699925320977 0.021595788637184313
10 4.0 0.5 1.4 2.0007876753055163 0.01945089143022344
10 4.0 0.5 1.6 1.872829777247059 0.019252953748822518
10 4.0 0.5 1.8 1.787212373660511 0.01799570648734124
10 4.0 0.5 2.0 1.7039210335454793 0.01862569752398159
10 4.0 0.5 2.2 1.5893384230413155 0.01813050508897986
10 4.0 0.5 2.4 1.5484125737775163 0.0168052889684944
10 4.0 0.5 2.6 1.514841536394277 0.016467750027761418
10 4.0 0.5 2.8 1.4594202328893342 0.016053312201540573
10 4.0 0.5 3.0 1.4432370242560426 0.01650717932202069
10 4.0 0.8 0.0 2.912136291492948 0.017181104385037026
10 4.0 0.8 0.2 2.830585100224853 0.018404339850051764
10 4.0 0.8 0.4 2.764844085564705 0.02021340986758945
10 4.0 0.8 0.6 2.6843782913634002 0.02076835176977994
10 4.0 0.8 0.8 2.534286780620115 0.02147253576900776
10 4.0 0.8 1.0 2.3957924696878976 0.0216785024604585
10 4.0 0.8 1.2 2.222773777362774 0.01967098391869582
10 4.0 0.8 1.4 2.0695752450661957 0.017734120516027907
10 4.0 0.8 1.6 1.9529877506265179 0.018033111516877937
10 4.0 0.8 1.8 1.8863792157110268 0.018837912221408102
10 4.0 0.8 2.0 1.7588926229511095 0.01590161818465989
10 4.0 0.8 2.2 1.7047534057521199 0.0165503938809291
10 4.0 0.8 2.4 1.6428961620461908 0.015309434879994668
10 4.0 0.8 2.6 1.6450724395714251 0.015118703087036483
10 4.0 0.8 2.8 1.5810699950763825 0.014543702001879363
10 4.0 0.8 3.0 1.5795916815280202 0.015585389569797487
10 4.0 1.0 0.0 2.9380990909352707 0.016012598037366176
10 4.0 1.0 0.2 2.884432880998067 0.018925125307276025
10 4.0 1.0 0.4 2.832010104527833 0.020751695258393297
10 4.0 1.0 0.6 2.7090751902309376 0.02125997760516588
10 4.0 1.0 0.8 2.5745148378030973 0.02088493122844806
10 4.0 1.0 1.0 2.421305223317374 0.01957206690115845
10 4.0 1.0 1.2 2.2554478634892066 0.01916186219055648
10 4.0 1.0 1.4 2.1185039140350175 0.01783527324828094
10 4.0 1.0 1.6 2.000514449546702 0.016989831975356372
10 4.0 1.0 1.8 1.9075867958458932 0.015484120654861332
10 4.0 1.0 2.0 1.8164088968383638 0.015741464813460275
10 4.0 1.0 2.2 1.7572822454101815 0.01565228830345107
10 4.0 1.0 2.4 1.7288714329174717 0.01560117754185979
10 4.0 1.0 2.6 1.6906247313895548 0.01504965145589399
10 4.0 1.0 2.8 1.6311258422466317 0.014442178310345284
10 4.0 1.0 3.0 1.658914764984441 0.014181233436885444
12 0.0 0.0 0.0 5.099930800711046 0.0
12 0.0 0.0 0.2 3.942915312278944 0.0
12 0.0 0.0 0.4 4.804117825259429 0.0
12 0.0 0.0 0.6 4.817083861383136 0.0
12 0.0 0.0 0.8 4.973285423312054 0.0
12 0.0 0.0 1.0 4.886390448788114 0.0
12 0.0 0.0 1.2 4.926809099756 0.0
12 0.0 0.0 1.4 4.984572501691872 0.0
12 0.0 0.0 1.6 5.036630956571629 0.0
12 0.0 0.0 1.8 5.05727508049367 0.0
12 0.0 0.0 2.0 5.21184644367527 0.0
12 0.0 0.0 2.2 5.1346882655389825 0.0
12 0.0 0.0 2.4 5.182944613183829 0.0
12 0.0 0.0 2.6 5.083125631245084 0.0
12 0.0 0.0 2.8 5.111759844424044 0.0
12 0.0 0.0 3.0 5.120636304171673 0.0
12 0.0 0.1 0.0 8.247163069579296 5.553827615407435e-16
12 0.0 0.1 0.2 7.030781980408307 0.0011024531493185714
12 0.0 0.1 0.4 7.479408937684167 0.0007487426952515687
12 0.0 0.1 0.6 7.747518105976769 0.0005493352828291056
12 0.0 0.1 0.8 7.840341774008045 0.0009045274723583952
12 0.0 0.1 1.0 7.684980180965046 0.0008358814712626469
12 0.0 0.1 1.2 7.786437197574439 0.0009605540903089197
12 0.0 0.1 1.4 7.851214395315012 0.0008674365464361078
12 0.0 0.1 1.6 7.879348923987732 0.0010093189810128156
12 0.0 0.1 1.8 7.875996129676058 0.0010269037187340322
12 0.0 0.1 2.0 7.907528222162429 0.0010271227637792817
12 0.0 0.1 2.2 7.924383825388937 0.0010374463263680626
12 0.0 0.1 2.4 7.935896358235508 0.0010240214731354535
12 0.0 0.1 2.6 7.9406234819886325 0.0010003427883351422
12 0.0 0.1 2.8 7.93618388430649 0.0009903256505136239
12 0.0 0.1 3.0 7.942283537377282 0.0010836398965363718
12 0.0 0.3 0.0 8.247163069579296 5.553827615407435e-16
12 0.0 0.3 0.2 7.070013269834216 0.0015295144702757266
12 0.0 0.3 0.4 7.554240773851527 0.0008819160698089242
12 0.0 0.3 0.6 7.806214800497257 0.0006383428123776678
12 0.0 0.3 0.8 7.937107826095914 0.0006702654473948984
12 0.0 0.3 1.0 7.822348074992701 0.0008370453013823202
12 0.0 0.3 1.2 7.875565683248718 0.0007665064586775762
12 0.0 0.3 1.4 7.903843397231649 0.0008907217928576285
12 0.0 0.3 1.6 7.919405962279383 0.0011551995321375272
12 0.0 0.3 1.8 7.916117746342756 0.00146376638794499
12 0.0 0.3 2.0 7.904555190783967 0.0018584785806766144
12 0.0 0.3 2.2 7.872794679640467 0.0024182685192972076
12 0.0 0.3 2.4 7.833936789478291 0.0028984831462923297
12 0.0 0.3 2.6 7.80125969743668 0.003434929818100192
12 0.0 0.3 2.8 7.7621286580504085 0.0042329440995141614
12 0.0 0.3 3.0 7.708488166207748 0.005192364610046986
12 0.0 0.5 0.0 8.247163069579296 5.553827615407435e-16
12 0.0 0.5 0.2 7.082030534801011 0.0018046469455955342
12 0.0 0.5 0.4 7.573301729992521 0.0009587885853150605
12 0.0 0.5 0.6 7.792997319222812 0.0008671282274886965
12 0.0 0.5 0.8 7.866161279404996 0.0017145579455879517
12 0.0 0.5 1.0 7.788554333335321 0.001736400951912942
12 0.0 0.5 1.2 7.7851698511092895 0.002916717152493438
12 0.0 0.5 1.4 7.751681706274524 0.004141146779037457
12 0.0 0.5 1.6 7.7020456391990475 0.005574481605632462
12 0.0 0.5 1.8 7.629279086172113 0.006866134855241179
12 0.0 0.5 2.0 7.552466663635662 0.008116842459547703
12 0.0 0.5 2.2 7.451589390175324 0.009000328110733848
12 0.0 0.5 2.4 7.350938272111103 0.009848491786832348
12 0.0 0.5 2.6 7.2719680555217 0.010511834672932104
12 0.0 0.5 2.8 7.181222109036247 0.010478832066024867
12 0.0 0.5 3.0 7.106549846510462 0.011269523785679882
12 0.0 0.8 0.0 8.247163069579296 5.553827615407435e-16
12 0.0 0.8 0.2 6.988048088462228 0.0038218320250899096
12 0.0 0.8 0.4 7.432406908755119 0.004499043203107223
12 0.0 0.8 0.6 7.603371251134198 0.0058999923110380674
12 0.0 0.8 0.8 7.57021511759914 0.007615226148440272
12 0.0 0.8 1.0 7.466457171451552 0.008158903628630473
12 0.0 0.8 1.2 7.3897543181330185 0.009391984301305176
12 0.0 0.8 1.4 7.258426343752088 0.010496383626315864
12 0.0 0.8 1.6 7.176365200625278 0.01116353536810719
12 0.0 0.8 1.8 7.043097187150955 0.011706511284668144
12 0.0 0.8 2.0 6.960935099115845 0.012118328910043514
12 0.0 0.8 2.2 6.8528698180728975 0.01124863840102767
12 0.0 0.8 2.4 6.761619501298468 0.011253921540569126
12 0.0 0.8 2.6 6.71002476716957 0.011126087015692126
12 0.0 0.8 2.8 6.63205789332802 0.010451219780656653
12 0.0 0.8 3.0 6.582085894762667 0.009985927152488127
12 0.0 1.0 0.0 8.247163069579296 5.553827615407435e-16
12 0.0 1.0 0.2 6.863467306025709 0.00526387072693324
12 0.0 1.0 0.4 7.283806535934354 0.006149788988982825
12 0.0 1.0 0.6 7.392869926423079 0.008401327302383884
12 0.0 1.0 0.8 7.324704092312806 0.009990284390347673
12 0.0 1.0 1.0 7.223381551065058 0.011060048078906544
12 0.0 1.0 1.2 7.1082563861815435 0.011033311626195343
12 0.0 1.0 1.4 6.985387006612075 0.011706859724022932
12 0.0 1.0 1.6 6.844640360962313 0.01146727452877768
12 0.0 1.0 1.8 6.792465108621084 0.011232319804451845
12 0.0 1.0 2.0 6.715658905718725 0.011110339262027678
12 0.0 1.0 2.2 6.612604494430713 0.010164531311634752
12 0.0 1.0 2.4 6.5598752994709395 0.009817474797421753
12 0.0 1.0 2.6 6.490624965409484 0.009110174684309129
12 0.0 1.0 2.8 6.441655785882324 0.008761162695975865
12 0.0 1.0 3.0 6.392296322295931 0.007907305674649475
12 0.1 0.0 0.0 6.277642377764705 0.0058426538674925905
12 0.1 0.0 0.2 7.05022563672696 0.00111471679274541
12 0.1 0.0 0.4 7.580472936960758 0.0012589228423083405
12 0.1 0.0 0.6 7.982793923770152 0.002000678552067239
12 0.1 0.0 0.8 8.101101626349077 0.0013184798621785226
12 0.1 0.0 1.0 8.021748872959982 0.0017982260800548364
12 0.1 0.0 1.2 8.091205518628207 0.0016919815343404976
12 0.1 0.0 1.4 8.107610591790262 0.0012371026993827385
12 0.1 0.0 1.6 8.075812501729082 0.0012723437655648127
12 0.1 0.0 1.8 8.044622887896978 0.0014286034037989679
12 0.1 0.0 2.0 7.999390141970574 0.0012285209784763265
12 0.1 0.0 2.2 8.0316069903674 0.0011105918326232203
12 0.1 0.0 2.4 8.047206635226416 0.0010347066488184849
12 0.1 0.0 2.6 8.03893694552965 0.001245885182074661
12 0.1 0.0 2.8 8.055428458092358 0.0010614149921529565
12 0.1 0.0 3.0 8.049087047620734 0.00128004397582153
12 0.1 0.1 0.0 6.27734066569451 0.006117567195776176
12 0.1 0.1 0.2 7.064975271818293 0.00124915227772389
12 0.1 0.1 0.4 7.597389641386477 0.0013587103430624532
12 0.1 0.1 0.6 8.039450686589978 0.0017218047016804544
12 0.1 0.1 0.8 8.130422818189224 0.0009185354465278218
12 0.1 0.1 1.0 8.064666721118344 0.0013937967388960608
12 0.1 0.1 1.2 8.134677033515755 0.0010291983923742967
12 0.1 0.1 1.4 8.136777339343963 0.0007901823465408741
12 0.1 0.1 1.6 8.111777646120164 0.0008417495158822878
12 0.1 0.1 1.8 8.089685851789003 0.0010303350183688122
12 0.1 0.1 2.0 8.073363373465964 0.0008012572714382875
12 0.1 0.1 2.2 8.083386973008297 0.0007508710475538128
12 0.1 0.1 2.4 8.085255295058444 0.0006896039648368475
12 0.1 0.1 2.6 8.090049892717486 0.0006591841781826531
12 0.1 0.1 2.8 8.085514652062955 0.0007185995208414593
12 0.1 0.1 3.0 8.080698070139203 0.0006695678441312051
12 0.1 0.3 0.0 6.269359653310962 0.005927033489555643
12 0.1 0.3 0.2 7.082314924751547 0.0015929553261417432
12 0.1 0.3 0.4 7.676073939591646 0.0015459842056210836
12 0.1 0.3 0.6 8.118036226462074 0.0013382745406190196
12 0.1 0.3 0.8 8.152596121625315 0.0005464280669072982
12 0.1 0.3 1.0 8.116172537073398 0.000972793732321594
12 0.1 0.3 1.2 8.151834264702599 0.0007244361101556454
12 0.1 0.3 1.4 8.13969156089879 0.0006786931102894158
12 0.1 0.3 1.6 8.119903208092607 0.0007533214835391952
12 0.1 0.3 1.8 8.097915342146143 0.0009837100897144258
12 0.1 0.3 2.0 8.06821326548185 0.001228571377668236
12 0.1 0.3 2.2 8.03978336613072 0.0016596569667819906
12 0.1 0.3 2.4 8.007427810117651 0.0021683876913548166
12 0.1 0.3 2.6 7.971823313235913 0.0027509752992555103
12 0.1 0.3 2.8 7.924229311350265 0.0036978006489555917
12 0.1 0.3 3.0 7.873312069313313 0.004899702157955172
12 0.1 0.5 0.0 6.273982534490384 0.005801715784380957
12 0.1 0.5 0.2 7.088863592599799 0.0017040667255844868
12 0.1 0.5 0.4 7.718336099901527 0.0016990731554679744
12 0.1 0.5 0.6 8.11430024820436 0.001394206615776806
12 0.1 0.5 0.8 8.1149761584188 0.0012127095662524318
12 0.1 0.5 1.0 8.090457987533341 0.0015353359495708812
12 0.1 0.5 1.2 8.068087194881032 0.0026287872402304714
12 0.1 0.5 1.4 8.001754922870889 0.003989648122130439
12 0.1 0.5 1.6 7.934793732784124 0.005228008124792853
12 0.1 0.5 1.8 7.846487560282749 0.006904220734263393
12 0.1 0.5 2.0 7.73344691639639 0.008644126223480425
12 0.1 0.5 2.2 7.625629898375859 0.00970666682227698
12 0.1 0.5 2.4 7.518169964978217 0.01107947670613388
12 0.1 0.5 2.6 7.401031822328508 0.012040199327038006
12 0.1 0.5 2.8 7.2743484471466555 0.01323103553190715
12 0.1 0.5 3.0 7.13410899815005 0.014212396291099423
12 0.1 0.8 0.0 6.276166147626146 0.005797273770393775
12 0.1 0.8 0.2 6.994544559881979 0.003759337862486085
12 0.1 0.8 0.4 7.6498222447289255 0.004000938674551425
12 0.1 0.8 0.6 7.972771719091269 0.004776486010465306
12 0.1 0.8 0.8 7.888087318214084 0.0067272671175495555
12 0.1 0.8 1.0 7.7718418422402795 0.00890970791102242
12 0.1 0.8 1.2 7.6283735227327 0.010936564203622648
12 0.1 0.8 1.4 7.476690558434472 0.012222374286381218
12 0.1 0.8 1.6 7.3127675685748 0.013428656396285347
12 0.1 0.8 1.8 7.1793827157257475 0.013781080450141215
12 0.1 0.8 2.0 7.014958844165005 0.014461510311528768
12 0.1 0.8 2.2 6.88585647423837 0.014923109747712427
12 0.1 0.8 2.4 6.699183790557101 0.014858522180061288
12 0.1 0.8 2.6 6.55924021363418 0.014972398697297553
12 0.1 0.8 2.8 6.464226479040906 0.015204396727124033
12 0.1 0.8 3.0 6.325307742498183 0.014754986178379545
12 0.1 1.0 0.0 6.274161245432784 0.0059125864997909075
12 0.1 1.0 0.2 6.881520220227326 0.0051658444211786225
12 0.1 1.0 0.4 7.570397562898815 0.005221405481599105
12 0.1 1.0 0.6 7.785501307849549 0.008028878964038077
12 0.1 1.0 0.8 7.661072936366346 0.01047851357523574
12 0.1 1.0 1.0 7.468552365960831 0.012601698426050896
12 0.1 1.0 1.2 7.295845261134171 0.013726751739445861
12 0.1 1.0 1.4 7.123228178383239 0.014461640926324454
12 0.1 1.0 1.6 6.959081604475856 0.014412445584054641
12 0.1 1.0 1.8 6.813499075943958 0.014246756294631045
12 0.1 1.0 2.0 6.65318503800476 0.014098791121362564
12 0.1 1.0 2.2 6.539125453680669 0.013932184139618884
12 0.1 1.0 2.4 6.4023711366201965 0.01391361215604116
12 0.1 1.0 2.6 6.271420168669101 0.014019416185092974
12 0.1 1.0 2.8 6.126684426745615 0.012955092133555949
12 0.1 1.0 3.0 6.020065667940744 0.013100188712997427
12 0.3 0.0 0.0 6.610399366974111 0.004835760056918746
12 0.3 0.0 0.2 7.22983106260109 0.002132254477437807
12 0.3 0.0 0.4 7.834100569634801 0.002452801704583619
12 0.3 0.0 0.6 8.148875840719711 0.0007489867984960623
12 0.3 0.0 0.8 8.141670544713303 0.0006415158785051607
12 0.3 0.0 1.0 8.133132792799291 0.0007074754917037675
12 0.3 0.0 1.2 8.143182647451546 0.0008790920861370532
12 0.3 0.0 1.4 8.130668015950498 0.0009792580944623264
12 0.3 0.0 1.6 8.10614665975386 0.0010517706408289186
12 0.3 0.0 1.8 8.089135829057575 0.0010449602140057705
12 0.3 0.0 2.0 8.072420194486659 0.0010383948753983937
12 0.3 0.0 2.2 8.075712938682985 0.0010966976943924123
12 0.3 0.0 2.4 8.081368145844547 0.0009805778361337966
12 0.3 0.0 2.6 8.085239563355307 0.0010043967129751594
12 0.3 0.0 2.8 8.08871060235056 0.0011266176897643686
12 0.3 0.0 3.0 8.091383082863548 0.0010362243530110619
12 0.3 0.1 0.0 6.608365155297123 0.005157842236526891
12 0.3 0.1 0.2 7.2204097905124245 0.0021781654164029114
12 0.3 0.1 0.4 7.8420637706293865 0.0024039337327792856
12 0.3 0.1 0.6 8.152998262284127 0.0006611414289439554
12 0.3 0.1 0.8 8.143555002231842 0.0006782570592255445
12 0.3 0.1 1.0 8.13517702596896 0.0007063454225218468
12 0.3 0.1 1.2 8.14461177034565 0.0008832402076156958
12 0.3 0.1 1.4 8.129920941042469 0.001033858136582162
12 0.3 0.1 1.6 8.108248958051421 0.0010354908770084804
12 0.3 0.1 1.8 8.093321603760556 0.001160397318003531
12 0.3 0.1 2.0 8.07999196851292 0.0010790476232977585
12 0.3 0.1 2.2 8.076381991365482 0.001165766889549982
12 0.3 0.1 2.4 8.078989864281837 0.001097220153480015
12 0.3 0.1 2.6 8.083719134100066 0.0010467530688799433
12 0.3 0.1 2.8 8.082853628483 0.0010682390816095016
12 0.3 0.1 3.0 8.0784079549421 0.0011245389465884476
12 0.3 0.3 0.0 6.606283390135814 0.004960144709176153
12 0.3 0.3 0.2 7.2164297487835425 0.0021238287698052325
12 0.3 0.3 0.4 7.8673078024683045 0.002102932583578468
12 0.3 0.3 0.6 8.159530534239916 0.0006390052696972074
12 0.3 0.3 0.8 8.139722643850083 0.0007140791607178675
12 0.3 0.3 1.0 8.137478315569352 0.0007944363217033079
12 0.3 0.3 1.2 8.132970014380794 0.0010309556194182223
12 0.3 0.3 1.4 8.112399321234301 0.0011335028763163224
12 0.3 0.3 1.6 8.08883946486695 0.001310595803154603
12 0.3 0.3 1.8 8.062733373418702 0.0014900014244126052
12 0.3 0.3 2.0 8.04308820034173 0.00168443705140713
12 0.3 0.3 2.2 8.017267385933158 0.0020066974817935417
12 0.3 0.3 2.4 7.9838838985442 0.0028052122345874723
12 0.3 0.3 2.6 7.934611443633367 0.003645404575437161
12 0.3 0.3 2.8 7.881977973434323 0.004787987860636304
12 0.3 0.3 3.0 7.817975412456878 0.00596569018015455
12 0.3 0.5 0.0 6.610235068647533 0.0046672867319598865
12 0.3 0.5 0.2 7.19760214375729 0.00238046750029753
12 0.3 0.5 0.4 7.895059406539963 0.002124204198779727
12 0.3 0.5 0.6 8.14802372668135 0.0008700066307760414
12 0.3 0.5 0.8 8.121614658050918 0.0008905195274459467
12 0.3 0.5 1.0 8.108850274577934 0.001232843917154788
12 0.3 0.5 1.2 8.067573369207443 0.002119933768889473
12 0.3 0.5 1.4 7.999104801624295 0.0036907876634696816
12 0.3 0.5 1.6 7.928442643819844 0.0049967710980102385
12 0.3 0.5 1.8 7.826876753741463 0.0070214422112826564
12 0.3 0.5 2.0 7.707151859487121 0.009118809213036564
12 0.3 0.5 2.2 7.571302448220569 0.011278363207040914
12 0.3 0.5 2.4 7.446802957597357 0.012908993917520149
12 0.3 0.5 2.6 7.286338120996766 0.014637200857252801
12 0.3 0.5 2.8 7.129801909931743 0.016231007107139074
12 0.3 0.5 3.0 6.958606314968688 0.017966303508639377
12 0.3 0.8 0.0 6.611843803360414 0.00468343158428323
12 0.3 0.8 0.2 7.111533996151268 0.00400665609768615
12 0.3 0.8 0.4 7.8589855256192225 0.0036942455539415394
12 0.3 0.8 0.6 8.060425200382365 0.00290986720046984
12 0.3 0.8 0.8 8.000736898978145 0.004436729957114956
12 0.3 0.8 1.0 7.845601945309915 0.008154723822366476
12 0.3 0.8 1.2 7.666885936148473 0.010921446086032276
12 0.3 0.8 1.4 7.467175553149086 0.013168559830797288
12 0.3 0.8 1.6 7.284228063382198 0.014704311168418367
12 0.3 0.8 1.8 7.077762617132632 0.017222728815704514
12 0.3 0.8 2.0 6.8704805672226 0.018608044736572755
12 0.3 0.8 2.2 6.668359283220394 0.018581800884642074
12 0.3 0.8 2.4 6.452453520522055 0.018824683084871462
12 0.3 0.8 2.6 6.279799821197444 0.020192909811810277
12 0.3 0.8 2.8 6.128125427080085 0.019893467196698246
12 0.3 0.8 3.0 5.876457218750908 0.019559286961868223
12 0.3 1.0 0.0 6.605704156797728 0.004867008442482861
12 0.3 1.0 0.2 7.011107067156033 0.00542341632912651
12 0.3 1.0 0.4 7.803174705387476 0.005105740631650006
12 0.3 1.0 0.6 7.918219751582815 0.00665146093515073
12 0.3 1.0 0.8 7.782184351877767 0.0099245417743951
12 0.3 1.0 1.0 7.564067155920319 0.0125779258412084
12 0.3 1.0 1.2 7.296471235187672 0.01553969588634291
12 0.3 1.0 1.4 7.046254683259228 0.01728617913107519
12 0.3 1.0 1.6 6.84427205008434 0.01755925577486898
12 0.3 1.0 1.8 6.60898962780987 0.01767033432005555
12 0.3 1.0 2.0 6.4277749544021985 0.01842971766624112
12 0.3 1.0 2.2 6.209569995968123 0.018185256984078264
12 0.3 1.0 2.4 6.000309938218223 0.018333968655157514
12 0.3 1.0 2.6 5.851637713019522 0.0183119314697437
12 0.3 1.0 2.8 5.649034806882505 0.017588738409109034
12 0.3 1.0 3.0 5.549999206132398 0.01856012182500239
12 0.5 0.0 0.0 6.689766728996659 0.003934342348541124
12 0.5 0.0 0.2 7.36276353891486 0.0022844935857819887
12 0.5 0.0 0.4 7.907631128623881 0.0020099317559440564
12 0.5 0.0 0.6 8.080362718404334 0.0020227166750222884
12 0.5 0.0 0.8 8.060363175668478 0.0021267661271489827
12 0.5 0.0 1.0 8.03852544823253 0.0024859557979028607
12 0.5 0.0 1.2 8.018476631015972 0.0031021006691223417
12 0.5 0.0 1.4 7.989233483809781 0.0035874969045091485
12 0.5 0.0 1.6 7.9585110858517165 0.004002196018336245
12 0.5 0.0 1.8 7.924751745925623 0.004932117639759431
12 0.5 0.0 2.0 7.915264310028962 0.004988963316510264
12 0.5 0.0 2.2 7.903611237247742 0.005482258818152512
12 0.5 0.0 2.4 7.90041700537388 0.005620718542635672
12 0.5 0.0 2.6 7.916512134371768 0.005042490036901296
12 0.5 0.0 2.8 7.906374095882397 0.00605009697970233
12 0.5 0.0 3.0 7.909803651402633 0.005990653434089771
12 0.5 0.1 0.0 6.692616732583212 0.004001821754185521
12 0.5 0.1 0.2 7.358252994322682 0.0024950879896755112
12 0.5 0.1 0.4 7.910668820091418 0.0018279791348515225
12 0.5 0.1 0.6 8.083885458841394 0.002046415026894795
12 0.5 0.1 0.8 8.060793739515523 0.0020410505135135377
12 0.5 0.1 1.0 8.03735609455412 0.002511050326503556
12 0.5 0.1 1.2 8.02301402550365 0.0031225123506187424
12 0.5 0.1 1.4 7.9815357919519245 0.0034795434613819802
12 0.5 0.1 1.6 7.943448147468038 0.004366879148936393
12 0.5 0.1 1.8 7.924847730347878 0.0049275235520032665
12 0.5 0.1 2.0 7.90813005328395 0.005096176363545314
12 0.5 0.1 2.2 7.900005317911184 0.005839750355080064
12 0.5 0.1 2.4 7.89582905638446 0.006119427200141271
12 0.5 0.1 2.6 7.89330419378847 0.006194628040762867
12 0.5 0.1 2.8 7.904677098406185 0.005395671483894145
12 0.5 0.1 3.0 7.890042524057497 0.006028950141426569
12 0.5 0.3 0.0 6.685937410197254 0.003978528166140237
12 0.5 0.3 0.2 7.351197926295556 0.0026019798433467205
12 0.5 0.3 0.4 7.921292678211403 0.0018957454312089315
12 0.5 0.3 0.6 8.078112987260344 0.002079314921308072
12 0.5 0.3 0.8 8.061497250238112 0.00197807694442717
12 0.5 0.3 1.0 8.036103653707714 0.002566960277768781
12 0.5 0.3 1.2 8.00864974033748 0.0032141482844629692
12 0.5 0.3 1.4 7.968816630208446 0.0038215330180742147
12 0.5 0.3 1.6 7.916186316824163 0.004695606715417916
12 0.5 0.3 1.8 7.88422686526482 0.00545404576487138
12 0.5 0.3 2.0 7.8378163687201825 0.006523081977654673
12 0.5 0.3 2.2 7.808744097730183 0.007219908649015018
12 0.5 0.3 2.4 7.759491494639544 0.007789847801063024
12 0.5 0.3 2.6 7.682257783376185 0.00881546089950702
12 0.5 0.3 2.8 7.6186629444412715 0.009830914553319525
12 0.5 0.3 3.0 7.527709874903365 0.011197276812533912
12 0.5 0.5 0.0 6.688134965444372 0.003840285551929802
12 0.5 0.5 0.2 7.3287636010350905 0.0030238225536877604
12 0.5 0.5 0.4 7.922686327390302 0.00211693484534969
12 0.5 0.5 0.6 8.068395113337562 0.0020432708568610763
12 0.5 0.5 0.8 8.042644159928145 0.0021917406671022846
12 0.5 0.5 1.0 8.01177484049413 0.0026049069012681523
12 0.5 0.5 1.2 7.955499492634073 0.00359021104410897
12 0.5 0.5 1.4 7.850528275578611 0.005180094093028851
12 0.5 0.5 1.6 7.744151971084911 0.007358358624925602
12 0.5 0.5 1.8 7.6269140969621425 0.009840606490507166
12 0.5 0.5 2.0 7.485290853965565 0.011683580983329238
12 0.5 0.5 2.2 7.300257697345034 0.014436585863714001
12 0.5 0.5 2.4 7.119464988185456 0.016125722384870637
12 0.5 0.5 2.6 6.902378255028294 0.018829956838674777
12 0.5 0.5 2.8 6.729042451192254 0.021275401932858953
12 0.5 0.5 3.0 6.49701721316821 0.022653220503451994
12 0.5 0.8 0.0 6.692187850521578 0.0038506208920481228
12 0.5 0.8 0.2 7.282639196552369 0.004412587752992696
12 0.5 0.8 0.4 7.896718626208379 0.003463415955610745
12 0.5 0.8 0.6 8.009599130957762 0.00294614820714193
12 0.5 0.8 0.8 7.944543399400589 0.004507544936981181
12 0.5 0.8 1.0 7.789759768169282 0.007794497493881086
12 0.5 0.8 1.2 7.554053886294909 0.011483899245276956
12 0.5 0.8 1.4 7.302991120045345 0.01505737318856627
12 0.5 0.8 1.6 7.05156774715531 0.017227463603674633
12 0.5 0.8 1.8 6.789283121070157 0.02031621258864367
12 0.5 0.8 2.0 6.526749481149322 0.02104234263060931
12 0.5 0.8 2.2 6.25936626372374 0.022742350166451906
12 0.5 0.8 2.4 6.073222776922664 0.022920759600203133
12 0.5 0.8 2.6 5.794619781798761 0.023670780606498076
12 0.5 0.8 2.8 5.604831523653114 0.02337252200565956
12 0.5 0.8 3.0 5.388733848745545 0.022812348142002004
12 0.5 1.0 0.0 6.689196768079289 0.003991463295209742
12 0.5 1.0 0.2 7.234232344325792 0.005743941992641242
12 0.5 1.0 0.4 7.856849675710477 0.004632817905123051
12 0.5 1.0 0.6 7.911048463431011 0.00574209473194952
12 0.5 1.0 0.8 7.738439794357787 0.009781734706927371
12 0.5 1.0 1.0 7.485376227178982 0.014096048890694083
12 0.5 1.0 1.2 7.143795018443099 0.017867388638165838
12 0.5 1.0 1.4 6.864739733709008 0.019069130199112452
12 0.5 1.0 1.6 6.554805999435238 0.020791714172624223
12 0.5 1.0 1.8 6.28432201461489 0.02138293828538125
12 0.5 1.0 2.0 6.04318686844297 0.021978925628148575
12 0.5 1.0 2.2 5.819569767261076 0.022433834190327344
12 0.5 1.0 2.4 5.571252323068597 0.021101232071749198
12 0.5 1.0 2.6 5.401961789955565 0.02136296389964911
12 0.5 1.0 2.8 5.1265306093183876 0.020281444912712332
12 0.5 1.0 3.0 4.988952582758466 0.02035071437207163
12 0.8 0.0 0.0 6.354021363176814 0.007956492466762534
12 0.8 0.0 0.2 7.276481179943107 0.005591678545964648
12 0.8 0.0 0.4 7.734324332289661 0.006368072985118957
12 0.8 0.0 0.6 7.847255719741797 0.0056597099514352255
12 0.8 0.0 0.8 7.8026679691434655 0.006712458985957899
12 0.8 0.0 1.0 7.740841533116493 0.007501678185795027
12 0.8 0.0 1.2 7.6792476766550255 0.009114992650505008
12 0.8 0.0 1.4 7.565366752077675 0.010385083940827869
12 0.8 0.0 1.6 7.474893702459387 0.012724099329986662
12 0.8 0.0 1.8 7.323769667991475 0.015584421405496306
12 0.8 0.0 2.0 7.243180441167567 0.018304759347671624
12 0.8 0.0 2.2 7.180061288616803 0.01989952102566489
12 0.8 0.0 2.4 7.11389079480004 0.021985928472226687
12 0.8 0.0 2.6 7.11926874364484 0.0226591254086229
12 0.8 0.0 2.8 7.096708511857495 0.02349389195412736
12 0.8 0.0 3.0 7.103413659913832 0.022996109839719094
12 0.8 0.1 0.0 6.365111297168816 0.0075878930779654475
12 0.8 0.1 0.2 7.267807949143868 0.005614989879165028
12 0.8 0.1 0.4 7.744435017560906 0.00629135334732759
12 0.8 0.1 0.6 7.840753674385096 0.00611042109753056
12 0.8 0.1 0.8 7.812424031345454 0.006459359055998472
12 0.8 0.1 1.0 7.750493469396701 0.007233291396336767
12 0.8 0.1 1.2 7.66408200305536 0.008830201225858224
12 0.8 0.1 1.4 7.54391138213048 0.010837425767440874
12 0.8 0.1 1.6 7.44074806492199 0.013440963809474266
12 0.8 0.1 1.8 7.36042426173518 0.015677018237652905
12 0.8 0.1 2.0 7.234710943343063 0.018054132870102994
12 0.8 0.1 2.2 7.19878060578693 0.019712511771947265
12 0.8 0.1 2.4 7.131231083531669 0.022006733511247975
12 0.8 0.1 2.6 7.108369415277325 0.02252285352349655
12 0.8 0.1 2.8 7.059014781184287 0.02473860089367604
12 0.8 0.1 3.0 7.071070022721014 0.024235814574564574
12 0.8 0.3 0.0 6.367431658974896 0.007945234904184017
12 0.8 0.3 0.2 7.268364466234751 0.005655710526515055
12 0.8 0.3 0.4 7.750128633129594 0.006179470051168343
12 0.8 0.3 0.6 7.829838706927873 0.006435515445606332
12 0.8 0.3 0.8 7.801546770682586 0.006258158475050753
12 0.8 0.3 1.0 7.749476311199477 0.007252715143259783
12 0.8 0.3 1.2 7.666079905787073 0.00881422174219013
12 0.8 0.3 1.4 7.526886810994504 0.011444455630655766
12 0.8 0.3 1.6 7.4006188692873 0.013347559809506932
12 0.8 0.3 1.8 7.246293212488963 0.01684645815613828
12 0.8 0.3 2.0 7.155950732367332 0.01847545025813844
12 0.8 0.3 2.2 7.0286671904561215 0.020847746820637378
12 0.8 0.3 2.4 6.925328662310648 0.02218113153286011
12 0.8 0.3 2.6 6.875350818982047 0.023896258437686967
12 0.8 0.3 2.8 6.747655359413507 0.023757005404836246
12 0.8 0.3 3.0 6.599158804786136 0.02557395946107512
12 0.8 0.5 0.0 6.363153160038085 0.00749801028921549
12 0.8 0.5 0.2 7.251439057985234 0.006263054433975861
12 0.8 0.5 0.4 7.750671372881256 0.006206014960321794
12 0.8 0.5 0.6 7.835544556546461 0.006166869444250043
12 0.8 0.5 0.8 7.803571390504004 0.00633100766084554
12 0.8 0.5 1.0 7.717435365734061 0.007451285932347661
12 0.8 0.5 1.2 7.616299664234438 0.008967957598235852
12 0.8 0.5 1.4 7.422073874536341 0.011751830642375137
12 0.8 0.5 1.6 7.214228933446224 0.014684552992131183
12 0.8 0.5 1.8 6.982091223162294 0.017784832438062104
12 0.8 0.5 2.0 6.736895079321291 0.020310016784876938
12 0.8 0.5 2.2 6.483876076078711 0.02275779299811151
12 0.8 0.5 2.4 6.275057921178387 0.024387772431164172
12 0.8 0.5 2.6 6.043645094224311 0.02503620276973781
12 0.8 0.5 2.8 5.858338757702284 0.027083311558053956
12 0.8 0.5 3.0 5.657974471740255 0.026897958796151405
12 0.8 0.8 0.0 6.356419521330083 0.00780900886288806
12 0.8 0.8 0.2 7.258253112515107 0.006556122973465685
12 0.8 0.8 0.4 7.742557701671397 0.006552008816156666
12 0.8 0.8 0.6 7.801485789354955 0.006021082648656871
12 0.8 0.8 0.8 7.744504751364894 0.006874883910212073
12 0.8 0.8 1.0 7.525315017027416 0.009847995060808934
12 0.8 0.8 1.2 7.2367563609793075 0.014395069334048223
12 0.8 0.8 1.4 6.858911751315608 0.018911424119170198
12 0.8 0.8 1.6 6.485866748114982 0.020523794243363737
12 0.8 0.8 1.8 6.137207756977643 0.023290058779323573
12 0.8 0.8 2.0 5.85765039675313 0.02520633187005237
12 0.8 0.8 2.2 5.522294710772088 0.026152002043834794
12 0.8 0.8 2.4 5.247016646281085 0.025924837142000227
12 0.8 0.8 2.6 5.040795485799876 0.025748634566897518
12 0.8 0.8 2.8 4.83921026889812 0.02514031750894106
12 0.8 0.8 3.0 4.6288351163052734 0.02352383852342613
12 0.8 1.0 0.0 6.364376360532857 0.007603291777428565
12 0.8 1.0 0.2 7.259902827114388 0.007225034080545024
12 0.8 1.0 0.4 7.727693068990358 0.007099330034549381
12 0.8 1.0 0.6 7.736373328152444 0.0077041499200344735
12 0.8 1.0 0.8 7.5308700926352525 0.01120031638512917
12 0.8 1.0 1.0 7.1898172599236885 0.016239008005910868
12 0.8 1.0 1.2 6.822686242496762 0.019740970545633427
12 0.8 1.0 1.4 6.420550674110735 0.022802544689036048
12 0.8 1.0 1.6 5.988312802643437 0.02424275588239506
12 0.8 1.0 1.8 5.632268519010608 0.024113517765928814
12 0.8 1.0 2.0 5.374891809190257 0.02462974421544165
12 0.8 1.0 2.2 5.111341506906306 0.0235775878628595
12 0.8 1.0 2.4 4.863240026789851 0.023127554223485856
12 0.8 1.0 2.6 4.689278711104517 0.022262953010389323
12 0.8 1.0 2.8 4.481273534904298 0.020703269524567854
12 0.8 1.0 3.0 4.327643202105251 0.020486406921447015
12 1.0 0.0 0.0 6.108341679599845 0.010142256682677979
12 1.0 0.0 0.2 7.052791984410294 0.00985243901253817
12 1.0 0.0 0.4 7.499679146860652 0.010425018926534425
12 1.0 0.0 0.6 7.602601418326012 0.010187824262283898
12 1.0 0.0 0.8 7.5579987473329115 0.010925627765682951
12 1.0 0.0 1.0 7.475512204248269 0.011364382773281815
12 1.0 0.0 1.2 7.3184385324660175 0.013844024125435813
12 1.0 0.0 1.4 7.1619603102037 0.0167885294374316
12 1.0 0.0 1.6 6.963670654457805 0.019351652791539473
12 1.0 0.0 1.8 6.741887923673 0.023157230091551236
12 1.0 0.0 2.0 6.605631727543263 0.026298711884661888
12 1.0 0.0 2.2 6.447682096583968 0.028958021483310486
12 1.0 0.0 2.4 6.369088010488986 0.030875669299290087
12 1.0 0.0 2.6 6.338379742006461 0.032279015341474565
12 1.0 0.0 2.8 6.289326537134951 0.03222517153275315
12 1.0 0.0 3.0 6.279087913511009 0.03399206444920105
12 1.0 0.1 0.0 6.098939398619358 0.00981350141318665
12 1.0 0.1 0.2 7.038250687876781 0.010185643511705242
12 1.0 0.1 0.4 7.5242233254411675 0.010109275367007923
12 1.0 0.1 0.6 7.596708410441967 0.010165101848724187
12 1.0 0.1 0.8 7.556500212849434 0.01085348826758237
12 1.0 0.1 1.0 7.4642399662053345 0.011367344717435703
12 1.0 0.1 1.2 7.3317076054614585 0.014164047408879617
12 1.0 0.1 1.4 7.146844295790174 0.017035676475268206
12 1.0 0.1 1.6 6.9384778428467415 0.02023438230238486
12 1.0 0.1 1.8 6.779787522319446 0.02303523695254497
12 1.0 0.1 2.0 6.651614050414429 0.025153808012336312
12 1.0 0.1 2.2 6.526923334807942 0.027731399665108243
12 1.0 0.1 2.4 6.401233486164932 0.030387795100916125
12 1.0 0.1 2.6 6.371616350297644 0.0322616515115724
12 1.0 0.1 2.8 6.270964128135729 0.03237590706223619
12 1.0 0.1 3.0 6.217111097841607 0.033929671078969145
12 1.0 0.3 0.0 6.082377133510565 0.010385043751146485
12 1.0 0.3 0.2 7.048730375254252 0.010271001068747522
12 1.0 0.3 0.4 7.523678365772353 0.01016473318345241
12 1.0 0.3 0.6 7.593790399316012 0.010355288588057803
12 1.0 0.3 0.8 7.56709584448977 0.010521686634474139
12 1.0 0.3 1.0 7.45415953203856 0.012209736537894101
12 1.0 0.3 1.2 7.334921178247395 0.014202361668605534
12 1.0 0.3 1.4 7.0920287750230875 0.016931068082869
12 1.0 0.3 1.6 6.932541350246847 0.0189221313614854
12 1.0 0.3 1.8 6.727989291231045 0.022216671090938608
12 1.0 0.3 2.0 6.496202191591551 0.02554553123862351
12 1.0 0.3 2.2 6.305185922612354 0.028034379820518297
12 1.0 0.3 2.4 6.213008387187934 0.02907871201313442
12 1.0 0.3 2.6 6.0603435336071305 0.03148809711548532
12 1.0 0.3 2.8 5.934265883449021 0.03076752710476024
12 1.0 0.3 3.0 5.858037366813506 0.030721513579467747
12 1.0 0.5 0.0 6.094417751060147 0.010126208026064867
12 1.0 0.5 0.2 7.048148579987107 0.010012231326319511
12 1.0 0.5 0.4 7.526309783361853 0.009859129113781034
12 1.0 0.5 0.6 7.597609267478678 0.01021234703111283
12 1.0 0.5 0.8 7.554240923146337 0.009874612536794286
12 1.0 0.5 1.0 7.4552311455219735 0.011455559616796505
12 1.0 0.5 1.2 7.297724661372293 0.01293752765723543
12 1.0 0.5 1.4 7.023803635266214 0.01665898616073898
12 1.0 0.5 1.6 6.731323862166602 0.02050672272465994
12 1.0 0.5 1.8 6.447342927639561 0.022872067132120096
12 1.0 0.5 2.0 6.131472460380379 0.025324212442278872
12 1.0 0.5 2.2 5.87851516812597 0.02682855213382468
12 1.0 0.5 2.4 5.632767272088106 0.027462152944334062
12 1.0 0.5 2.6 5.434295918383743 0.02813535747298761
12 1.0 0.5 2.8 5.204739384239901 0.02823237538450264
12 1.0 0.5 3.0 5.018663236910107 0.028126531903124075
12 1.0 0.8 0.0 6.101324274117511 0.009918442178851787
12 1.0 0.8 0.2 7.074070894401813 0.009954896281218635
12 1.0 0.8 0.4 7.532768849044346 0.009890863239085484
12 1.0 0.8 0.6 7.6047040777567565 0.009450953125772434
12 1.0 0.8 0.8 7.50393492252369 0.009870374343996588
12 1.0 0.8 1.0 7.274043523339683 0.01290690221838436
12 1.0 0.8 1.2 6.896467367859569 0.017710616767825444
12 1.0 0.8 1.4 6.528226028259917 0.019856021654662964
12 1.0 0.8 1.6 6.066623912635548 0.022998238839801417
12 1.0 0.8 1.8 5.684854012578595 0.024624902485937513
12 1.0 0.8 2.0 5.400909293503576 0.0266767109061148
12 1.0 0.8 2.2 5.0339315710056525 0.025601842499581254
12 1.0 0.8 2.4 4.764114471087828 0.02517908454499278
12 1.0 0.8 2.6 4.625556825070888 0.025214853625386037
12 1.0 0.8 2.8 4.411749232568323 0.024089472828932163
12 1.0 0.8 3.0 4.193584512058618 0.02256873243301432
12 1.0 1.0 0.0 6.087074821533755 0.010411844210161596
12 1.0 1.0 0.2 7.10830621879557 0.010262918050771428
12 1.0 1.0 0.4 7.530757428089025 0.01026552723893532
12 1.0 1.0 0.6 7.5228273920907585 0.010573462629863372
12 1.0 1.0 0.8 7.328849631906367 0.013845304605036772
12 1.0 1.0 1.0 6.970827210701424 0.017422429008290184
12 1.0 1.0 1.2 6.497994347070547 0.02161569167193961
12 1.0 1.0 1.4 6.108916878899851 0.023711197952888313
12 1.0 1.0 1.6 5.632418962905924 0.025770685004853324
12 1.0 1.0 1.8 5.28831144773901 0.02420296189757312
12 1.0 1.0 2.0 4.965192524033731 0.023799957751742727
12 1.0 1.0 2.2 4.680325488862396 0.02361675619631667
12 1.0 1.0 2.4 4.493781745973439 0.02320175007640414
12 1.0 1.0 2.6 4.289929281352842 0.021769712252296118
12 1.0 1.0 2.8 4.114314155202056 0.020984161975634814
12 1.0 1.0 3.0 3.989229592565746 0.01979816256767911
12 1.2 0.0 0.0 5.833717910289505 0.01261658509398493
12 1.2 0.0 0.2 6.754324923190591 0.014496854322763913
12 1.2 0.0 0.4 7.215528007964444 0.014812979330982808
12 1.2 0.0 0.6 7.318310220693687 0.014527959808764647
12 1.2 0.0 0.8 7.213516817407899 0.01562811518784597
12 1.2 0.0 1.0 7.110676728461831 0.01647104767574808
12 1.2 0.0 1.2 6.933497937618423 0.018506445689768957
12 1.2 0.0 1.4 6.676711485060796 0.02147918139974926
12 1.2 0.0 1.6 6.420878473072833 0.025430928999292828
12 1.2 0.0 1.8 6.177812816360321 0.02799835686746393
12 1.2 0.0 2.0 5.938428506164288 0.03164640393061816
12 1.2 0.0 2.2 5.731435708115797 0.03366487533732066
12 1.2 0.0 2.4 5.655491256450097 0.03538459838703034
12 1.2 0.0 2.6 5.541941253170595 0.03664913813414332
12 1.2 0.0 2.8 5.4185262439061255 0.03873671848157449
12 1.2 0.0 3.0 5.366243323499428 0.037943312965196846
12 1.2 0.1 0.0 5.813301229140312 0.012521926824445641
12 1.2 0.1 0.2 6.7712490230478215 0.014298195656415734
12 1.2 0.1 0.4 7.207398470630798 0.014731670122608473
12 1.2 0.1 0.6 7.267195372157594 0.014907216523061501
12 1.2 0.1 0.8 7.218631035263825 0.015826877600903635
12 1.2 0.1 1.0 7.104655263471596 0.016710227730575823
12 1.2 0.1 1.2 6.913443900278861 0.019623743812131583
12 1.2 0.1 1.4 6.639695511776888 0.02253558708453997
12 1.2 0.1 1.6 6.426804454178531 0.025421610613648137
12 1.2 0.1 1.8 6.19272547473292 0.028419744082530424
12 1.2 0.1 2.0 5.888259474834057 0.03155689269923066
12 1.2 0.1 2.2 5.719509831134812 0.033306964379682426
12 1.2 0.1 2.4 5.566900202376925 0.03306816770040647
12 1.2 0.1 2.6 5.560102853993065 0.0376577691523168
12 1.2 0.1 2.8 5.450282326572874 0.03853122112627219
12 1.2 0.1 3.0 5.445943704510873 0.038194655086587516
12 1.2 0.3 0.0 5.8246314267740615 0.012442603813945513
12 1.2 0.3 0.2 6.793557352436484 0.01348650589833759
12 1.2 0.3 0.4 7.1980309503779605 0.01497413614267417
12 1.2 0.3 0.6 7.304536060209747 0.014605131723382458
12 1.2 0.3 0.8 7.248090725822706 0.015013172793968901
12 1.2 0.3 1.0 7.089359701537135 0.016455452792127626
12 1.2 0.3 1.2 6.937858812664926 0.01894914260477939
12 1.2 0.3 1.4 6.658529077984554 0.02138487378782185
12 1.2 0.3 1.6 6.388923878860636 0.024067122322978054
12 1.2 0.3 1.8 6.115618476411276 0.027453290079572652
12 1.2 0.3 2.0 5.859611806693552 0.030530108268765798
12 1.2 0.3 2.2 5.646835703350376 0.03348417661613426
12 1.2 0.3 2.4 5.495475656374372 0.03375141598779105
12 1.2 0.3 2.6 5.332030031820076 0.03453995352902664
12 1.2 0.3 2.8 5.185777389903072 0.03513540528587417
12 1.2 0.3 3.0 5.137126204252383 0.03477670974959825
12 1.2 0.5 0.0 5.831430194033287 0.012957778983056037
12 1.2 0.5 0.2 6.778882426878648 0.014011474639908553
12 1.2 0.5 0.4 7.230921859302469 0.014486578634419106
12 1.2 0.5 0.6 7.308573989417147 0.013928955300488297
12 1.2 0.5 0.8 7.247325244083488 0.01501908472147467
12 1.2 0.5 1.0 7.127288878477668 0.015915296348603676
12 1.2 0.5 1.2 6.873345336538737 0.01855627093828536
12 1.2 0.5 1.4 6.574065408184914 0.021387354626557376
12 1.2 0.5 1.6 6.2211197514166425 0.023871615252720985
12 1.2 0.5 1.8 5.894411082589347 0.026552366158209908
12 1.2 0.5 2.0 5.567072823230103 0.02745571352976024
12 1.2 0.5 2.2 5.306224368219367 0.02910429749819096
12 1.2 0.5 2.4 5.043300280361501 0.029496162217466548
12 1.2 0.5 2.6 4.830420185167022 0.029152887038073737
12 1.2 0.5 2.8 4.701856645014829 0.029103301315849022
12 1.2 0.5 3.0 4.466915736830608 0.028097765449682184
12 1.2 0.8 0.0 5.81283602282725 0.012336296091549131
12 1.2 0.8 0.2 6.814709265806998 0.01340521510529232
12 1.2 0.8 0.4 7.251669457355168 0.01415746318276147
12 1.2 0.8 0.6 7.332905762064638 0.01378836106255147
12 1.2 0.8 0.8 7.223633734894857 0.013985418109821346
12 1.2 0.8 1.0 6.989222899931012 0.015323128838190687
12 1.2 0.8 1.2 6.5117614561953845 0.019806991997379855
12 1.2 0.8 1.4 6.101044991864341 0.02269754961853812
12 1.2 0.8 1.6 5.625555061151558 0.024439898481203013
12 1.2 0.8 1.8 5.259944952688313 0.024889374902702068
12 1.2 0.8 2.0 4.904783415022852 0.02650866531892258
12 1.2 0.8 2.2 4.689907798668096 0.025806055076566567
12 1.2 0.8 2.4 4.361127968844385 0.025835914966082896
12 1.2 0.8 2.6 4.175909900518623 0.025081371459270207
12 1.2 0.8 2.8 4.012903574282183 0.023768670056117738
12 1.2 0.8 3.0 3.9146272445962933 0.02399273998729945
12 1.2 1.0 0.0 5.827752606296827 0.012418183688822792
12 1.2 1.0 0.2 6.8410476745671085 0.014080596280132016
12 1.2 1.0 0.4 7.2544692456720155 0.013459337545293736
12 1.2 1.0 0.6 7.28154424977483 0.014186613732765089
12 1.2 1.0 0.8 7.066788196714591 0.015882786978009735
12 1.2 1.0 1.0 6.683101536304872 0.020432329445729258
12 1.2 1.0 1.2 6.194873809982225 0.022607507967174707
12 1.2 1.0 1.4 5.686559756112443 0.024961569138913904
12 1.2 1.0 1.6 5.249008361814561 0.025967587432261973
12 1.2 1.0 1.8 4.883449605377813 0.024349782983410485
12 1.2 1.0 2.0 4.581492748692721 0.025632173903495682
12 1.2 1.0 2.2 4.319022302087275 0.023017776802572377
12 1.2 1.0 2.4 4.109863652779772 0.022108352241902645
12 1.2 1.0 2.6 3.928792779142866 0.02056309647670653
12 1.2 1.0 2.8 3.832718663242857 0.020575603831719323
12 1.2 1.0 3.0 3.6770311722485993 0.018856729660069838
12 1.5 0.0 0.0 5.476464059663786 0.014108021465647396
12 1.5 0.0 0.2 6.296377430265192 0.018941475293008825
12 1.5 0.0 0.4 6.716008477324944 0.01975476152961858
12 1.5 0.0 0.6 6.762063931329151 0.01994589728261134
12 1.5 0.0 0.8 6.666648611687466 0.02079179703897339
12 1.5 0.0 1.0 6.4781210597931445 0.0237135831645117
12 1.5 0.0 1.2 6.263693792482506 0.024775649975796628
12 1.5 0.0 1.4 5.974109829742406 0.027435111218797267
12 1.5 0.0 1.6 5.5947722721553435 0.028783290045135097
12 1.5 0.0 1.8 5.321587402962674 0.03069293147016139
12 1.5 0.0 2.0 5.054062767663611 0.03314423738956205
12 1.5 0.0 2.2 4.8198200263005875 0.03431958171890065
12 1.5 0.0 2.4 4.650931009290922 0.03532556426646369
12 1.5 0.0 2.6 4.491623740458653 0.03668609459188698
12 1.5 0.0 2.8 4.457812266382937 0.038027565059820884
12 1.5 0.0 3.0 4.349565113060651 0.0390153158694897
12 1.5 0.1 0.0 5.440458122836333 0.01447579240932449
12 1.5 0.1 0.2 6.320398321565977 0.018360891596888786
12 1.5 0.1 0.4 6.73568242615668 0.019949267577733038
12 1.5 0.1 0.6 6.730931619466748 0.020078195245934443
12 1.5 0.1 0.8 6.697359172117669 0.021997443347802584
12 1.5 0.1 1.0 6.468781244095381 0.023127760361754526
12 1.5 0.1 1.2 6.2341612191275635 0.02601077433904997
12 1.5 0.1 1.4 5.934794061332913 0.027442566131207557
12 1.5 0.1 1.6 5.607123254728685 0.02965718292125991
12 1.5 0.1 1.8 5.3540151299789285 0.03202841502379721
12 1.5 0.1 2.0 5.026525743805534 0.034036078228718146
12 1.5 0.1 2.2 4.840035175278918 0.03493037780178482
12 1.5 0.1 2.4 4.628486153684066 0.03683238648260867
12 1.5 0.1 2.6 4.510619590146075 0.03764783575695382
12 1.5 0.1 2.8 4.440938189766049 0.03839712353166911
12 1.5 0.1 3.0 4.451839537909428 0.03905442974892449
12 1.5 0.3 0.0 5.449052504846249 0.01420335059223855
12 1.5 0.3 0.2 6.280924179781598 0.01795344413553324
12 1.5 0.3 0.4 6.6734205465605765 0.01975219379436262
12 1.5 0.3 0.6 6.790318229814247 0.019367589169632084
12 1.5 0.3 0.8 6.700606316919631 0.020418565643981864
12 1.5 0.3 1.0 6.518111807009356 0.02264602304148565
12 1.5 0.3 1.2 6.192063994113267 0.02577378284846827
12 1.5 0.3 1.4 5.9514023000181195 0.026104326542506325
12 1.5 0.3 1.6 5.549740892292032 0.028496609059071386
12 1.5 0.3 1.8 5.300031623681516 0.030822642899121205
12 1.5 0.3 2.0 4.968210103738236 0.032444385944614254
12 1.5 0.3 2.2 4.759531710725474 0.03282528839034551
12 1.5 0.3 2.4 4.655449453343342 0.03413774812158288
12 1.5 0.3 2.6 4.466536497387982 0.03472687489665863
12 1.5 0.3 2.8 4.309313515992728 0.03374906147462124
12 1.5 0.3 3.0 4.26208101462116 0.03410870180937541
12 1.5 0.5 0.0 5.420193884839638 0.014744163723390817
12 1.5 0.5 0.2 6.313378025256081 0.01797799202825477
12 1.5 0.5 0.4 6.716452215293694 0.019601963527558004
12 1.5 0.5 0.6 6.789737777475947 0.020349290513004954
12 1.5 0.5 0.8 6.770398333676918 0.020417928917774927
12 1.5 0.5 1.0 6.537500664754241 0.022088495795156513
12 1.5 0.5 1.2 6.2573378217713165 0.024222101721393337
12 1.5 0.5 1.4 5.8799373246535955 0.025745563446274704
12 1.5 0.5 1.6 5.503328671728006 0.027961430845370904
12 1.5 0.5 1.8 5.1205554857681275 0.027531277932682376
12 1.5 0.5 2.0 4.840661688689992 0.02966527705112728
12 1.5 0.5 2.2 4.550250827591853 0.030109104561989924
12 1.5 0.5 2.4 4.326356235133977 0.02940637378853193
12 1.5 0.5 2.6 4.141955291130863 0.028009970381621813
12 1.5 0.5 2.8 4.00325380120227 0.028147345688213383
12 1.5 0.5 3.0 3.879625123177661 0.02780203823376491
12 1.5 0.8 0.0 5.447069572708872 0.014455626995610291
12 1.5 0.8 0.2 6.3906740395159245 0.01767154658942489
12 1.5 0.8 0.4 6.765446066340223 0.018819528194949964
12 1.5 0.8 0.6 6.843944494653718 0.019520408436991918
12 1.5 0.8 0.8 6.703158891285795 0.020169743730732197
12 1.5 0.8 1.0 6.4149018709599845 0.021458413328982528
12 1.5 0.8 1.2 5.9974909748284295 0.023819484516681175
12 1.5 0.8 1.4 5.565275239947579 0.024973144454029882
12 1.5 0.8 1.6 5.052814791797659 0.025185186619112683
12 1.5 0.8 1.8 4.693335047226663 0.026018538192111446
12 1.5 0.8 2.0 4.351815809671134 0.025539012476636667
12 1.5 0.8 2.2 4.100408872136598 0.025001755361804653
12 1.5 0.8 2.4 3.849968251862887 0.02330639051039029
12 1.5 0.8 2.6 3.6738338158549055 0.022795552401947396
12 1.5 0.8 2.8 3.571981403885256 0.02241483434251554
12 1.5 0.8 3.0 3.4673226109652457 0.021621123445322007
12 1.5 1.0 0.0 5.434989119948741 0.013779116732321814
12 1.5 1.0 0.2 6.409753082412104 0.018017937320662616
12 1.5 1.0 0.4 6.848349933915876 0.01821200112615
12 1.5 1.0 0.6 6.80982998099368 0.01918485278658567
12 1.5 1.0 0.8 6.594156859561088 0.019477886377367304
12 1.5 1.0 1.0 6.200329693003661 0.022884340595877753
12 1.5 1.0 1.2 5.69332461003951 0.023691227898742187
12 1.5 1.0 1.4 5.154808324188172 0.024454028194605692
12 1.5 1.0 1.6 4.710153928599932 0.025015819308639334
12 1.5 1.0 1.8 4.359649712820916 0.024030861330683446
12 1.5 1.0 2.0 4.059598084011758 0.021926916067492214
12 1.5 1.0 2.2 3.8273110663766605 0.021816965162160626
12 1.5 1.0 2.4 3.654161657032173 0.021552263694229756
12 1.5 1.0 2.6 3.5298045418726005 0.019444996200356775
12 1.5 1.0 2.8 3.423529118543829 0.020116080435780597
12 1.5 1.0 3.0 3.330174201995305 0.01757627616317272
12 2.0 0.0 0.0 4.92193034177127 0.01506419799872055
12 2.0 0.0 0.2 5.568518626478468 0.021230580362091227
12 2.0 0.0 0.4 5.849056293306926 0.024538817663612048
12 2.0 0.0 0.6 5.889923127331751 0.02580052734230559
12 2.0 0.0 0.8 5.7820227365033166 0.027541274058397777
12 2.0 0.0 1.0 5.4935106516777115 0.02937256747209995
12 2.0 0.0 1.2 5.169656193919367 0.028588936725221524
12 2.0 0.0 1.4 4.848520960235531 0.02944170334735368
12 2.0 0.0 1.6 4.454804006741328 0.029702249070702586
12 2.0 0.0 1.8 4.196669743593052 0.032728914310268656
12 2.0 0.0 2.0 3.959580846953835 0.0328672065108295
12 2.0 0.0 2.2 3.6882192817258352 0.03217847959824571
12 2.0 0.0 2.4 3.5492019028764643 0.03337446839719927
12 2.0 0.0 2.6 3.412947075838895 0.03256827722843069
12 2.0 0.0 2.8 3.2685134925407153 0.03412460474723249
12 2.0 0.0 3.0 3.1915302387974362 0.03224066636669006
12 2.0 0.1 0.0 4.947752181542787 0.014666828891879117
12 2.0 0.1 0.2 5.5376705928312075 0.02095119108671417
12 2.0 0.1 0.4 5.837228418137045 0.024352109474839633
12 2.0 0.1 0.6 5.889942968135188 0.025526446781203308
12 2.0 0.1 0.8 5.6951788918202615 0.02740705236112005
12 2.0 0.1 1.0 5.524013901693644 0.02772304397055436
12 2.0 0.1 1.2 5.1842811315472455 0.030134584010290573
12 2.0 0.1 1.4 4.825245222660965 0.03013650241279431
12 2.0 0.1 1.6 4.4543299707491935 0.030402322589669458
12 2.0 0.1 1.8 4.154489716988039 0.031390116942852465
12 2.0 0.1 2.0 3.920715396823272 0.03192342225322911
12 2.0 0.1 2.2 3.6964138218184286 0.03296562225725041
12 2.0 0.1 2.4 3.4916159330606598 0.03115052994952049
12 2.0 0.1 2.6 3.3489421848088563 0.032763531057801214
12 2.0 0.1 2.8 3.3178641667804794 0.03394598687503763
12 2.0 0.1 3.0 3.205161600585243 0.03405466840928334
12 2.0 0.3 0.0 4.933631542410222 0.014878117769611862
12 2.0 0.3 0.2 5.571985126916356 0.021120975963579532
12 2.0 0.3 0.4 5.838109895654982 0.023586755896460934
12 2.0 0.3 0.6 5.881174104237519 0.025253302181785512
12 2.0 0.3 0.8 5.7425541468797885 0.026576858760931504
12 2.0 0.3 1.0 5.51505912103877 0.027781503187940773
12 2.0 0.3 1.2 5.217913570944256 0.028760923528418567
12 2.0 0.3 1.4 4.837985191578851 0.030031457269514727
12 2.0 0.3 1.6 4.470105021027873 0.029891899909907
12 2.0 0.3 1.8 4.221237333070567 0.03144587040173637
12 2.0 0.3 2.0 3.8928941397000076 0.029632917910198908
12 2.0 0.3 2.2 3.713027940709625 0.029882113873103657
12 2.0 0.3 2.4 3.5033646248740804 0.029907839809595757
12 2.0 0.3 2.6 3.415962355107439 0.03223283031939723
12 2.0 0.3 2.8 3.3088958441873904 0.03135523878848486
12 2.0 0.3 3.0 3.1753217897404054 0.029941653613076078
12 2.0 0.5 0.0 4.931493902019547 0.014715456769986719
12 2.0 0.5 0.2 5.548086719452685 0.021125927629527055
12 2.0 0.5 0.4 5.882263688661633 0.02416257435870708
12 2.0 0.5 0.6 5.912144434572791 0.02501550940650634
12 2.0 0.5 0.8 5.833147658311101 0.02701911124386861
12 2.0 0.5 1.0 5.5213634942764145 0.02656029484618861
12 2.0 0.5 1.2 5.1786070769425105 0.02764849462583811
12 2.0 0.5 1.4 4.778432193114814 0.02925759061357026
12 2.0 0.5 1.6 4.478122670510499 0.028455476701820553
12 2.0 0.5 1.8 4.115929310718959 0.02831021813317447
12 2.0 0.5 2.0 3.8546970379272585 0.028333024207401622
12 2.0 0.5 2.2 3.561687818926715 0.02678305565453309
12 2.0 0.5 2.4 3.386560829898653 0.02701546437323405
12 2.0 0.5 2.6 3.2641730192040437 0.02613862613059244
12 2.0 0.5 2.8 3.1872751537149044 0.025617613236458753
12 2.0 0.5 3.0 3.0896792847166505 0.024645363403158184
12 2.0 0.8 0.0 4.94678404146797 0.014988070567028463
12 2.0 0.8 0.2 5.64765554880711 0.021913832552768426
12 2.0 0.8 0.4 5.9353895593101695 0.024640444435295263
12 2.0 0.8 0.6 6.012127821058179 0.02486863841883238
12 2.0 0.8 0.8 5.840387281357508 0.026121970437909346
12 2.0 0.8 1.0 5.539925174698095 0.02656184562439897
12 2.0 0.8 1.2 5.109746365104261 0.026565229212446622
12 2.0 0.8 1.4 4.653323941964168 0.026333496342512516
12 2.0 0.8 1.6 4.207173773629809 0.024842848383574014
12 2.0 0.8 1.8 3.888309271400918 0.024595257753873383
12 2.0 0.8 2.0 3.5204675004166384 0.02230170955478703
12 2.0 0.8 2.2 3.360799796641382 0.021327588740409402
12 2.0 0.8 2.4 3.19601772442419 0.02144039199301996
12 2.0 0.8 2.6 3.0645620684208676 0.02128733418737492
12 2.0 0.8 2.8 2.9778122641384366 0.020091667108880364
12 2.0 0.8 3.0 2.894936085442606 0.01869578320287873
12 2.0 1.0 0.0 4.947366222056447 0.014948733532806334
12 2.0 1.0 0.2 5.679230795809133 0.021545514790984394
12 2.0 1.0 0.4 6.066590832141881 0.024248598354104704
12 2.0 1.0 0.6 6.008787389523753 0.024544532938546946
12 2.0 1.0 0.8 5.840305226058515 0.024800810223711514
12 2.0 1.0 1.0 5.3646526256119405 0.025786551401339803
12 2.0 1.0 1.2 4.9121063332780786 0.02552096535448625
12 2.0 1.0 1.4 4.44076281306572 0.024254253562635258
12 2.0 1.0 1.6 4.023926528434879 0.02468199670396096
12 2.0 1.0 1.8 3.715693211336907 0.02233836211730096
12 2.0 1.0 2.0 3.4418667423988984 0.021448712049445328
12 2.0 1.0 2.2 3.290587787704498 0.020689922354270578
12 2.0 1.0 2.4 3.1072855508568757 0.019310654348193172
12 2.0 1.0 2.6 3.0161021294679355 0.01776120448633652
12 2.0 1.0 2.8 2.9479291737393787 0.017937935250126928
12 2.0 1.0 3.0 2.8548831591486636 0.016690342652457977
12 4.0 0.0 0.0 3.753001803116748 0.015566028282680163
12 4.0 0.0 0.2 3.7607617024575544 0.019747609818660822
12 4.0 0.0 0.4 3.722798658688106 0.02249129614651111
12 4.0 0.0 0.6 3.5962881935473177 0.025106594458392237
12 4.0 0.0 0.8 3.3432379828953365 0.02522474459610186
12 4.0 0.0 1.0 3.0473154490474195 0.02466238327730017
12 4.0 0.0 1.2 2.7819807782833212 0.02430531235633911
12 4.0 0.0 1.4 2.4946882185033985 0.02221085897121572
12 4.0 0.0 1.6 2.317564872237859 0.021673277469766238
12 4.0 0.0 1.8 2.1065435991452457 0.021413988173617032
12 4.0 0.0 2.0 1.930341830392621 0.01995211548173068
12 4.0 0.0 2.2 1.8411126394483681 0.019542589521306185
12 4.0 0.0 2.4 1.7206639892145301 0.019427252631501322
12 4.0 0.0 2.6 1.6409464851716327 0.019555140931960095
12 4.0 0.0 2.8 1.5699145035778064 0.019928134368302205
12 4.0 0.0 3.0 1.524242415733463 0.020037073061709466
12 4.0 0.1 0.0 3.7499123411385256 0.01569972757901144
12 4.0 0.1 0.2 3.765747865285551 0.019425593298691174
12 4.0 0.1 0.4 3.7474869275635094 0.02343780712650324
12 4.0 0.1 0.6 3.602610967778472 0.025616893683319576
12 4.0 0.1 0.8 3.341717239910222 0.02460595147567158
12 4.0 0.1 1.0 3.078864852489091 0.02498536533432369
12 4.0 0.1 1.2 2.8568461418697613 0.02487146814854033
12 4.0 0.1 1.4 2.5578068246057235 0.02455369183986424
12 4.0 0.1 1.6 2.3437094448107554 0.02368432210415807
12 4.0 0.1 1.8 2.1297822958339436 0.022093016017990665
12 4.0 0.1 2.0 1.9125935204225335 0.01955936857200151
12 4.0 0.1 2.2 1.8141647725097576 0.020461985311347214
12 4.0 0.1 2.4 1.6983289304944342 0.018684318461740415
12 4.0 0.1 2.6 1.6361480163037805 0.018505747448232406
12 4.0 0.1 2.8 1.568857982691981 0.01912336528187761
12 4.0 0.1 3.0 1.528091570530903 0.018708109026494817
12 4.0 0.3 0.0 3.7181903736334063 0.015584884042711957
12 4.0 0.3 0.2 3.809647868833498 0.019581527607352486
12 4.0 0.3 0.4 3.7049052520134937 0.02256318696611874
12 4.0 0.3 0.6 3.55978430783339 0.024699599751389394
12 4.0 0.3 0.8 3.30609230087397 0.025669144288554862
12 4.0 0.3 1.0 3.0748236917492813 0.025656197544941216
12 4.0 0.3 1.2 2.8107620792611048 0.024822861278602115
12 4.0 0.3 1.4 2.5345675755619674 0.022920834543141193
12 4.0 0.3 1.6 2.352962175201329 0.02308637593732714
12 4.0 0.3 1.8 2.1440284309876625 0.02086288758807443
12 4.0 0.3 2.0 1.9677833078478728 0.020777199451737
12 4.0 0.3 2.2 1.865342927665542 0.02092769722697501
12 4.0 0.3 2.4 1.765590187462917 0.019149119661436176
12 4.0 0.3 2.6 1.695490274570117 0.019077499050485322
12 4.0 0.3 2.8 1.610564751974222 0.017894588285744133
12 4.0 0.3 3.0 1.583837603050377 0.018507052670928805
12 4.0 0.5 0.0 3.7428686652887966 0.01599617316844454
12 4.0 0.5 0.2 3.814996659475043 0.020582684075126808
12 4.0 0.5 0.4 3.7529865285203265 0.023399479767582474
12 4.0 0.5 0.6 3.614429022607111 0.024814046180462433
12 4.0 0.5 0.8 3.3942280946620977 0.026015603934494674
12 4.0 0.5 1.0 3.125582285138351 0.02627784791400167
12 4.0 0.5 1.2 2.8652173885255423 0.023544308554034565
12 4.0 0.5 1.4 2.631887852582253 0.023780399182499377
12 4.0 0.5 1.6 2.354532595638538 0.02142092685006005
12 4.0 0.5 1.8 2.2098030405425697 0.020830970983186217
12 4.0 0.5 2.0 2.0285179630642127 0.020650997694849727
12 4.0 0.5 2.2 1.8769197187852353 0.018022393784535455
12 4.0 0.5 2.4 1.8310684035555023 0.01890034510466297
12 4.0 0.5 2.6 1.7741933914185968 0.018872735907107408
12 4.0 0.5 2.8 1.6978598756844632 0.016830815593085618
12 4.0 0.5 3.0 1.6643233401456077 0.017092916498221082
12 4.0 0.8 0.0 3.7558927871227232 0.016135443595458144
12 4.0 0.8 0.2 3.8124290297424137 0.020742548933588942
12 4.0 0.8 0.4 3.85771109225225 0.023845064258405293
12 4.0 0.8 0.6 3.6872734167784924 0.025331442329114127
12 4.0 0.8 0.8 3.465185281922871 0.026132226674596915
12 4.0 0.8 1.0 3.1772530977401585 0.024703135560909164
12 4.0 0.8 1.2 2.916776642969563 0.02387381364680217
12 4.0 0.8 1.4 2.6640229681412038 0.02109834671785235
12 4.0 0.8 1.6 2.440659246480994 0.02059853674460555
12 4.0 0.8 1.8 2.271436164099148 0.018532407948946332
12 4.0 0.8 2.0 2.124165663847426 0.01781132190620015
12 4.0 0.8 2.2 2.0405392393334525 0.016142699881963714
12 4.0 0.8 2.4 1.9403864974628653 0.015879395866987403
12 4.0 0.8 2.6 1.8715310856889635 0.016553305420022583
12 4.0 0.8 2.8 1.8598406278280135 0.015192924406516862
12 4.0 0.8 3.0 1.8459349157460152 0.015060921994952335
12 4.0 1.0 0.0 3.754616230385728 0.015396835020716189
12 4.0 1.0 0.2 3.8418985174625324 0.020375927175328674
12 4.0 1.0 0.4 3.91209326904605 0.025018357493677614
12 4.0 1.0 0.6 3.8030099707628775 0.02657368620292416
12 4.0 1.0 0.8 3.528267916903681 0.025419519042880326
12 4.0 1.0 1.0 3.2239180004467913 0.022882942775589093
12 4.0 1.0 1.2 2.9270754344295256 0.02212274638138046
12 4.0 1.0 1.4 2.6630905480586238 0.019536325203486835
12 4.0 1.0 1.6 2.472432285170926 0.01812549185279168
12 4.0 1.0 1.8 2.3036057192718826 0.01753296431589609
12 4.0 1.0 2.0 2.1645390213080984 0.016495514472009747
12 4.0 1.0 2.2 2.0891929932601765 0.016076921196216284
12 4.0 1.0 2.4 2.0345447501409146 0.015491994855423089
12 4.0 1.0 2.6 1.9864351107120406 0.015089265959775597
12 4.0 1.0 2.8 1.948051360269686 0.01439889795636518
12 4.0 1.0 3.0 1.9193728172442732 0.014831755189132998
14 0.0 0.0 0.0 6.601855929011107 0.0
14 0.0 0.0 0.2 6.202216904241901 0.0
14 0.0 0.0 0.4 6.156090883204044 0.0
14 0.0 0.0 0.6 6.238329081800286 0.0
14 0.0 0.0 0.8 6.249867721031339 0.0
14 0.0 0.0 1.0 6.35909879391486 0.0
14 0.0 0.0 1.2 6.378528266498939 0.0
14 0.0 0.0 1.4 6.5316546365628465 0.0
14 0.0 0.0 1.6 6.481718505020529 0.0
14 0.0 0.0 1.8 6.522759686712563 0.0
14 0.0 0.0 2.0 6.852712537569648 0.0
14 0.0 0.0 2.2 6.658201628406618 0.0
14 0.0 0.0 2.4 6.642098353002929 0.0
14 0.0 0.0 2.6 6.592093560628425 0.0
14 0.0 0.0 2.8 6.5670917790894165 0.0
14 0.0 0.0 3.0 6.570391020857474 0.0
14 0.0 0.1 0.0 10.167260567220822 3.887679330785205e-16
14 0.0 0.1 0.2 9.629021162542905 0.0004314602951784261
14 0.0 0.1 0.4 9.508770993617242 0.00042343598297178703
14 0.0 0.1 0.6 9.594292956953677 0.0004271037022318035
14 0.0 0.1 0.8 9.588955940498337 0.000509060584373699
14 0.0 0.1 1.0 9.724478171036187 0.0005457089064192823
14 0.0 0.1 1.2 9.7950316034676 0.0004599018705353065
14 0.0 0.1 1.4 9.815035290353737 0.00043563270163364775
14 0.0 0.1 1.6 9.80215367739501 0.0004240792028182546
14 0.0 0.1 1.8 9.827818165686486 0.0004822884462458866
14 0.0 0.1 2.0 9.840352415565723 0.0006554362735320438
14 0.0 0.1 2.2 9.860445131299683 0.0007328562490123366
14 0.0 0.1 2.4 9.88065763470413 0.0007833962385265611
14 0.0 0.1 2.6 9.88945938836022 0.0008499350725379039
14 0.0 0.1 2.8 9.89113211795549 0.0008425497904911713
14 0.0 0.1 3.0 9.888205802352436 0.0008950787365396855
14 0.0 0.3 0.0 10.163954301887898 2.7769138077037176e-16
14 0.0 0.3 0.2 9.599360572794394 0.0006033256324027318
14 0.0 0.3 0.4 9.553427482981032 0.00038058530782760923
14 0.0 0.3 0.6 9.633558832294634 0.0003216215273488199
14 0.0 0.3 0.8 9.656023886844615 0.000383774121617971
14 0.0 0.3 1.0 9.782267654413143 0.00032660436993536883
14 0.0 0.3 1.2 9.837989841033165 0.000356476576920718
14 0.0 0.3 1.4 9.825854686929333 0.0004139688377154419
14 0.0 0.3 1.6 9.817217110673981 0.0006208786425904287
14 0.0 0.3 1.8 9.820649838362362 0.0010191216065400348
14 0.0 0.3 2.0 9.816032405049446 0.0015734827834746605
14 0.0 0.3 2.2 9.795367344779223 0.0022239916344576486
14 0.0 0.3 2.4 9.765867020590342 0.0029921740139175314
14 0.0 0.3 2.6 9.714976888913526 0.004007017328215057
14 0.0 0.3 2.8 9.656444867242525 0.005159089935838332
14 0.0 0.3 3.0 9.583402468827801 0.0061613780081305755
14 0.0 0.5 0.0 10.167260567220822 3.887679330785205e-16
14 0.0 0.5 0.2 9.587364165179268 0.0009019567177376385
14 0.0 0.5 0.4 9.56150601988318 0.0003793100868663544
14 0.0 0.5 0.6 9.598943864916885 0.0009517462892674687
14 0.0 0.5 0.8 9.637893156046777 0.0008949073030777197
14 0.0 0.5 1.0 9.735538441746876 0.0016057630080624425
14 0.0 0.5 1.2 9.748331449854184 0.0026492281313689942
14 0.0 0.5 1.4 9.67906206745855 0.004278190933810658
14 0.0 0.5 1.6 9.594652760814212 0.006071115817062297
14 0.0 0.5 1.8 9.504210065213476 0.007910950557604829
14 0.0 0.5 2.0 9.392273485674119 0.009440113872044948
14 0.0 0.5 2.2 9.256870604362913 0.010969380002219153
14 0.0 0.5 2.4 9.116934192625516 0.012503447990466002
14 0.0 0.5 2.6 8.995336747054628 0.013091058599395725
14 0.0 0.5 2.8 8.859705499217196 0.014061563300086372
14 0.0 0.5 3.0 8.75992886541588 0.014652990722623915
14 0.0 0.8 0.0 10.163954301887898 2.7769138077037176e-16
14 0.0 0.8 0.2 9.430657457320747 0.0042395356205959635
14 0.0 0.8 0.4 9.481135500597704 0.0033926530586775075
14 0.0 0.8 0.6 9.41392534365674 0.005262194150992289
14 0.0 0.8 0.8 9.386309922386651 0.007117360379906981
14 0.0 0.8 1.0 9.315348175252742 0.010153177097046632
14 0.0 0.8 1.2 9.180712870778732 0.012201443856497773
14 0.0 0.8 1.4 9.021321914190398 0.013301190445357628
14 0.0 0.8 1.6 8.829406044877777 0.014703043593443765
14 0.0 0.8 1.8 8.668075668830298 0.014861489052955191
14 0.0 0.8 2.0 8.50290534773887 0.015180515334884941
14 0.0 0.8 2.2 8.383397560822551 0.014829943739396
14 0.0 0.8 2.4 8.234201606993935 0.014613777029185817
14 0.0 0.8 2.6 8.081728811368906 0.01368337194470993
14 0.0 0.8 2.8 7.9885787345736246 0.013061925998217884
14 0.0 0.8 3.0 7.926488590159454 0.012743175711939558
14 0.0 1.0 0.0 10.163954301887898 2.7769138077037176e-16
14 0.0 1.0 0.2 9.165214592777467 0.010145811701302864
14 0.0 1.0 0.4 9.258202648363033 0.008571809061844793
14 0.0 1.0 0.6 9.175169393442093 0.009249032996426544
14 0.0 1.0 0.8 9.104738870564027 0.010867385690924677
14 0.0 1.0 1.0 8.963245336486894 0.014082522901506543
14 0.0 1.0 1.2 8.769559682334856 0.01495239223960639
14 0.0 1.0 1.4 8.584730249578076 0.015931646896924837
14 0.0 1.0 1.6 8.396627263192384 0.01525745375761
14 0.0 1.0 1.8 8.247978454004993 0.015571609133390452
14 0.0 1.0 2.0 8.090023484806508 0.014414933272014537
14 0.0 1.0 2.2 7.988350184200569 0.01373945249297919
14 0.0 1.0 2.4 7.867365406012354 0.012530535992733615
14 0.0 1.0 2.6 7.808989176455067 0.012401267170759582
14 0.0 1.0 2.8 7.682828332117972 0.009713323479746227
14 0.0 1.0 3.0 7.652902894570107 0.01057230938702269
14 0.1 0.0 0.0 7.95195134012973 0.00411998898189138
14 0.1 0.0 0.2 9.601106880975028 0.0010188146654339304
14 0.1 0.0 0.4 9.755271088330815 0.0019999522493567685
14 0.1 0.0 0.6 9.972658095655962 0.0010558161962365504
14 0.1 0.0 0.8 10.016324823496262 0.001000394151732411
14 0.1 0.0 1.0 10.052563548315403 0.0007083753001894529
14 0.1 0.0 1.2 10.044226365612776 0.0004797348681743557
14 0.1 0.0 1.4 10.040577656721094 0.00040610026062186215
14 0.1 0.0 1.6 10.02769548872952 0.0006361772174781226
14 0.1 0.0 1.8 10.031447035495605 0.0006491740107606007
14 0.1 0.0 2.0 9.980735709398392 0.000967595458545707
14 0.1 0.0 2.2 10.023026904680767 0.0005017236854863867
14 0.1 0.0 2.4 10.028585742580951 0.0004353888587454398
14 0.1 0.0 2.6 10.03003560829726 0.0004530889887020398
14 0.1 0.0 2.8 10.027639585483383 0.00047719300302491614
14 0.1 0.0 3.0 10.021571959448028 0.0005498419735686498
14 0.1 0.1 0.0 7.953053896968161 0.004299195844775032
14 0.1 0.1 0.2 9.632965595351887 0.0008903249287603949
14 0.1 0.1 0.4 9.827961940565062 0.0016178896802421978
14 0.1 0.1 0.6 9.99707069524887 0.0006906285882692544
14 0.1 0.1 0.8 10.035265974897776 0.0006695490523075754
14 0.1 0.1 1.0 10.067029845821715 0.00033767764182819046
14 0.1 0.1 1.2 10.0548028853462 0.00023858262858734625
14 0.1 0.1 1.4 10.052792637202423 0.00017214889049589074
14 0.1 0.1 1.6 10.050783726987065 0.00023727422696747603
14 0.1 0.1 1.8 10.05154934001412 0.00020303804501528583
14 0.1 0.1 2.0 10.032079932940444 0.0003895920483158021
14 0.1 0.1 2.2 10.042345083802271 0.0002019393314905106
14 0.1 0.1 2.4 10.042115942203417 0.00016830321274955505
14 0.1 0.1 2.6 10.041111197249839 0.00015636546426298515
14 0.1 0.1 2.8 10.037885556836496 0.000152469960913499
14 0.1 0.1 3.0 10.033494730058935 0.00018985536646205464
14 0.1 0.3 0.0 7.956200194921967 0.004095066807012475
14 0.1 0.3 0.2 9.619456999798375 0.0008785218505967925
14 0.1 0.3 0.4 9.896398102109462 0.0014982776331754718
14 0.1 0.3 0.6 10.001018879908793 0.0005968977542093405
14 0.1 0.3 0.8 10.049846990685241 0.000566769921902275
14 0.1 0.3 1.0 10.07016118955598 0.000202696619948997
14 0.1 0.3 1.2 10.058134353435372 0.00014922728430899596
14 0.1 0.3 1.4 10.052493170102029 0.00021620364185945143
14 0.1 0.3 1.6 10.04782708814673 0.0002978469382302394
14 0.1 0.3 1.8 10.036964564736339 0.00045593903712782023
14 0.1 0.3 2.0 10.023858400829042 0.0006348672843372626
14 0.1 0.3 2.2 10.005928764995138 0.0009305417232235887
14 0.1 0.3 2.4 9.983571911845408 0.0014342544834317695
14 0.1 0.3 2.6 9.952063379555657 0.0021522259238168713
14 0.1 0.3 2.8 9.909901732669546 0.0030349187810943985
14 0.1 0.3 3.0 9.859192729959307 0.004140883188271651
14 0.1 0.5 0.0 7.958195961494951 0.004205981225296992
14 0.1 0.5 0.2 9.59657134560698 0.0009699286549668785
14 0.1 0.5 0.4 9.92502079507025 0.0016473013992138726
14 0.1 0.5 0.6 9.986386216591871 0.0009045087651949643
14 0.1 0.5 0.8 10.04340710525733 0.0006352401273596582
14 0.1 0.5 1.0 10.046318374144324 0.0007330261194076849
14 0.1 0.5 1.2 10.020668125941143 0.0013143569341108653
14 0.1 0.5 1.4 9.980478350122993 0.002523440782787466
14 0.1 0.5 1.6 9.920888570142635 0.004280435345098895
14 0.1 0.5 1.8 9.82600368775361 0.006672090197937934
14 0.1 0.5 2.0 9.709725368530078 0.008750437466315332
14 0.1 0.5 2.2 9.585376370211003 0.01102427975135635
14 0.1 0.5 2.4 9.451082550407346 0.012198404551837218
14 0.1 0.5 2.6 9.2724621190575 0.01477751671572323
14 0.1 0.5 2.8 9.146181988256439 0.015756277706901634
14 0.1 0.5 3.0 8.947010293329315 0.017820267055720096
14 0.1 0.8 0.0 7.958346409024101 0.004162890698085943
14 0.1 0.8 0.2 9.436698642819582 0.004401398925840818
14 0.1 0.8 0.4 9.892921335908236 0.0029367502244171317
14 0.1 0.8 0.6 9.909516164640431 0.0030834358102538244
14 0.1 0.8 0.8 9.875853414548509 0.005956107126124825
14 0.1 0.8 1.0 9.724753752188866 0.009344811913101847
14 0.1 0.8 1.2 9.555984490182118 0.011534924153790224
14 0.1 0.8 1.4 9.386916161115339 0.014153894477449424
14 0.1 0.8 1.6 9.186643872046549 0.01587102033775155
14 0.1 0.8 1.8 8.985279081214667 0.01778555047482374
14 0.1 0.8 2.0 8.756786425242057 0.0189456644120967
14 0.1 0.8 2.2 8.58302175546134 0.019849515348380573
14 0.1 0.8 2.4 8.329771043425076 0.0204039344845419
14 0.1 0.8 2.6 8.119484693953506 0.020657356038175336
14 0.1 0.8 2.8 7.91911330184597 0.019677392198966734
14 0.1 0.8 3.0 7.74006201420996 0.020715687971222408
14 0.1 1.0 0.0 7.952581370531799 0.00428407404477777
14 0.1 1.0 0.2 9.193078280931331 0.009722331778889415
14 0.1 1.0 0.4 9.755791384005661 0.006442017093436373
14 0.1 1.0 0.6 9.751548542297254 0.0075090614722117584
14 0.1 1.0 0.8 9.594397913199398 0.011050346106635963
14 0.1 1.0 1.0 9.349491510247255 0.015104666241043806
14 0.1 1.0 1.2 9.103605670601919 0.01743756378189893
14 0.1 1.0 1.4 8.896818125953054 0.018880204658299093
14 0.1 1.0 1.6 8.662683836294622 0.019659764333867204
14 0.1 1.0 1.8 8.45015093375883 0.019882032450693376
14 0.1 1.0 2.0 8.203429475377986 0.020262390246303285
14 0.1 1.0 2.2 8.015800867441843 0.01968555809338357
14 0.1 1.0 2.4 7.780337370318542 0.018784863151428497
14 0.1 1.0 2.6 7.5998538338276065 0.017542198542643085
14 0.1 1.0 2.8 7.413244553049016 0.018466705706239105
14 0.1 1.0 3.0 7.226828602798914 0.017283458976727884
14 0.3 0.0 0.0 7.8075777068709895 0.003929156254658702
14 0.3 0.0 0.2 9.706828502736737 0.001099307505385415
14 0.3 0.0 0.4 9.997549848846292 0.000593919250125756
14 0.3 0.0 0.6 10.019521854529573 0.00031560358320465565
14 0.3 0.0 0.8 10.050188900056753 0.00044898732175635586
14 0.3 0.0 1.0 10.049818263700576 0.0005728175637933002
14 0.3 0.0 1.2 10.032402015976306 0.0006123722255150972
14 0.3 0.0 1.4 10.019594925192393 0.0006947834864166621
14 0.3 0.0 1.6 10.016895194939488 0.0007982392866350827
14 0.3 0.0 1.8 10.01335827779826 0.000815043434632664
14 0.3 0.0 2.0 10.007082548713099 0.0007687654809032208
14 0.3 0.0 2.2 10.003620941656727 0.0007930456386865576
14 0.3 0.0 2.4 10.002145465973744 0.0008001149735122692
14 0.3 0.0 2.6 10.000426951898808 0.0008174178749167557
14 0.3 0.0 2.8 9.996691054302692 0.0008519681346385543
14 0.3 0.0 3.0 9.9953452752585 0.0008310142987863802
14 0.3 0.1 0.0 7.813204171554812 0.0040239736232768756
14 0.3 0.1 0.2 9.706668985326566 0.0011453411461727439
14 0.3 0.1 0.4 9.999997504017752 0.0005199917328179922
14 0.3 0.1 0.6 10.020070085312648 0.0003207343619551621
14 0.3 0.1 0.8 10.050965880333688 0.00043298386557205745
14 0.3 0.1 1.0 10.049076976259899 0.000618528320281384
14 0.3 0.1 1.2 10.03076911335793 0.0006390363100414486
14 0.3 0.1 1.4 10.01992080264668 0.0006957926975357842
14 0.3 0.1 1.6 10.016131580824755 0.0008069137143436316
14 0.3 0.1 1.8 10.012710378128704 0.0008620620615123413
14 0.3 0.1 2.0 10.005839782126584 0.0008635785007823097
14 0.3 0.1 2.2 10.001548803089012 0.0008746944696773298
14 0.3 0.1 2.4 9.99880616579801 0.0008430604533990948
14 0.3 0.1 2.6 9.995148821413354 0.0008505427448651114
14 0.3 0.1 2.8 9.98954249402156 0.0009150959756723885
14 0.3 0.1 3.0 9.987793135063187 0.0008986095058725639
14 0.3 0.3 0.0 7.816637622654814 0.003947230918459325
14 0.3 0.3 0.2 9.701520918366793 0.0011563712984931443
14 0.3 0.3 0.4 10.007605338673187 0.0004464213598652662
14 0.3 0.3 0.6 10.020510558455708 0.0003255674519670265
14 0.3 0.3 0.8 10.05135579524667 0.0004585963593804031
14 0.3 0.3 1.0 10.045369787774804 0.0005332361338245207
14 0.3 0.3 1.2 10.02753249538424 0.0006085940487922566
14 0.3 0.3 1.4 10.015343130955532 0.0007559479463057592
14 0.3 0.3 1.6 10.00709703559584 0.0009224085245194748
14 0.3 0.3 1.8 9.997776976141079 0.0009192402465709117
14 0.3 0.3 2.0 9.982129003036274 0.0010942921419705009
14 0.3 0.3 2.2 9.963438818985844 0.001294728042522575
14 0.3 0.3 2.4 9.938477387483449 0.0017798597974285951
14 0.3 0.3 2.6 9.903956282326531 0.002349393787212643
14 0.3 0.3 2.8 9.85392687706011 0.003523633242018175
14 0.3 0.3 3.0 9.808131409341074 0.004724491630651783
14 0.3 0.5 0.0 7.8144893685599515 0.0037956542550130245
14 0.3 0.5 0.2 9.68350655995089 0.0014492232146769719
14 0.3 0.5 0.4 10.010573228938862 0.00047637747544920734
14 0.3 0.5 0.6 10.020513964232778 0.0004316313831776462
14 0.3 0.5 0.8 10.045797320222889 0.00048020220019434184
14 0.3 0.5 1.0 10.029569491474582 0.0006514157956726035
14 0.3 0.5 1.2 10.002156989236015 0.001028124109877606
14 0.3 0.5 1.4 9.961705449633119 0.0020360334425770735
14 0.3 0.5 1.6 9.898711292153445 0.0038545989955714077
14 0.3 0.5 1.8 9.81334903368483 0.005729233256655848
14 0.3 0.5 2.0 9.694473506944322 0.008379301640793107
14 0.3 0.5 2.2 9.545879076837354 0.011453217514693671
14 0.3 0.5 2.4 9.38131309888208 0.01410589415026718
14 0.3 0.5 2.6 9.182664604338918 0.01674082320879659
14 0.3 0.5 2.8 8.94586006383328 0.02010714233108113
14 0.3 0.5 3.0 8.735078069521629 0.02251303300816875
14 0.3 0.8 0.0 7.810095710298849 0.004010422291748201
14 0.3 0.8 0.2 9.595897548282233 0.0036148755266691103
14 0.3 0.8 0.4 9.98085585543283 0.0015717587569243393
14 0.3 0.8 0.6 9.997072684677468 0.0014708579987022757
14 0.3 0.8 0.8 9.954929247060385 0.0037342235469139924
14 0.3 0.8 1.0 9.816863754065809 0.007256290600998839
14 0.3 0.8 1.2 9.607740272644705 0.01159293953714626
14 0.3 0.8 1.4 9.411972864535462 0.014890882315131542
14 0.3 0.8 1.6 9.128838308269795 0.01846349051843501
14 0.3 0.8 1.8 8.921648342415153 0.020221717343250716
14 0.3 0.8 2.0 8.59563397080562 0.02266002638769175
14 0.3 0.8 2.2 8.304265298832153 0.024211816033634537
14 0.3 0.8 2.4 8.026381218697951 0.02562593688186007
14 0.3 0.8 2.6 7.736760765889271 0.02568999010633249
14 0.3 0.8 2.8 7.470512260555778 0.027319045916288254
14 0.3 0.8 3.0 7.154184728860255 0.02645199698430541
14 0.3 1.0 0.0 7.808894021284873 0.004094700583829752
14 0.3 1.0 0.2 9.424625441964205 0.00786461875949771
14 0.3 1.0 0.4 9.905075711036941 0.0036934169702826465
14 0.3 1.0 0.6 9.895832108023692 0.005304156296653965
14 0.3 1.0 0.8 9.74096843578331 0.009911362662684749
14 0.3 1.0 1.0 9.494458603799202 0.014365954028442986
14 0.3 1.0 1.2 9.184772208833026 0.018294252366428093
14 0.3 1.0 1.4 8.860685579447704 0.020399972302618766
14 0.3 1.0 1.6 8.562543852150208 0.021043580534843006
14 0.3 1.0 1.8 8.28888091978259 0.023197882867924007
14 0.3 1.0 2.0 7.975412405349825 0.02389803744636761
14 0.3 1.0 2.2 7.63959842602082 0.024995317901605973
14 0.3 1.0 2.4 7.362455593623835 0.024236960356815464
14 0.3 1.0 2.6 7.106958853171527 0.023885734503320637
14 0.3 1.0 2.8 6.826100892353394 0.023134438942928118
14 0.3 1.0 3.0 6.583998651039089 0.022488036736891825
14 0.5 0.0 0.0 7.574316828719117 0.005085295599212875
14 0.5 0.0 0.2 9.75114541771537 0.0014154498051562412
14 0.5 0.0 0.4 9.958068149614997 0.0013583072773222541
14 0.5 0.0 0.6 9.965557217016793 0.00127691733839951
14 0.5 0.0 0.8 9.9813306929305 0.001547444301947378
14 0.5 0.0 1.0 9.964729519574359 0.0018146750042596937
14 0.5 0.0 1.2 9.93854182434433 0.0020810889877478076
14 0.5 0.0 1.4 9.911608717107004 0.0024589874849674344
14 0.5 0.0 1.6 9.887544584012051 0.0031047437054590988
14 0.5 0.0 1.8 9.866944337415823 0.003559632374610134
14 0.5 0.0 2.0 9.860134570939334 0.00372305759420697
14 0.5 0.0 2.2 9.847887311047002 0.004255875566974424
14 0.5 0.0 2.4 9.85000488728692 0.004556314138155425
14 0.5 0.0 2.6 9.844625736120276 0.00469828880275961
14 0.5 0.0 2.8 9.848623810589498 0.004324010122500771
14 0.5 0.0 3.0 9.846571506487718 0.004327426774148771
14 0.5 0.1 0.0 7.574932574274665 0.005301245888993424
14 0.5 0.1 0.2 9.750141898907406 0.0012737534335858901
14 0.5 0.1 0.4 9.960562476572864 0.001259268402731405
14 0.5 0.1 0.6 9.96675277244447 0.0012628401464438864
14 0.5 0.1 0.8 9.980159371911798 0.0015719126416228687
14 0.5 0.1 1.0 9.962640451591895 0.0018436935154065794
14 0.5 0.1 1.2 9.937273620158091 0.001993246263644589
14 0.5 0.1 1.4 9.911742746063283 0.0025170453562450745
14 0.5 0.1 1.6 9.883324010705435 0.0033306655408914076
14 0.5 0.1 1.8 9.867953710367445 0.003700710426217052
14 0.5 0.1 2.0 9.86382495439325 0.003653780596740349
14 0.5 0.1 2.2 9.8540400189964 0.003931068006469916
14 0.5 0.1 2.4 9.849879371691816 0.004182267313799127
14 0.5 0.1 2.6 9.836507590233582 0.004307826778072557
14 0.5 0.1 2.8 9.832370097697366 0.0046124892366701965
14 0.5 0.1 3.0 9.823268343395773 0.004512539384764859
14 0.5 0.3 0.0 7.569798981968168 0.005164353584531877
14 0.5 0.3 0.2 9.744253720693118 0.0015118527112823956
14 0.5 0.3 0.4 9.964764139464691 0.00127117570106038
14 0.5 0.3 0.6 9.968306448534928 0.0012802836041435955
14 0.5 0.3 0.8 9.977987422412765 0.0016879022164638282
14 0.5 0.3 1.0 9.962111702799817 0.0017781942803179766
14 0.5 0.3 1.2 9.933821002675801 0.0020076218283671004
14 0.5 0.3 1.4 9.897394397466575 0.0027377199673122325
14 0.5 0.3 1.6 9.871144761610838 0.0032531045676613803
14 0.5 0.3 1.8 9.849671825331823 0.003870284712350926
14 0.5 0.3 2.0 9.815269830145917 0.00461513118665314
14 0.5 0.3 2.2 9.789135116875677 0.005106553315990621
14 0.5 0.3 2.4 9.726231784084376 0.006595802916976265
14 0.5 0.3 2.6 9.68551731133608 0.006726533046556876
14 0.5 0.3 2.8 9.623456126495421 0.008059029701689327
14 0.5 0.3 3.0 9.537945705914618 0.010098029876706594
14 0.5 0.5 0.0 7.5762402393810495 0.005221567323515576
14 0.5 0.5 0.2 9.735668393571396 0.0016065653414850138
14 0.5 0.5 0.4 9.965131596406572 0.0011786707902277942
14 0.5 0.5 0.6 9.96775331226704 0.0012832433800218797
14 0.5 0.5 0.8 9.97198885591081 0.0015799695047224265
14 0.5 0.5 1.0 9.947030389428953 0.0017632610240681556
14 0.5 0.5 1.2 9.902600906572422 0.002377585571092341
14 0.5 0.5 1.4 9.846243602521461 0.0035115870090587386
14 0.5 0.5 1.6 9.751623869231624 0.005579875000769619
14 0.5 0.5 1.8 9.623775787453472 0.008543443584515623
14 0.5 0.5 2.0 9.464435595648531 0.012045061063439323
14 0.5 0.5 2.2 9.28963803203497 0.015074701586909389
14 0.5 0.5 2.4 9.014270660540822 0.020206338133389665
14 0.5 0.5 2.6 8.775658961227993 0.02278029734529302
14 0.5 0.5 2.8 8.460381823849659 0.025622122795558647
14 0.5 0.5 3.0 8.16569509182422 0.027639494634193518
14 0.5 0.8 0.0 7.57795026401193 0.0050547523577279515
14 0.5 0.8 0.2 9.701004169506186 0.0029929986284133727
14 0.5 0.8 0.4 9.94509598203392 0.001617938614414236
14 0.5 0.8 0.6 9.960012271852795 0.0015811812276719502
14 0.5 0.8 0.8 9.921355203791189 0.00271840608278766
14 0.5 0.8 1.0 9.775681137450666 0.006917002881541655
14 0.5 0.8 1.2 9.541116846652937 0.011535608121531734
14 0.5 0.8 1.4 9.260909394621715 0.01594075061008208
14 0.5 0.8 1.6 8.947692632661816 0.019987131425886446
14 0.5 0.8 1.8 8.568597259074945 0.024669415629274896
14 0.5 0.8 2.0 8.194863754068777 0.026867045644621675
14 0.5 0.8 2.2 7.8604647683203135 0.0291184752281793
14 0.5 0.8 2.4 7.481685570474023 0.03046458333376524
14 0.5 0.8 2.6 7.133641012494577 0.030567897083373714
14 0.5 0.8 2.8 6.749886659838532 0.030261867507676603
14 0.5 0.8 3.0 6.526673351730344 0.03118841717411788
14 0.5 1.0 0.0 7.569931462133452 0.005083233694399601
14 0.5 1.0 0.2 9.636028167247025 0.0053835587765654665
14 0.5 1.0 0.4 9.902010474602179 0.0031301096138106107
14 0.5 1.0 0.6 9.881553248931665 0.0048630889759909805
14 0.5 1.0 0.8 9.710281491635907 0.009898554722898325
14 0.5 1.0 1.0 9.430679648013523 0.014933620494159751
14 0.5 1.0 1.2 9.086173628035247 0.019599577186256437
14 0.5 1.0 1.4 8.70613074847577 0.02332506597516729
14 0.5 1.0 1.6 8.330611876668847 0.02628754400668568
14 0.5 1.0 1.8 7.814907694686681 0.02829565737151713
14 0.5 1.0 2.0 7.418908561946394 0.02897092828432154
14 0.5 1.0 2.2 7.08408880632458 0.028182223338276236
14 0.5 1.0 2.4 6.814834783532063 0.028806183512058624
14 0.5 1.0 2.6 6.490246161171965 0.02746021854752497
14 0.5 1.0 2.8 6.188511246535515 0.026505437836151623
14 0.5 1.0 3.0 5.998389703486847 0.0259467538656319
14 0.8 0.0 0.0 7.152128805212405 0.0073347278664637975
14 0.8 0.0 0.2 9.5771126208087 0.006098952686525074
14 0.8 0.0 0.4 9.778470058862863 0.004296649682044431
14 0.8 0.0 0.6 9.786718749788882 0.004178167627575607
14 0.8 0.0 0.8 9.775705587781518 0.004350730480058648
14 0.8 0.0 1.0 9.73303238846695 0.00485746166292147
14 0.8 0.0 1.2 9.670436538432421 0.006186389144784103
14 0.8 0.0 1.4 9.564912882050734 0.008289297120288712
14 0.8 0.0 1.6 9.470822173393929 0.010747804835186215
14 0.8 0.0 1.8 9.335715436065565 0.014561308769008659
14 0.8 0.0 2.0 9.25137253356794 0.017186931737885883
14 0.8 0.0 2.2 9.1463293952573 0.020203895950670507
14 0.8 0.0 2.4 9.077203491856462 0.022610628741169345
14 0.8 0.0 2.6 9.101717509402441 0.021873608690671564
14 0.8 0.0 2.8 9.019338576940173 0.0254416832496696
14 0.8 0.0 3.0 9.03342473229314 0.02465291126822338
14 0.8 0.1 0.0 7.1668554912752 0.007657565106952673
14 0.8 0.1 0.2 9.580862467938587 0.005810514789574872
14 0.8 0.1 0.4 9.779747387244903 0.004519164416662251
14 0.8 0.1 0.6 9.784735486880837 0.004199333486950138
14 0.8 0.1 0.8 9.775306699957817 0.004489596592584663
14 0.8 0.1 1.0 9.729750294444546 0.0054364498143466364
14 0.8 0.1 1.2 9.645807160571104 0.006661970340362025
14 0.8 0.1 1.4 9.562836156390015 0.008300533552874342
14 0.8 0.1 1.6 9.46484442108044 0.010325607931486623
14 0.8 0.1 1.8 9.322169896941597 0.014510959852299079
14 0.8 0.1 2.0 9.23836573184466 0.0173970733148247
14 0.8 0.1 2.2 9.183644854672481 0.018609798921498565
14 0.8 0.1 2.4 9.087013094752141 0.02258784542585737
14 0.8 0.1 2.6 9.041264761170106 0.022948340946170175
14 0.8 0.1 2.8 9.006898108895294 0.024653668728296108
14 0.8 0.1 3.0 8.993420340559679 0.025282331233561557
14 0.8 0.3 0.0 7.149393253766831 0.007825270683188414
14 0.8 0.3 0.2 9.574118295618677 0.006265160805932272
14 0.8 0.3 0.4 9.78579391044558 0.004462334246843793
14 0.8 0.3 0.6 9.78697804970709 0.004129003266144456
14 0.8 0.3 0.8 9.779895676853876 0.004352462546779021
14 0.8 0.3 1.0 9.734638711076338 0.005428643657699715
14 0.8 0.3 1.2 9.65903462485915 0.006442240040537017
14 0.8 0.3 1.4 9.563700759874884 0.008297587719146068
14 0.8 0.3 1.6 9.424884894361973 0.011425742333474934
14 0.8 0.3 1.8 9.271680053142227 0.014985484429499372
14 0.8 0.3 2.0 9.141061956635294 0.019456863404455
14 0.8 0.3 2.2 9.011601561227407 0.020724665744488568
14 0.8 0.3 2.4 8.874786129378672 0.024058895097406566
14 0.8 0.3 2.6 8.767414260943644 0.02477967805907058
14 0.8 0.3 2.8 8.595020109475751 0.027319689801305776
14 0.8 0.3 3.0 8.448147582968668 0.028006705375018946
14 0.8 0.5 0.0 7.156975656793429 0.0073056072904727504
14 0.8 0.5 0.2 9.580481516447199 0.005903147201809415
14 0.8 0.5 0.4 9.789221962725135 0.004325881046034868
14 0.8 0.5 0.6 9.795967786451486 0.004129696215563084
14 0.8 0.5 0.8 9.783204282645766 0.004355715866962719
14 0.8 0.5 1.0 9.724622289526163 0.004941673483787108
14 0.8 0.5 1.2 9.632672878404517 0.006556076911385976
14 0.8 0.5 1.4 9.495970441218866 0.00862693579454238
14 0.8 0.5 1.6 9.256790111498402 0.013039062872882208
14 0.8 0.5 1.8 8.974962854131288 0.018012966608467452
14 0.8 0.5 2.0 8.67756479838076 0.02293512573529858
14 0.8 0.5 2.2 8.324512073732773 0.027271838174036726
14 0.8 0.5 2.4 8.00915680821376 0.029543660887361232
14 0.8 0.5 2.6 7.6552717438804585 0.033665042612127195
14 0.8 0.5 2.8 7.363284647993158 0.034261327500425924
14 0.8 0.5 3.0 7.018635898785407 0.03472002524543121
14 0.8 0.8 0.0 7.1659219659898 0.007255046070717038
14 0.8 0.8 0.2 9.581878627876934 0.005947780405065457
14 0.8 0.8 0.4 9.776341264780765 0.004427144129796395
14 0.8 0.8 0.6 9.79630434323582 0.003933855808360784
14 0.8 0.8 0.8 9.737140562881482 0.004681188055085023
14 0.8 0.8 1.0 9.591995579588406 0.007375287784102207
14 0.8 0.8 1.2 9.248262965755611 0.013297386174305637
14 0.8 0.8 1.4 8.830173884958517 0.019690465092083217
14 0.8 0.8 1.6 8.315436027199702 0.025403783999722748
14 0.8 0.8 1.8 7.845627619967195 0.02968090006199317
14 0.8 0.8 2.0 7.3261063506602175 0.031990180092596646
14 0.8 0.8 2.2 6.865751664145667 0.03209168916986115
14 0.8 0.8 2.4 6.499423399795282 0.03293064500870699
14 0.8 0.8 2.6 6.131154516612623 0.032108781977996735
14 0.8 0.8 2.8 5.78150712411686 0.03100176966813318
14 0.8 0.8 3.0 5.5051267146374405 0.02881349388427979
14 0.8 1.0 0.0 7.1584912449804445 0.00760333772494177
14 0.8 1.0 0.2 9.566175430722913 0.006609436960559922
14 0.8 1.0 0.4 9.771841368965097 0.004463153140242559
14 0.8 1.0 0.6 9.747775924200887 0.005583822641453327
14 0.8 1.0 0.8 9.562449708604333 0.01030616993266883
14 0.8 1.0 1.0 9.222400161958273 0.016541200513583043
14 0.8 1.0 1.2 8.71295355454932 0.024274293663814724
14 0.8 1.0 1.4 8.226793431987044 0.027383629780214053
14 0.8 1.0 1.6 7.66747552642903 0.029611324562036193
14 0.8 1.0 1.8 7.118731689425206 0.03158669222827937
14 0.8 1.0 2.0 6.623963150681348 0.030743177679416832
14 0.8 1.0 2.2 6.211220765697987 0.030906828173135423
14 0.8 1.0 2.4 5.848312590379313 0.02904477050287124
14 0.8 1.0 2.6 5.559327652332752 0.026301703328492285
14 0.8 1.0 2.8 5.27773579900335 0.024413936391701304
14 0.8 1.0 3.0 5.108248326092681 0.023068406222150374
14 1.0 0.0 0.0 6.894065445211361 0.009359168071404642
14 1.0 0.0 0.2 9.315223100662067 0.010152110325177524
14 1.0 0.0 0.4 9.594659156934284 0.007366415986736756
14 1.0 0.0 0.6 9.607713710660427 0.006785352531006767
14 1.0 0.0 0.8 9.577069983073704 0.007223398824167673
14 1.0 0.0 1.0 9.497200152882336 0.008743842621719023
14 1.0 0.0 1.2 9.375409449273157 0.010589363662257757
14 1.0 0.0 1.4 9.199832393181229 0.01371988298427197
14 1.0 0.0 1.6 8.99889205343514 0.017339152272044436
14 1.0 0.0 1.8 8.726246491843066 0.02307225141883228
14 1.0 0.0 2.0 8.5372609644819 0.026894054845795247
14 1.0 0.0 2.2 8.317011449983218 0.032518329849305444
14 1.0 0.0 2.4 8.220390117070565 0.03541595781468208
14 1.0 0.0 2.6 8.107464556965814 0.03799482132990911
14 1.0 0.0 2.8 7.991324356294715 0.039534143486178105
14 1.0 0.0 3.0 8.016899149913588 0.04046794310335423
14 1.0 0.1 0.0 6.886788646836543 0.009510412904380249
14 1.0 0.1 0.2 9.32817738336691 0.009896204997299894
14 1.0 0.1 0.4 9.582020885602983 0.007665439638429414
14 1.0 0.1 0.6 9.609908681202104 0.006699710405672615
14 1.0 0.1 0.8 9.56348791759387 0.007680802843625941
14 1.0 0.1 1.0 9.493108572533112 0.00905312002920089
14 1.0 0.1 1.2 9.377987639657173 0.010208554432224067
14 1.0 0.1 1.4 9.209369664889529 0.014135572714965437
14 1.0 0.1 1.6 8.993555695789667 0.018248662348492577
14 1.0 0.1 1.8 8.736267180269694 0.02315785252558158
14 1.0 0.1 2.0 8.483157039991182 0.028033106399113213
14 1.0 0.1 2.2 8.27865877850078 0.0330177197394601
14 1.0 0.1 2.4 8.189915643898969 0.034668116920576975
14 1.0 0.1 2.6 8.129610784123358 0.03816454913462101
14 1.0 0.1 2.8 8.0472320777961 0.03936722426153224
14 1.0 0.1 3.0 7.887358698382449 0.04191459962393167
14 1.0 0.3 0.0 6.926360588293936 0.009666391722496424
14 1.0 0.3 0.2 9.304210248484129 0.010427414612286159
14 1.0 0.3 0.4 9.582098621322157 0.007483836441945292
14 1.0 0.3 0.6 9.609796671070768 0.006605910722667747
14 1.0 0.3 0.8 9.587835852345954 0.007378339944586134
14 1.0 0.3 1.0 9.500459146540061 0.008451747805979093
14 1.0 0.3 1.2 9.364517942755013 0.011360181648627184
14 1.0 0.3 1.4 9.187526332238951 0.013953277392106295
14 1.0 0.3 1.6 8.951382001413403 0.01877778771496066
14 1.0 0.3 1.8 8.648545763531269 0.023696156760526724
14 1.0 0.3 2.0 8.39577319989893 0.028650388579511864
14 1.0 0.3 2.2 8.101836764662044 0.032732273815843795
14 1.0 0.3 2.4 7.957278499121022 0.03430197914765841
14 1.0 0.3 2.6 7.774354600869971 0.037010178373704586
14 1.0 0.3 2.8 7.555401836832902 0.038379234498088145
14 1.0 0.3 3.0 7.459775114472638 0.039536741668126776
14 1.0 0.5 0.0 6.888214272617553 0.009997254539402265
14 1.0 0.5 0.2 9.335622177464177 0.010266384203365893
14 1.0 0.5 0.4 9.6074294052828 0.007127582069361781
14 1.0 0.5 0.6 9.624057037884253 0.006788521658772211
14 1.0 0.5 0.8 9.606339206133471 0.006940752336050175
14 1.0 0.5 1.0 9.503980372176345 0.008764513024831605
14 1.0 0.5 1.2 9.331693470177516 0.011225516762539639
14 1.0 0.5 1.4 9.101905023850547 0.01419829650803994
14 1.0 0.5 1.6 8.79539003580836 0.018060069202483688
14 1.0 0.5 1.8 8.320088197276482 0.024575145950465508
14 1.0 0.5 2.0 7.9463683170977015 0.02951080552916879
14 1.0 0.5 2.2 7.526605320571528 0.03257167250314886
14 1.0 0.5 2.4 7.12686570554714 0.03679175504882594
14 1.0 0.5 2.6 6.716062099548686 0.03585773990687293
14 1.0 0.5 2.8 6.513905731755326 0.03853827635661619
14 1.0 0.5 3.0 6.184313806442214 0.03650565120695152
14 1.0 0.8 0.0 6.88776808594631 0.009472270223432121
14 1.0 0.8 0.2 9.354563719900057 0.00952906020777508
14 1.0 0.8 0.4 9.61559958011319 0.00691816478381764
14 1.0 0.8 0.6 9.643560707868222 0.006108612476005893
14 1.0 0.8 0.8 9.573179896243937 0.006961330638098557
14 1.0 0.8 1.0 9.379550623136431 0.010119864632035383
14 1.0 0.8 1.2 9.000263754245319 0.015956068428013913
14 1.0 0.8 1.4 8.519395679970712 0.02206029481943844
14 1.0 0.8 1.6 7.896036228149421 0.02849124006286318
14 1.0 0.8 1.8 7.286175079075577 0.031930492118999454
14 1.0 0.8 2.0 6.715976618274301 0.03339310531710101
14 1.0 0.8 2.2 6.287625363423472 0.032947988939583624
14 1.0 0.8 2.4 5.829199339657666 0.0327671363089209
14 1.0 0.8 2.6 5.480182685407965 0.029898038746019658
14 1.0 0.8 2.8 5.263105896985184 0.0302312648399164
14 1.0 0.8 3.0 4.9887292871267235 0.02751979900266482
14 1.0 1.0 0.0 6.885794674973396 0.00955676683817739
14 1.0 1.0 0.2 9.332016143246364 0.01092379725791489
14 1.0 1.0 0.4 9.610631570511696 0.006819779081473243
14 1.0 1.0 0.6 9.595449667948353 0.007404206010361798
14 1.0 1.0 0.8 9.403430292432498 0.010970362341220322
14 1.0 1.0 1.0 9.032849195371812 0.018173265572518617
14 1.0 1.0 1.2 8.468492818748338 0.025556194879145067
14 1.0 1.0 1.4 7.801091074654572 0.029412728405250353
14 1.0 1.0 1.6 7.177255166762192 0.032306801920567584
14 1.0 1.0 1.8 6.614047078374247 0.03258653424561124
14 1.0 1.0 2.0 6.048624143547218 0.03144171554661631
14 1.0 1.0 2.2 5.721679393375018 0.029914161368794167
14 1.0 1.0 2.4 5.3486306013665414 0.02705122482101632
14 1.0 1.0 2.6 5.042149792603633 0.02532492594367144
14 1.0 1.0 2.8 4.827899407279228 0.024448036011390825
14 1.0 1.0 3.0 4.66652263355348 0.0230326041223256
14 1.2 0.0 0.0 6.636369017579028 0.011535468092636463
14 1.2 0.0 0.2 9.004871059946732 0.014435764907941582
14 1.2 0.0 0.4 9.329809943855027 0.011465495124815952
14 1.2 0.0 0.6 9.381533941036396 0.010017210135409514
14 1.2 0.0 0.8 9.33514273892797 0.010730418107706252
14 1.2 0.0 1.0 9.197032220586166 0.013860648102471089
14 1.2 0.0 1.2 9.004768982281146 0.01582845196194097
14 1.2 0.0 1.4 8.718616835275483 0.0204659452667535
14 1.2 0.0 1.6 8.404707146933767 0.02643072970960309
14 1.2 0.0 1.8 8.016224842335385 0.03236618851439997
14 1.2 0.0 2.0 7.720087716791615 0.035259998910132866
14 1.2 0.0 2.2 7.372709378908684 0.04006988191761493
14 1.2 0.0 2.4 7.2005919736850705 0.04297357013678193
14 1.2 0.0 2.6 7.023015679056879 0.04499573946823154
14 1.2 0.0 2.8 6.992879008288961 0.04845106245569543
14 1.2 0.0 3.0 6.927052094320184 0.04820699848529797
14 1.2 0.1 0.0 6.635831110974426 0.011511295572938774
14 1.2 0.1 0.2 9.005828333201087 0.014045649328389087
14 1.2 0.1 0.4 9.343677587457723 0.011354828481562152
14 1.2 0.1 0.6 9.367541603753986 0.010596992894702409
14 1.2 0.1 0.8 9.32095100407988 0.011359799740613697
14 1.2 0.1 1.0 9.189178373076908 0.013322809391510307
14 1.2 0.1 1.2 9.001005361632846 0.015931389806655132
14 1.2 0.1 1.4 8.718728960079261 0.020343467019233286
14 1.2 0.1 1.6 8.42838328947692 0.0251875057871706
14 1.2 0.1 1.8 8.000905840445284 0.03301914601367238
14 1.2 0.1 2.0 7.718155233953642 0.03462941187412894
14 1.2 0.1 2.2 7.404164423933625 0.039386683891422976
14 1.2 0.1 2.4 7.142204661152055 0.04307380565677036
14 1.2 0.1 2.6 7.019486616602194 0.045413403141013935
14 1.2 0.1 2.8 6.853148495353536 0.04716166818430414
14 1.2 0.1 3.0 6.899897407330957 0.04776426471980222
14 1.2 0.3 0.0 6.654950840716571 0.011043838893431966
14 1.2 0.3 0.2 9.004680819236738 0.014542852646634248
14 1.2 0.3 0.4 9.348253141739882 0.011213213821490799
14 1.2 0.3 0.6 9.392567105517589 0.01002113265642142
14 1.2 0.3 0.8 9.341508868562707 0.011467645150286327
14 1.2 0.3 1.0 9.209623911421636 0.012959215175278356
14 1.2 0.3 1.2 9.003152832286853 0.015708152245497993
14 1.2 0.3 1.4 8.706990249504376 0.021270535001702735
14 1.2 0.3 1.6 8.353770079399215 0.02604394660169017
14 1.2 0.3 1.8 7.960544808235841 0.0294625788717898
14 1.2 0.3 2.0 7.545915518589294 0.03526905317413722
14 1.2 0.3 2.2 7.237353384487404 0.038218485457937525
14 1.2 0.3 2.4 6.990393812824312 0.04174778166834349
14 1.2 0.3 2.6 6.745903408265433 0.04302660163929868
14 1.2 0.3 2.8 6.537710360205994 0.044053245383179444
14 1.2 0.3 3.0 6.493155660939154 0.043791494815160106
14 1.2 0.5 0.0 6.617284412736141 0.011424394541225779
14 1.2 0.5 0.2 9.025503984335478 0.014680764968208948
14 1.2 0.5 0.4 9.36167661125438 0.010875851481909421
14 1.2 0.5 0.6 9.405269180577077 0.009576936948659189
14 1.2 0.5 0.8 9.341897625019667 0.01117443654063233
14 1.2 0.5 1.0 9.218999114629025 0.012830959512402746
14 1.2 0.5 1.2 9.001452248144163 0.015696182040014224
14 1.2 0.5 1.4 8.631952158629447 0.02050304070033944
14 1.2 0.5 1.6 8.172972308618078 0.026051803753366267
14 1.2 0.5 1.8 7.660108449449598 0.02966746362055361
14 1.2 0.5 2.0 7.2049238272239275 0.03420250721333203
14 1.2 0.5 2.2 6.727410142519607 0.03592433747288718
14 1.2 0.5 2.4 6.361854616251884 0.038064812640834604
14 1.2 0.5 2.6 5.995527882753225 0.03685970398290205
14 1.2 0.5 2.8 5.724132944520788 0.03539987210778646
14 1.2 0.5 3.0 5.398839993541015 0.03600388603770122
14 1.2 0.8 0.0 6.627867220560529 0.011167952226409577
14 1.2 0.8 0.2 9.044363619878604 0.014388545283794432
14 1.2 0.8 0.4 9.394381338178384 0.010472667360349653
14 1.2 0.8 0.6 9.414370269489872 0.009776982816914836
14 1.2 0.8 0.8 9.354281344327639 0.009875435454273126
14 1.2 0.8 1.0 9.123012975423928 0.013672241974782416
14 1.2 0.8 1.2 8.599505603894096 0.019146167261321907
14 1.2 0.8 1.4 8.045446603676925 0.025028798338850647
14 1.2 0.8 1.6 7.363499232132066 0.02938272558010098
14 1.2 0.8 1.8 6.6720395113479 0.03104957280174365
14 1.2 0.8 2.0 6.123670610437619 0.03308565755065076
14 1.2 0.8 2.2 5.680060960051876 0.03152792001870907
14 1.2 0.8 2.4 5.278211524809469 0.0311902779303782
14 1.2 0.8 2.6 4.939136341537267 0.028223150288637325
14 1.2 0.8 2.8 4.740251596229703 0.02791968506155114
14 1.2 0.8 3.0 4.508618178263788 0.025553082636735922
14 1.2 1.0 0.0 6.633264303582734 0.011263724264057322
14 1.2 1.0 0.2 9.075616633823174 0.01389264158910023
14 1.2 1.0 0.4 9.3978268535478 0.010648473704605126
14 1.2 1.0 0.6 9.394995206316919 0.010064390947729127
14 1.2 1.0 0.8 9.185284457108871 0.013403722738291744
14 1.2 1.0 1.0 8.761202480003055 0.020619521237049108
14 1.2 1.0 1.2 8.035111904096661 0.027268085306227815
14 1.2 1.0 1.4 7.391700607819558 0.030383987746504172
14 1.2 1.0 1.6 6.670610072904714 0.03191418357368105
14 1.2 1.0 1.8 6.066546998104878 0.031241495739517094
14 1.2 1.0 2.0 5.5916294919088525 0.029857618867474348
14 1.2 1.0 2.2 5.154301677032595 0.02740544027822211
14 1.2 1.0 2.4 4.884503760425816 0.025447940136715495
14 1.2 1.0 2.6 4.627826876160072 0.02359053529586042
14 1.2 1.0 2.8 4.4174276593099355 0.02206199003123166
14 1.2 1.0 3.0 4.242953358642178 0.02171817547111664
14 1.5 0.0 0.0 6.308566849568975 0.01225724739159111
14 1.5 0.0 0.2 8.44288074699176 0.02055690150604532
14 1.5 0.0 0.4 8.892961799737597 0.017100913422715594
14 1.5 0.0 0.6 8.944558250172557 0.016531979066214467
14 1.5 0.0 0.8 8.838170817672587 0.01812869348680751
14 1.5 0.0 1.0 8.647777493406815 0.02011292585386954
14 1.5 0.0 1.2 8.29690551386436 0.02546901215610839
14 1.5 0.0 1.4 7.872099549752763 0.028893048372593818
14 1.5 0.0 1.6 7.386301427973463 0.03453657194044399
14 1.5 0.0 1.8 6.914184960712226 0.03803610127034461
14 1.5 0.0 2.0 6.505702175773238 0.04086810845723053
14 1.5 0.0 2.2 6.184987927632979 0.04311770810798337
14 1.5 0.0 2.4 5.863461992199443 0.045976922682931125
14 1.5 0.0 2.6 5.680084202780589 0.04858485091416375
14 1.5 0.0 2.8 5.55163621417987 0.04872665206154112
14 1.5 0.0 3.0 5.400866773446094 0.04715332516637878
14 1.5 0.1 0.0 6.305768116336274 0.01218758585347408
14 1.5 0.1 0.2 8.422007462135506 0.020555444772805895
14 1.5 0.1 0.4 8.855591401003384 0.017297249490131377
14 1.5 0.1 0.6 8.983767805828736 0.015524373688111081
14 1.5 0.1 0.8 8.855597417038535 0.017682412574984846
14 1.5 0.1 1.0 8.630870081104572 0.02078555952829944
14 1.5 0.1 1.2 8.29946425919357 0.024254669079328096
14 1.5 0.1 1.4 7.861938682750992 0.030277719510182197
14 1.5 0.1 1.6 7.389817185431061 0.03553474154058249
14 1.5 0.1 1.8 6.893718140756202 0.03768931785358349
14 1.5 0.1 2.0 6.408002546239578 0.040588749790261155
14 1.5 0.1 2.2 6.168359909561084 0.04455338371772324
14 1.5 0.1 2.4 5.840059514731048 0.0455747077774794
14 1.5 0.1 2.6 5.626556067855081 0.04692171011039264
14 1.5 0.1 2.8 5.503510241683792 0.04810129315172942
14 1.5 0.1 3.0 5.426044677787855 0.05072713910743073
14 1.5 0.3 0.0 6.300454212672726 0.01241474271690213
14 1.5 0.3 0.2 8.45464185686432 0.019813822080556435
14 1.5 0.3 0.4 8.916125344746932 0.01641417972294658
14 1.5 0.3 0.6 8.947284908763383 0.016344906963160998
14 1.5 0.3 0.8 8.829958467687703 0.01785422897569477
14 1.5 0.3 1.0 8.625061236525914 0.0204285915428669
14 1.5 0.3 1.2 8.322825248422795 0.025295542362986336
14 1.5 0.3 1.4 7.891762980353815 0.02885373072435379
14 1.5 0.3 1.6 7.344482069546883 0.034160441102099315
14 1.5 0.3 1.8 6.951880991487509 0.035937571338075104
14 1.5 0.3 2.0 6.432904584040413 0.039794874633449745
14 1.5 0.3 2.2 6.033913485089647 0.04184726015310614
14 1.5 0.3 2.4 5.711684821481179 0.04452126177658275
14 1.5 0.3 2.6 5.5574677055236235 0.043558657415617985
14 1.5 0.3 2.8 5.300878120049768 0.0442746653394411
14 1.5 0.3 3.0 5.151657380181011 0.04457612398053433
14 1.5 0.5 0.0 6.310038441996883 0.012282236200525582
14 1.5 0.5 0.2 8.471401905452346 0.020606302481964676
14 1.5 0.5 0.4 8.92559848774289 0.016247834364450684
14 1.5 0.5 0.6 8.982444344891281 0.015927200456859393
14 1.5 0.5 0.8 8.843245548419114 0.017859600615329204
14 1.5 0.5 1.0 8.627900831460945 0.02111100944193258
14 1.5 0.5 1.2 8.289647712907316 0.0243384025222417
14 1.5 0.5 1.4 7.748155165138767 0.02874297655518607
14 1.5 0.5 1.6 7.306790369060184 0.03126442250447558
14 1.5 0.5 1.8 6.651104486996101 0.03477501772020253
14 1.5 0.5 2.0 6.129658875029213 0.03523907211456549
14 1.5 0.5 2.2 5.71563677669578 0.036481003628054114
14 1.5 0.5 2.4 5.3215597094375635 0.03537741617840013
14 1.5 0.5 2.6 5.012105871871532 0.03646772582566717
14 1.5 0.5 2.8 4.774113601501078 0.03431831281116319
14 1.5 0.5 3.0 4.527872423405313 0.03340784229528325
14 1.5 0.8 0.0 6.310154693437954 0.012476155714722251
14 1.5 0.8 0.2 8.532697472726335 0.019783361954274204
14 1.5 0.8 0.4 8.94826345794545 0.016294217212082265
14 1.5 0.8 0.6 8.996922848445443 0.015450205633502767
14 1.5 0.8 0.8 8.876168169583993 0.017414755480358365
14 1.5 0.8 1.0 8.538871167363823 0.02028020984192922
14 1.5 0.8 1.2 7.988286629288114 0.025000205547165165
14 1.5 0.8 1.4 7.303182414112119 0.030228636974707235
14 1.5 0.8 1.6 6.579313132278372 0.030324167947729186
14 1.5 0.8 1.8 5.838321856625455 0.03173685536696753
14 1.5 0.8 2.0 5.28588816876117 0.030381977569764018
14 1.5 0.8 2.2 4.904225714759848 0.02891235796700034
14 1.5 0.8 2.4 4.618985768998109 0.028415074607291743
14 1.5 0.8 2.6 4.38829486943938 0.02640809105629873
14 1.5 0.8 2.8 4.1642766799174105 0.0249624236529689
14 1.5 0.8 3.0 4.0080979461374335 0.023233999595435095
14 1.5 1.0 0.0 6.314545569692635 0.012352011154400438
14 1.5 1.0 0.2 8.602949376400591 0.01948540601129208
14 1.5 1.0 0.4 9.039978802036098 0.014974015504203238
14 1.5 1.0 0.6 9.013579867516858 0.01577584554807055
14 1.5 1.0 0.8 8.76569435585362 0.01850509711180479
14 1.5 1.0 1.0 8.228532711018596 0.023965796018479417
14 1.5 1.0 1.2 7.54075918028622 0.028133611770201624
14 1.5 1.0 1.4 6.706963336837233 0.032026516993017104
14 1.5 1.0 1.6 5.999999912295479 0.030401682278169417
14 1.5 1.0 1.8 5.345440669400023 0.031171108205576472
14 1.5 1.0 2.0 4.958732714926664 0.029353444223489362
14 1.5 1.0 2.2 4.577507877422641 0.025051133352858065
14 1.5 1.0 2.4 4.343274401729484 0.023174622247453647
14 1.5 1.0 2.6 4.0912973301490245 0.022304536902691116
14 1.5 1.0 2.8 3.951741712193745 0.02109674402908675
14 1.5 1.0 3.0 3.8507862403946107 0.020071597691412996
14 2.0 0.0 0.0 5.858784282218823 0.013512364792809125
14 2.0 0.0 0.2 7.457539307453985 0.02549941969835602
14 2.0 0.0 0.4 8.053021286482073 0.02462551069428438
14 2.0 0.0 0.6 7.986612950685113 0.026965739688850996
14 2.0 0.0 0.8 7.835562803106083 0.028689681018277482
14 2.0 0.0 1.0 7.500735183638516 0.03251356027944116
14 2.0 0.0 1.2 7.006298904561218 0.033940438821525726
14 2.0 0.0 1.4 6.449592734824016 0.03812141026168204
14 2.0 0.0 1.6 5.891336650890297 0.038213285175729354
14 2.0 0.0 1.8 5.319501982133166 0.037770254881487456
14 2.0 0.0 2.0 4.864514476552795 0.03920931193492776
14 2.0 0.0 2.2 4.581277248601425 0.04024657383169663
14 2.0 0.0 2.4 4.267524806660665 0.039909374569918436
14 2.0 0.0 2.6 4.090050422546116 0.04091638671647127
14 2.0 0.0 2.8 3.9395224885650313 0.039149522791596274
14 2.0 0.0 3.0 3.813990771456659 0.03900684858048794
14 2.0 0.1 0.0 5.831628056941529 0.012903087714993728
14 2.0 0.1 0.2 7.528606757923392 0.02579746842533134
14 2.0 0.1 0.4 8.01860733686005 0.024758848695606073
14 2.0 0.1 0.6 8.064543413925334 0.025909396795912892
14 2.0 0.1 0.8 7.805060098827592 0.028936520038114123
14 2.0 0.1 1.0 7.496613134610799 0.031215563301050228
14 2.0 0.1 1.2 6.9602772544221585 0.033838110428422295
14 2.0 0.1 1.4 6.492463854175865 0.03621635167197975
14 2.0 0.1 1.6 5.8853747410782535 0.03743200970742729
14 2.0 0.1 1.8 5.359784301678716 0.03943428682754406
14 2.0 0.1 2.0 4.897052148217871 0.03881152656526301
14 2.0 0.1 2.2 4.557986165896997 0.03870674035256922
14 2.0 0.1 2.4 4.244113343068171 0.03825690786851643
14 2.0 0.1 2.6 4.081557555011266 0.039579181788305336
14 2.0 0.1 2.8 3.8825499701067825 0.03742824166978179
14 2.0 0.1 3.0 3.796863420803509 0.03851166842556637
14 2.0 0.3 0.0 5.862465885351481 0.013003754874266365
14 2.0 0.3 0.2 7.459218924490159 0.025795722944631862
14 2.0 0.3 0.4 8.006824800236927 0.024439785846687663
14 2.0 0.3 0.6 8.07837086683157 0.025967679719600577
14 2.0 0.3 0.8 7.906031854300678 0.02715619166204948
14 2.0 0.3 1.0 7.510577573843239 0.031249861991119524
14 2.0 0.3 1.2 7.000973927131245 0.03459113941021981
14 2.0 0.3 1.4 6.452730272112984 0.0365251030596935
14 2.0 0.3 1.6 5.881172489753393 0.03900985710126862
14 2.0 0.3 1.8 5.283125530233915 0.03660698639420097
14 2.0 0.3 2.0 4.8544636231638 0.03641242052689201
14 2.0 0.3 2.2 4.5200765663771225 0.037413099454793146
14 2.0 0.3 2.4 4.182193413735188 0.03534285068363595
14 2.0 0.3 2.6 4.041087269875753 0.03426315165902821
14 2.0 0.3 2.8 3.8508212729048745 0.03589625840587944
14 2.0 0.3 3.0 3.7540806136459186 0.03608018930091104
14 2.0 0.5 0.0 5.8709437142019825 0.013331247839929956
14 2.0 0.5 0.2 7.524751823047148 0.025340081995747124
14 2.0 0.5 0.4 8.055671380968866 0.024400043217470312
14 2.0 0.5 0.6 8.122300652320437 0.024505913900025232
14 2.0 0.5 0.8 7.883914375047455 0.028244714706515763
14 2.0 0.5 1.0 7.5690660582458325 0.030717885292805867
14 2.0 0.5 1.2 7.035920829239585 0.03429866527921127
14 2.0 0.5 1.4 6.395453526390615 0.03453961106365511
14 2.0 0.5 1.6 5.838191577185639 0.03557746829959555
14 2.0 0.5 1.8 5.234834441976119 0.03451622080040467
14 2.0 0.5 2.0 4.799326365665205 0.03337005736961144
14 2.0 0.5 2.2 4.448733633244295 0.033506945530413904
14 2.0 0.5 2.4 4.018190889879518 0.03029369048381738
14 2.0 0.5 2.6 3.869722184643265 0.0296415354192281
14 2.0 0.5 2.8 3.6580271431785625 0.027634766676750567
14 2.0 0.5 3.0 3.5645166824558028 0.02697266131789356
14 2.0 0.8 0.0 5.847653997190072 0.013370898821217992
14 2.0 0.8 0.2 7.5974255140657165 0.024342325761278847
14 2.0 0.8 0.4 8.112913587277395 0.02393232146047318
14 2.0 0.8 0.6 8.175396288466162 0.0248041003801974
14 2.0 0.8 0.8 7.981885494246915 0.027020730562502163
14 2.0 0.8 1.0 7.481916820319308 0.02989189090115845
14 2.0 0.8 1.2 6.887525326165163 0.03177744466176503
14 2.0 0.8 1.4 6.127769682144597 0.03308490204515297
14 2.0 0.8 1.6 5.486574780348907 0.031882819474525835
14 2.0 0.8 1.8 4.847124403780444 0.03012748677523062
14 2.0 0.8 2.0 4.36783677968257 0.026916641726544954
14 2.0 0.8 2.2 4.0236245172188525 0.026688331106400412
14 2.0 0.8 2.4 3.756258551981052 0.02433495494004406
14 2.0 0.8 2.6 3.598529517859313 0.02387820316841015
14 2.0 0.8 2.8 3.4441252671868066 0.021841100448792602
14 2.0 0.8 3.0 3.3481312247869726 0.020883247730045244
14 2.0 1.0 0.0 5.855698726944492 0.013236424655328637
14 2.0 1.0 0.2 7.69600315587973 0.02503486309666212
14 2.0 1.0 0.4 8.205980130493662 0.024327635414215402
14 2.0 1.0 0.6 8.226171532564218 0.024358921097879935
14 2.0 1.0 0.8 7.902378956196506 0.02657009068299489
14 2.0 1.0 1.0 7.276835090245661 0.030406276557971332
14 2.0 1.0 1.2 6.51959615198362 0.032666954275487194
14 2.0 1.0 1.4 5.7701936816784904 0.03184463593924114
14 2.0 1.0 1.6 5.1365762895777705 0.029044461253274246
14 2.0 1.0 1.8 4.554434203338398 0.02735116887471965
14 2.0 1.0 2.0 4.162871599807783 0.0250470490887181
14 2.0 1.0 2.2 3.8078901121775632 0.02289863492432197
14 2.0 1.0 2.4 3.6307975392874687 0.020355717165634092
14 2.0 1.0 2.6 3.51364771410676 0.019662761215291043
14 2.0 1.0 2.8 3.360963787749026 0.018798436744304772
14 2.0 1.0 3.0 3.3327705940295638 0.0181553523100882
14 4.0 0.0 0.0 4.662784262231601 0.015448340748071528
14 4.0 0.0 0.2 5.043512988855674 0.024204052318797895
14 4.0 0.0 0.4 5.097857199396464 0.029855237072174707
14 4.0 0.0 0.6 4.844311884448412 0.033119453034333175
14 4.0 0.0 0.8 4.584763748875795 0.03432603172295879
14 4.0 0.0 1.0 4.103022555685395 0.03297889732280904
14 4.0 0.0 1.2 3.657343693464688 0.03160160357388168
14 4.0 0.0 1.4 3.2116665073501798 0.028154197080694502
14 4.0 0.0 1.6 2.8731495063816292 0.025520098248479547
14 4.0 0.0 1.8 2.556486957676968 0.024917457033248103
14 4.0 0.0 2.0 2.3021716780693935 0.02314784692086441
14 4.0 0.0 2.2 2.1466628371592 0.021752654376012974
14 4.0 0.0 2.4 1.980723860281909 0.02089872434509786
14 4.0 0.0 2.6 1.9095384272204559 0.021680418589864376
14 4.0 0.0 2.8 1.839788465629589 0.02176295406249952
14 4.0 0.0 3.0 1.713426049139955 0.020380286369433065
14 4.0 0.1 0.0 4.64687773507238 0.015283242565326989
14 4.0 0.1 0.2 4.9766934045626625 0.024357243970474837
14 4.0 0.1 0.4 5.090680431344662 0.030080893853328537
14 4.0 0.1 0.6 4.861642012196915 0.03201235507668326
14 4.0 0.1 0.8 4.545705237967237 0.03342457870503097
14 4.0 0.1 1.0 4.089285276813843 0.030213308962552483
14 4.0 0.1 1.2 3.57284050591799 0.030466070812920115
14 4.0 0.1 1.4 3.197416184678979 0.02830188055266938
14 4.0 0.1 1.6 2.81867901478295 0.025445969881146308
14 4.0 0.1 1.8 2.555861665672451 0.023830814025834552
14 4.0 0.1 2.0 2.316696316581279 0.023090169906850148
14 4.0 0.1 2.2 2.15602469964963 0.021680116420347624
14 4.0 0.1 2.4 1.9880796271590258 0.020182174583137733
14 4.0 0.1 2.6 1.9099981392343361 0.021907105972849318
14 4.0 0.1 2.8 1.8320501364365835 0.020381401832458367
14 4.0 0.1 3.0 1.7103139485914918 0.01944265297757142
14 4.0 0.3 0.0 4.641389785574218 0.015567285617186686
14 4.0 0.3 0.2 5.024829527702181 0.024193674284798666
14 4.0 0.3 0.4 5.121000709440675 0.031404971859250896
14 4.0 0.3 0.6 4.916482839242406 0.03207615562117002
14 4.0 0.3 0.8 4.537642083876258 0.03139565736248461
14 4.0 0.3 1.0 4.084968584265389 0.031808135130716356
14 4.0 0.3 1.2 3.6916254949673193 0.030714153380212227
14 4.0 0.3 1.4 3.2543584777681875 0.02878546146538426
14 4.0 0.3 1.6 2.905868570876358 0.026172408064910745
14 4.0 0.3 1.8 2.599327783289718 0.024620534920237955
14 4.0 0.3 2.0 2.3290896494264173 0.022340445797256712
14 4.0 0.3 2.2 2.1574152489906577 0.021293734006740315
14 4.0 0.3 2.4 2.024599529328246 0.020457041896213234
14 4.0 0.3 2.6 1.9373440927590984 0.020435711690178365
14 4.0 0.3 2.8 1.8940388450127748 0.020252427475372037
14 4.0 0.3 3.0 1.8183654955095163 0.018743063010048105
14 4.0 0.5 0.0 4.636871269357866 0.015113888877082893
14 4.0 0.5 0.2 5.031424168085003 0.024272734489802175
14 4.0 0.5 0.4 5.12523823254656 0.029882331323536314
14 4.0 0.5 0.6 4.875282547549274 0.03250843496625804
14 4.0 0.5 0.8 4.6025226169920606 0.03266307567837677
14 4.0 0.5 1.0 4.165573038960956 0.032333994771946775
14 4.0 0.5 1.2 3.738140371211068 0.028590656994062626
14 4.0 0.5 1.4 3.312619492554737 0.028211002793644826
14 4.0 0.5 1.6 2.9060942745511023 0.02440230770218142
14 4.0 0.5 1.8 2.6428975218297133 0.023322290891722712
14 4.0 0.5 2.0 2.445884413470857 0.022349510205182447
14 4.0 0.5 2.2 2.207238532411678 0.020160838324399032
14 4.0 0.5 2.4 2.1063084701248074 0.019463324752422725
14 4.0 0.5 2.6 2.0089254220559503 0.019019081631280795
14 4.0 0.5 2.8 1.9288696331853399 0.019067302059018174
14 4.0 0.5 3.0 1.9045618029660552 0.01873432531553188
14 4.0 0.8 0.0 4.6419682891123 0.014878199841256856
14 4.0 0.8 0.2 5.077274589548008 0.025755995600794654
14 4.0 0.8 0.4 5.24961968554185 0.032165834624715596
14 4.0 0.8 0.6 5.033759517817406 0.032772707136814544
14 4.0 0.8 0.8 4.730074705122422 0.03181717481814844
14 4.0 0.8 1.0 4.243615946703969 0.03225281298052273
14 4.0 0.8 1.2 3.782263954893222 0.029150518289622823
14 4.0 0.8 1.4 3.3047759074658924 0.025355884108460687
14 4.0 0.8 1.6 2.9762540259301833 0.022654341138539858
14 4.0 0.8 1.8 2.676583715978932 0.021332216784315714
14 4.0 0.8 2.0 2.5263496731439763 0.01907799326049298
14 4.0 0.8 2.2 2.2985478272323894 0.017871334668411367
14 4.0 0.8 2.4 2.2621700142876824 0.01719655319401198
14 4.0 0.8 2.6 2.168260183230827 0.01605544747403112
14 4.0 0.8 2.8 2.138521382216163 0.017402888490478403
14 4.0 0.8 3.0 2.0756383716988207 0.015769088125414697
14 4.0 1.0 0.0 4.643728072351006 0.015183567051195548
14 4.0 1.0 0.2 5.210104848098601 0.026404943206748258
14 4.0 1.0 0.4 5.396304578264093 0.031921351871731306
14 4.0 1.0 0.6 5.1633684332887695 0.03282639010671659
14 4.0 1.0 0.8 4.831539666737972 0.03311280138199865
14 4.0 1.0 1.0 4.208068021572876 0.03049819830357033
14 4.0 1.0 1.2 3.7554828635848643 0.02738054201321959
14 4.0 1.0 1.4 3.333267160170241 0.02273051189427827
14 4.0 1.0 1.6 2.973194575651491 0.021536007497632913
14 4.0 1.0 1.8 2.7426738699051776 0.01971865200192761
14 4.0 1.0 2.0 2.5448474420075873 0.018606544680183225
14 4.0 1.0 2.2 2.399979242247221 0.01715720741670417
14 4.0 1.0 2.4 2.338062399201216 0.01701382131213704
14 4.0 1.0 2.6 2.2922265541993054 0.016012064393081043
14 4.0 1.0 2.8 2.2659729207794723 0.015501940705016825
14 4.0 1.0 3.0 2.2768399772107912 0.016073989259576055
