# This file contains the mean and standard deviation of the squared overlap <ψ^J|φ_alpha>²> of the ground state wavefunction of the generalized Haldane-Shastry model with arbitrary interaction range α with the the Jastrow wavefunction for various parameters.
# Here N is the system size, δ is the position disorder strength and α is the interaction range parameter.
# Columns: N, α, δ, mean of squared overlap <ψ^J|φ_alpha>²>, standard deviation of squared overlap
 
N, α, δ, mean, std_deviation
 
22 0.0 0.0 0.00020049726443816538 0.0
22 0.0001 0.0 0.8636350872938112 0.0
22 0.001 0.0 0.8638793320433581 0.0
22 0.01 0.0 0.8663045301822533 0.0
22 0.1 0.0 0.8888088246732313 0.0
22 0.2 0.0 0.9102188597358845 0.0
22 0.3 0.0 0.9281410538332181 0.0
22 0.4 0.0 0.9429595597191847 0.0
22 0.5 0.0 0.9550874384457759 0.0
22 0.6 0.0 0.964929367684741 0.0
22 0.7 0.0 0.9728587112217008 0.0
22 0.8 0.0 0.9792060519285177 0.0
22 0.9 0.0 0.9842557207460232 0.0
22 1.0 0.0 0.9882472656384305 0.0
22 1.1 0.0 0.9913795654594295 0.0
22 1.2 0.0 0.9938160483692415 0.0
22 1.3 0.0 0.9956900777378351 0.0
22 1.4 0.0 0.9971099947665558 0.0
22 1.5 0.0 0.9981635825338532 0.0
22 1.6 0.0 0.9989218806415855 0.0
22 1.7 0.0 0.9994423695901506 0.0
22 1.8 0.0 0.9997715873141851 0.0
22 1.9 0.0 0.999947256219547 0.0
22 2.0 0.0 1.0 0.0
22 2.1 0.0 0.9999547230650199 0.0
22 2.2 0.0 0.9998317159768363 0.0
22 2.3 0.0 0.9996475402755628 0.0
22 2.4 0.0 0.9994157366687966 0.0
22 2.5 0.0 0.9991473922908984 0.0
22 2.6 0.0 0.9988515957370432 0.0
22 2.7 0.0 0.9985358027976505 0.0
22 2.8 0.0 0.9982061311248052 0.0
22 2.9 0.0 0.9978675982922619 0.0
22 3.0 0.0 0.9975243147050649 0.0
22 Inf 0.0 0.9890952591114888 0.0
20 0.0 0.0 0.000897347426205913 0.0
20 0.0001 0.0 0.8944095242239705 0.0
20 0.001 0.0 0.8945998370945238 0.0
20 0.01 0.0 0.8964880788194768 0.0
20 0.1 0.0 0.9139203529231724 0.0
20 0.2 0.0 0.9303844457576517 0.0
20 0.3 0.0 0.9441122711080925 0.0
20 0.4 0.0 0.9554549085090508 0.0
20 0.5 0.0 0.9647554428821437 0.0
20 0.6 0.0 0.9723317639244948 0.0
20 0.7 0.0 0.9784676186740776 0.0
20 0.8 0.0 0.9834095590773888 0.0
20 0.9 0.0 0.9873676678865303 0.0
20 1.0 0.0 0.9905184251254205 0.0
20 1.1 0.0 0.9930085729073849 0.0
20 1.2 0.0 0.9949592493870051 0.0
20 1.3 0.0 0.9964699675903145 0.0
20 1.4 0.0 0.997622221664509 0.0
20 1.5 0.0 0.9984826336207212 0.0
20 1.6 0.0 0.9991056302396734 0.0
20 1.7 0.0 0.999535680768842 0.0
20 1.8 0.0 0.9998091447747712 0.0
20 1.9 0.0 0.9999557851771459 0.0
20 2.0 0.0 1.0 0.0
20 2.1 0.0 0.9999618213821652 0.0
20 2.2 0.0 0.9998577240426674 0.0
20 2.3 0.0 0.9997012788911159 0.0
20 2.4 0.0 0.9995036814168392 0.0
20 2.5 0.0 0.9992741791482601 0.0
20 2.6 0.0 0.9990204179170132 0.0
20 2.7 0.0 0.9987487228596335 0.0
20 2.8 0.0 0.9984643269658361 0.0
20 2.9 0.0 0.9981715574430563 0.0
20 3.0 0.0 0.9978739881175844 0.0
20 Inf 0.0 0.9904101902970414 0.0
18 0.0 0.0 0.0014313778478424464 0.0
18 0.0001 0.0 0.9217086916975444 0.0
18 0.001 0.0 0.921849075359982 0.0
18 0.01 0.0 0.9232413970378748 0.0
18 0.1 0.0 0.9360555386141926 0.0
18 0.2 0.0 0.9481129347398565 0.0
18 0.3 0.0 0.9581586784358536 0.0
18 0.4 0.0 0.9664745692650059 0.0
18 0.5 0.0 0.9733200751238011 0.0
18 0.6 0.0 0.9789269102882632 0.0
18 0.7 0.0 0.9834973849470956 0.0
18 0.8 0.0 0.9872051931262479 0.0
18 0.9 0.0 0.9901976080693746 0.0
18 1.0 0.0 0.9925983554426825 0.0
18 1.1 0.0 0.9945106864606363 0.0
18 1.2 0.0 0.9960203624355578 0.0
18 1.3 0.0 0.9971983944322051 0.0
18 1.4 0.0 0.9981034682861576 0.0
18 1.5 0.0 0.9987840384951678 0.0
18 1.6 0.0 0.9992801048570417 0.0
18 1.7 0.0 0.9996247011687043 0.0
18 1.8 0.0 0.9998451314851409 0.0
18 1.9 0.0 0.9999639901963131 0.0
18 2.0 0.0 1.0 0.0
18 2.1 0.0 0.9999686982764583 0.0
18 2.2 0.0 0.9998829983295054 0.0
18 2.3 0.0 0.9997536479668104 0.0
18 2.4 0.0 0.9995896042167672 0.0
18 2.5 0.0 0.9993983397352177 0.0
18 2.6 0.0 0.9991860936704281 0.0
18 2.7 0.0 0.9989580774088287 0.0
18 2.8 0.0 0.9987186436747795 0.0
18 2.9 0.0 0.9984714258535654 0.0
18 3.0 0.0 0.9982194530963572 0.0
18 Inf 0.0 0.9917266172880244 0.0
16 0.0 0.0 0.006218082960216181 0.0
16 0.0001 0.0 0.9450499627653421 0.0
16 0.001 0.0 0.945146814494286 0.0
16 0.01 0.0 0.9461072402068872 0.0
16 0.1 0.0 0.9549378700367066 0.0
16 0.2 0.0 0.9632467335812371 0.0
16 0.3 0.0 0.9701863092121843 0.0
16 0.4 0.0 0.9759566761356906 0.0
16 0.5 0.0 0.9807354038745427 0.0
16 0.6 0.0 0.9846774667565206 0.0
16 0.7 0.0 0.9879164033656634 0.0
16 0.8 0.0 0.9905661710529957 0.0
16 0.9 0.0 0.9927233104597356 0.0
16 1.0 0.0 0.9944691678522335 0.0
16 1.1 0.0 0.9958720221429636 0.0
16 1.2 0.0 0.9969890330486839 0.0
16 1.3 0.0 0.9978679731532817 0.0
16 1.4 0.0 0.9985487358184414 0.0
16 1.5 0.0 0.9990646280611142 0.0
16 1.6 0.0 0.9994434666518226 0.0
16 1.7 0.0 0.9997084996609656 0.0
16 1.8 0.0 0.9998791764949942 0.0
16 1.9 0.0 0.9999717884659534 0.0
16 2.0 0.0 1.0 0.0
16 2.1 0.0 0.9999752882589784 0.0
16 2.2 0.0 0.9999073065514571 0.0
16 2.3 0.0 0.9998041846294006 0.0
16 2.4 0.0 0.9996727768966577 0.0
16 2.5 0.0 0.9995188677327718 0.0
16 2.6 0.0 0.9993473415640629 0.0
16 2.7 0.0 0.9991623239795306 0.0
16 2.8 0.0 0.9989672990688425 0.0
16 2.9 0.0 0.9987652072269757 0.0
16 3.0 0.0 0.9985585268988832 0.0
16 Inf 0.0 0.9930425099111265 0.0
14 0.0 0.0 0.1180397957184539 0.0
14 0.0001 0.0 0.9641362936471194 0.0
14 0.001 0.0 0.9641976318849671 0.0
14 0.01 0.0 0.9648059385436434 0.0
14 0.1 0.0 0.9704056128338593 0.0
14 0.2 0.0 0.975693859588415 0.0
14 0.3 0.0 0.9801357695172472 0.0
14 0.4 0.0 0.9838556827644146 0.0
14 0.5 0.0 0.9869616771653394 0.0
14 0.6 0.0 0.9895469329391067 0.0
14 0.7 0.0 0.9916912837262286 0.0
14 0.8 0.0 0.9934628034896305 0.0
14 0.9 0.0 0.9949193346171145 0.0
14 1.0 0.0 0.9961099027902873 0.0
14 1.1 0.0 0.9970759918924333 0.0
14 1.2 0.0 0.9978526704554262 0.0
14 1.3 0.0 0.9984695725085364 0.0
14 1.4 0.0 0.9989517422667158 0.0
14 1.5 0.0 0.9993203554475686 0.0
14 1.6 0.0 0.9995933312682831 0.0
14 1.7 0.0 0.9997858491414151 0.0
14 1.8 0.0 0.999910783304081 0.0
14 1.9 0.0 0.9999790674381189 0.0
14 2.0 0.0 1.0 0.0
14 2.1 0.0 0.9999814996213872 0.0
14 2.2 0.0 0.9999303186473485 0.0
14 2.3 0.0 0.9998522216937237 0.0
14 2.4 0.0 0.9997521350472679 0.0
14 2.5 0.0 0.9996342718062159 0.0
14 2.6 0.0 0.9995022368594881 0.0
14 2.7 0.0 0.9993591151203363 0.0
14 2.8 0.0 0.9992075458523777 0.0
14 2.9 0.0 0.9990497854401458 0.0
14 3.0 0.0 0.9988877605499878 0.0
14 Inf 0.0 0.9943540643801421 0.0
12 0.0 0.0 0.005821737727533164 0.0
12 0.0001 0.0 0.9788759463859779 0.0
12 0.001 0.0 0.9789105037794286 0.0
12 0.01 0.0 0.9792533252391278 0.0
12 0.1 0.0 0.9824196189876574 0.0
12 0.2 0.0 0.9854320651435222 0.0
12 0.3 0.0 0.9879852657747648 0.0
12 0.4 0.0 0.9901447890971751 0.0
12 0.5 0.0 0.9919671228150486 0.0
12 0.6 0.0 0.9935007947546484 0.0
12 0.7 0.0 0.9947874096886539 0.0
12 0.8 0.0 0.9958625879337786 0.0
12 0.9 0.0 0.9967568013602912 0.0
12 1.0 0.0 0.9974961088786075 0.0
12 1.1 0.0 0.9981027973172442 0.0
12 1.2 0.0 0.9985959356783798 0.0
12 1.3 0.0 0.9989918516409572 0.0
12 1.4 0.0 0.9993045392994797 0.0
12 1.5 0.0 0.9995460067750672 0.0
12 1.6 0.0 0.9997265717167705 0.0
12 1.7 0.0 0.9998551119608764 0.0
12 1.8 0.0 0.9999392778219303 0.0
12 1.9 0.0 0.9999856717063301 0.0
12 2.0 0.0 1.0 0.0
12 2.1 0.0 0.999987201503323 0.0
12 2.2 0.0 0.9999515560766412 0.0
12 2.3 0.0 0.999896776619691 0.0
12 2.4 0.0 0.9998260870357569 0.0
12 2.5 0.0 0.9997422884215688 0.0
12 2.6 0.0 0.9996478153713342 0.0
12 2.7 0.0 0.9995447839816511 0.0
12 2.8 0.0 0.9994350328874617 0.0
12 2.9 0.0 0.999320158441892 0.0
12 3.0 0.0 0.999201544969491 0.0
12 Inf 0.0 0.9956539828551363 0.0
10 0.0 0.0 0.06529694194425498 0.0
10 0.0001 0.0 0.9893845429805934 0.0
10 0.001 0.0 0.9894008547215425 0.0
10 0.01 0.0 0.9895627631566528 0.0
10 0.1 0.0 0.9910665781258337 0.0
10 0.2 0.0 0.9925138982705681 0.0
10 0.3 0.0 0.9937563978355821 0.0
10 0.4 0.0 0.9948214006296116 0.0
10 0.5 0.0 0.9957324574716047 0.0
10 0.6 0.0 0.9965098777329376 0.0
10 0.7 0.0 0.9971711892112981 0.0
10 0.8 0.0 0.9977315344795171 0.0
10 0.9 0.0 0.9982040114526783 0.0
10 1.0 0.0 0.998599965325438 0.0
10 1.1 0.0 0.9989292383535999 0.0
10 1.2 0.0 0.9992003832561441 0.0
10 1.3 0.0 0.9994208453361721 0.0
10 1.4 0.0 0.9995971177846297 0.0
10 1.5 0.0 0.9997348740503961 0.0
10 1.6 0.0 0.9998390806387286 0.0
10 1.7 0.0 0.9999140932368115 0.0
10 1.8 0.0 0.999963738657388 0.0
10 1.9 0.0 0.999991384735077 0.0
10 2.0 0.0 1.0 0.0
10 2.1 0.0 0.9999922046850354 0.0
10 2.2 0.0 0.9999703143914322 0.0
10 2.3 0.0 0.999936377538303 0.0
10 2.4 0.0 0.9998922075505552 0.0
10 2.5 0.0 0.9998394105934285 0.0
10 2.6 0.0 0.9997794095367963 0.0
10 2.7 0.0 0.9997134647257859 0.0
10 2.8 0.0 0.999642692043587 0.0
10 2.9 0.0 0.999568078675408 0.0
10 3.0 0.0 0.9994904969172997 0.0
10 Inf 0.0 0.9969276513396539 0.0
8 0.0 0.0 0.13589541794527724 0.0
8 0.0001 0.0 0.9959826441365094 0.0
8 0.001 0.0 0.9959882639462732 0.0
8 0.01 0.0 0.9960440968335598 0.0
8 0.1 0.0 0.9965674112806784 0.0
8 0.2 0.0 0.9970801633414332 0.0
8 0.3 0.0 0.9975288093148651 0.0
8 0.4 0.0 0.9979207599515183 0.0
8 0.5 0.0 0.9982624705678296 0.0
8 0.6 0.0 0.9985595816482317 0.0
8 0.7 0.0 0.9988170369810507 0.0
8 0.8 0.0 0.9990391830970331 0.0
8 0.9 0.0 0.9992298531185811 0.0
8 1.0 0.0 0.9993924375878385 0.0
8 1.1 0.0 0.9995299444000807 0.0
8 1.2 0.0 0.9996450496069346 0.0
8 1.3 0.0 0.9997401405567927 0.0
8 1.4 0.0 0.9998173525952593 0.0
8 1.5 0.0 0.9998786003467288 0.0
8 1.6 0.0 0.9999256044313639 0.0
8 1.7 0.0 0.9999599143333819 0.0
8 1.8 0.0 0.9999829280214826 0.0
8 1.9 0.0 0.9999959088263529 0.0
8 2.0 0.0 1.0 0.0
8 2.1 0.0 0.9999962373144942 0.0
8 2.2 0.0 0.9999855600013147 0.0
8 2.3 0.0 0.9999688202850606 0.0
8 2.4 0.0 0.999946791725318 0.0
8 2.5 0.0 0.9999201765467676 0.0
8 2.6 0.0 0.9998896121091722 0.0
8 2.7 0.0 0.9998556766448159 0.0
8 2.8 0.0 0.9998188943706895 0.0
8 2.9 0.0 0.9997797400655413 0.0
8 3.0 0.0 0.9997386431874489 0.0
8 Inf 0.0 0.9981438896997497 0.0
6 0.0 0.0 0.5670655210628126 0.0
6 0.0001 0.0 0.999219516126542 0.0
6 0.001 0.0 0.9992204062366996 0.0
6 0.01 0.0 0.9992292698182963 0.0
6 0.1 0.0 0.9993142147674379 0.0
6 0.2 0.0 0.999400984565803 0.0
6 0.3 0.0 0.9994801285563321 0.0
6 0.4 0.0 0.9995520400330674 0.0
6 0.5 0.0 0.999617103060906 0.0
6 0.6 0.0 0.9996756919887313 0.0
6 0.7 0.0 0.9997281710203387 0.0
6 0.8 0.0 0.9997748938422677 0.0
6 0.9 0.0 0.9998162033073716 0.0
6 1.0 0.0 0.9998524311726829 0.0
6 1.1 0.0 0.9998838978898743 0.0
6 1.2 0.0 0.9999109124464307 0.0
6 1.3 0.0 0.9999337722554102 0.0
6 1.4 0.0 0.9999527630915633 0.0
6 1.5 0.0 0.9999681590713874 0.0
6 1.6 0.0 0.9999802226746207 0.0
6 1.7 0.0 0.9999892048045763 0.0
6 1.8 0.0 0.9999953448846587 0.0
6 1.9 0.0 0.9999988709883555 0.0
6 2.0 0.0 1.0 0.0
6 2.1 0.0 0.9999989378035853 0.0
6 2.2 0.0 0.9999958794969352 0.0
6 2.3 0.0 0.9999910096285839 0.0
6 2.4 0.0 0.9999845024547647 0.0
6 2.5 0.0 0.9999765222139797 0.0
6 2.6 0.0 0.999967223416698 0.0
6 2.7 0.0 0.9999567511478381 0.0
6 2.8 0.0 0.99994524137977 0.0
6 2.9 0.0 0.9999328212936947 0.0
6 3.0 0.0 0.9999196096073812 0.0
6 Inf 0.0 0.9992301766027059 0.0
16 0.0 0.1 0.00066345489932436 0.0009292666872680051
16 0.0001 0.1 0.8528303085957109 0.06354158481094545
16 0.001 0.1 0.8529566168949387 0.06352396399174368
16 0.01 0.1 0.8542091604395451 0.06334846024236747
16 0.1 0.1 0.8657230013967421 0.06166769060407116
16 0.2 0.1 0.8765353273389848 0.059970406197637105
16 0.3 0.1 0.8855207929781062 0.058462026760269105
16 0.4 0.1 0.8929249506442406 0.05714383635756129
16 0.5 0.1 0.8989678533484525 0.056010968760127997
16 0.6 0.1 0.9038432360743734 0.05505463426336354
16 0.7 0.1 0.9077194209300954 0.05426375774857046
16 0.8 0.1 0.9107412222693178 0.053626139207130996
16 0.9 0.1 0.9130323402338114 0.053129246192193204
16 1.0 0.1 0.9146979035326132 0.05276073338903306
16 1.1 0.1 0.9158269516559241 0.052508766181843414
16 1.2 0.1 0.9164947381920804 0.05236220727299063
16 1.3 0.1 0.9167647982904797 0.052310710089514
16 1.4 0.1 0.9166907623891697 0.05234475045939814
16 1.5 0.1 0.9163179217108423 0.052455618702414414
16 1.6 0.1 0.9156845638439322 0.05263538740596009
16 1.7 0.1 0.9148231027053696 0.05287686522673815
16 1.8 0.1 0.9137610289418996 0.053173543596774585
16 1.9 0.1 0.912521706130023 0.05351954082113883
16 2.0 0.1 0.9111250361296946 0.05390954642643885
16 2.1 0.1 0.9095880143574439 0.054338767523441314
16 2.2 0.1 0.9079251930066752 0.054802878217404094
16 2.3 0.1 0.9061490676050222 0.0552979726182404
16 2.4 0.1 0.9042703998888226 0.055820521687971525
16 2.5 0.1 0.9022984878471907 0.05636733395949872
16 2.6 0.1 0.9002413919530015 0.056935520031247404
16 2.7 0.1 0.8981061250410539 0.05752246066181881
16 2.8 0.1 0.8958988119885675 0.05812577824102107
16 2.9 0.1 0.8936248242684625 0.058743311387742254
16 3.0 0.1 0.8912888935504407 0.05937309241395331
14 0.0 0.1 0.002345964277133933 0.0034229760780710486
14 0.0001 0.1 0.8870492537479736 0.0522408627520843
14 0.001 0.1 0.887128097215431 0.05222828038542726
14 0.01 0.1 0.8879097922163831 0.05210329296206388
14 0.1 0.1 0.8950827790024493 0.05093604843993072
14 0.2 0.1 0.9018003833634359 0.04981007540876932
14 0.3 0.1 0.907369697457355 0.04885432535607548
14 0.4 0.1 0.9119461822547468 0.04805733861493857
14 0.5 0.1 0.9156654460922149 0.047407093160401675
14 0.6 0.1 0.9186448635680843 0.04689159124730218
14 0.7 0.1 0.9209854405355291 0.046499231211871606
14 0.8 0.1 0.9227737331653232 0.046219026886553494
14 0.9 0.1 0.9240837009036096 0.04604072217720565
14 1.0 0.1 0.9249784244932551 0.045954835792550205
14 1.1 0.1 0.9255116553281466 0.045952661142710724
14 1.2 0.1 0.9257291853389702 0.04602623883373429
14 1.3 0.1 0.9256700407998396 0.04616831359502013
14 1.4 0.1 0.9253675115878092 0.04637228346949224
14 1.5 0.1 0.9248500315283547 0.046632146291792693
14 1.6 0.1 0.9241419269605163 0.04694244656058113
14 1.7 0.1 0.9232640505592299 0.04729822452709878
14 1.8 0.1 0.9222343164394381 0.04769496848390145
14 1.9 0.1 0.9210681510843677 0.0481285707052665
14 2.0 0.1 0.9197788729739869 0.04859528716395977
14 2.1 0.1 0.9183780121138962 0.049091700957073964
14 2.2 0.1 0.9168755790798125 0.04961468926799681
14 2.3 0.1 0.9152802917506486 0.0501613936393527
14 2.4 0.1 0.9135997666253259 0.050729193311532375
14 2.5 0.1 0.9118406805075024 0.051315681379240016
14 2.6 0.1 0.9100089073902201 0.051918643525878265
14 2.7 0.1 0.9081096345650563 0.052536039107403995
14 2.8 0.1 0.9061474613015709 0.05316598437072618
14 2.9 0.1 0.904126482875691 0.05380673760518894
14 3.0 0.1 0.9020503622544026 0.05445668603874109
12 0.0 0.1 0.007256629498828726 0.010439503760342885
12 0.0001 0.1 0.9232970654972523 0.03762788236927248
12 0.001 0.1 0.923338326442121 0.037621983915051845
12 0.01 0.1 0.9237473401060741 0.0375635717472378
12 0.1 0.1 0.9274942676037363 0.037034921243962286
12 0.2 0.1 0.9309904940132097 0.036558616174274305
12 0.3 0.1 0.933873970296838 0.03618889580381518
12 0.4 0.1 0.9362247964906053 0.035916008434171975
12 0.5 0.1 0.9381119051965586 0.03573114299278094
12 0.6 0.1 0.9395945020832449 0.035626367318207584
12 0.7 0.1 0.940723375532969 0.03559455346513664
12 0.8 0.1 0.9415420664574916 0.03562929886503738
12 0.9 0.1 0.9420878993992103 0.03572484880144108
12 1.0 0.1 0.9423928821564374 0.035876023354476164
12 1.1 0.1 0.9424844845420137 0.036078150435651324
12 1.2 0.1 0.9423863084105165 0.03632700554360624
12 1.3 0.1 0.9421186614218777 0.036618758257461824
12 1.4 0.1 0.9416990466060379 0.03694992512604519
12 1.5 0.1 0.9411425789673126 0.03731732842294112
12 1.6 0.1 0.9404623393285583 0.037718060159055516
12 1.7 0.1 0.9396696744994051 0.038149450734671755
12 1.8 0.1 0.9387744517456442 0.03860904164358192
12 1.9 0.1 0.9377852744882181 0.03909456169388761
12 2.0 0.1 0.9367096651978197 0.03960390627115706
12 2.1 0.1 0.9355542205867706 0.040135119232045297
12 2.2 0.1 0.9343247434363061 0.04068637707559832
12 2.3 0.1 0.933026354731225 0.041255975092803564
12 2.4 0.1 0.9316635891984207 0.04184231524138447
12 2.5 0.1 0.9302404768527833 0.04244389553226699
12 2.6 0.1 0.9287606127343628 0.04305930074686084
12 2.7 0.1 0.9272272166656312 0.04368719433102636
12 2.8 0.1 0.9256431845585851 0.044326311333154164
12 2.9 0.1 0.9240111325507452 0.0449754522709994
12 3.0 0.1 0.9223334350394464 0.0456334778256128
10 0.0 0.1 0.02293253308240307 0.02935943231485159
10 0.0001 0.1 0.9492846261656274 0.027941434152002603
10 0.001 0.1 0.9493017979994403 0.027940447248606462
10 0.01 0.1 0.9494719625905967 0.02793084877606916
10 0.1 0.1 0.9510248018500642 0.027861119062576503
10 0.2 0.1 0.9524587558051687 0.027836438343819343
10 0.3 0.1 0.9536214690155878 0.027862896046728758
10 0.4 0.1 0.9545446618246803 0.027936446459379354
10 0.5 0.1 0.9552556273502862 0.028053521798808278
10 0.6 0.1 0.9557778713142586 0.028210961608289998
10 0.7 0.1 0.9561316611871303 0.02840595245123877
10 0.8 0.1 0.9563344963619631 0.02863597657349259
10 0.9 0.1 0.9564015099741909 0.028898768302283613
10 1.0 0.1 0.9563458118360733 0.02919227707156128
10 1.1 0.1 0.9561787808312479 0.029514636091986853
10 1.2 0.1 0.9559103140602977 0.029864135809818712
10 1.3 0.1 0.9555490390638108 0.030239201416590478
10 1.4 0.1 0.9551024945838618 0.03063837377839483
10 1.5 0.1 0.9545772845579907 0.031060293248771444
10 1.6 0.1 0.9539792093669412 0.03150368591275715
10 1.7 0.1 0.9533133777713949 0.0319673518821652
10 1.8 0.1 0.9525843024653656 0.03245015532449499
10 1.9 0.1 0.9517959817360407 0.0329510159609984
10 2.0 0.1 0.9509519693437165 0.033468901814345885
10 2.1 0.1 0.9500554344130515 0.03400282302400473
10 2.2 0.1 0.949109212851366 0.0345518265787804
10 2.3 0.1 0.948115851574845 0.03511499184182693
10 2.4 0.1 0.9470776466236793 0.035691426764564216
10 2.5 0.1 0.9459966760775558 0.036280264703089565
10 2.6 0.1 0.9448748285392903 0.03688066176441643
10 2.7 0.1 0.9437138278329876 0.03749179462083543
10 2.8 0.1 0.9425152544607315 0.038112858739326266
10 2.9 0.1 0.9412805642757471 0.03874306697973065
10 3.0 0.1 0.9400111047576681 0.03938164852065788
8 0.0 0.1 0.06808833819302619 0.08443999220348554
8 0.0001 0.1 0.9696897756436909 0.01841086515337347
8 0.001 0.1 0.9696940930491936 0.01841213618786637
8 0.01 0.1 0.9697367912022874 0.018424939598747758
8 0.1 0.1 0.9701177991064458 0.018562138478520982
8 0.2 0.1 0.9704494854486029 0.018733563155331583
8 0.3 0.1 0.9706934663425477 0.018924190316702245
8 0.4 0.1 0.9708576185389618 0.019133313055341303
8 0.5 0.1 0.9709487688162081 0.01936030836411774
8 0.6 0.1 0.9709728494585587 0.01960462281417235
8 0.7 0.1 0.9709350290658568 0.019865760413159805
8 0.8 0.1 0.9708398228457685 0.02014327228474362
8 0.9 0.1 0.9706911858069518 0.02043674787391376
8 1.0 0.1 0.9704925916737012 0.020745807434767703
8 1.1 0.1 0.9702470998543089 0.021070095600122865
8 1.2 0.1 0.9699574123957518 0.02140927586744225
8 1.3 0.1 0.9696259225295885 0.021763025864422907
8 1.4 0.1 0.9692547561444345 0.022131033281369027
8 1.5 0.1 0.9688458072983555 0.022512992377056805
8 1.6 0.1 0.9684007687009737 0.022908600980942002
8 1.7 0.1 0.9679211579430232 0.023317557927859403
8 1.8 0.1 0.9674083401248192 0.02373956087230929
8 1.9 0.1 0.9668635474299089 0.02417430443840793
8 2.0 0.1 0.9662878961024278 0.02462147866892883
8 2.1 0.1 0.9656824012133145 0.025080767742839207
8 2.2 0.1 0.9650479895390416 0.025551848935572528
8 2.3 0.1 0.9643855108249921 0.0260343918001517
8 2.4 0.1 0.9636957476623609 0.026528057550350446
8 2.5 0.1 0.9629794241711066 0.027032498629486316
8 2.6 0.1 0.9622372136509341 0.027547358450290327
8 2.7 0.1 0.9614697453367622 0.02807227129269925
8 2.8 0.1 0.9606776103735148 0.02860686234744885
8 2.9 0.1 0.9598613671072362 0.029150747894084447
8 3.0 0.1 0.9590215457743189 0.029703535602521768
6 0.0 0.1 0.19646925631061884 0.20668341775136176
6 0.0001 0.1 0.9822217431611765 0.012808212800029499
6 0.001 0.1 0.9822213793210384 0.012809608649267477
6 0.01 0.1 0.9822176676910587 0.012823599264014046
6 0.1 0.1 0.9821732660807947 0.012966730138604525
6 0.2 0.1 0.9821085508463272 0.013132694474752965
6 0.3 0.1 0.9820278749488022 0.013306036079737628
6 0.4 0.1 0.9819314628976228 0.013486839943508099
6 0.5 0.1 0.9818195269712334 0.01367518961126283
6 0.6 0.1 0.9816922676219839 0.0138711661611554
6 0.7 0.1 0.9815498738884398 0.014074847255992798
6 0.8 0.1 0.9813925238216898 0.014286306262105452
6 0.9 0.1 0.9812203849303157 0.01450561143019396
6 1.0 0.1 0.9810336146470866 0.014732825134269968
6 1.1 0.1 0.9808323608191245 0.014968003165866174
6 1.2 0.1 0.9806167622221154 0.015211194081531283
6 1.3 0.1 0.9803869490982076 0.015462438602292216
6 1.4 0.1 0.9801430437164217 0.015721769064274298
6 1.5 0.1 0.9798851609537934 0.015989208920056095
6 1.6 0.1 0.9796134088947887 0.01626477229060747
6 1.7 0.1 0.9793278894462595 0.016548463567840246
6 1.8 0.1 0.9790286989647609 0.016840277067899163
6 1.9 0.1 0.9787159288927947 0.017140196735352484
6 2.0 0.1 0.9783896664004407 0.017448195898412074
6 2.1 0.1 0.9780499950286554 0.01776423707523556
6 2.2 0.1 0.9776969953304935 0.018088271831243306
6 2.3 0.1 0.9773307455065422 0.01842024068722866
6 2.4 0.1 0.9769513220309215 0.018760073077859492
6 2.5 0.1 0.9765588002642699 0.019107687359964303
6 2.6 0.1 0.9761532550503363 0.01946299086978149
6 2.7 0.1 0.9757347612929728 0.01982588002811888
6 2.8 0.1 0.9753033945105102 0.02019624049214115
6 2.9 0.1 0.9748592313647957 0.02057394735226835
6 3.0 0.1 0.9744023501623686 0.020958865372441526
16 0.0 0.2 0.0006350690831036563 0.0009313541960493155
16 0.0001 0.2 0.7122145788179824 0.09357764346433575
16 0.001 0.2 0.7123344352675484 0.09357516855110609
16 0.01 0.2 0.7135233759251022 0.09354942392824547
16 0.1 0.2 0.7244784068063932 0.09320408586974017
16 0.2 0.2 0.7347806362002155 0.09267794496993445
16 0.3 0.2 0.7433051150160187 0.09206073713432131
16 0.4 0.2 0.7502454245946663 0.09140045241462029
16 0.5 0.2 0.75578471143431 0.09073336313507706
16 0.6 0.2 0.7600916959768533 0.09008584433687372
16 0.7 0.2 0.7633188000519725 0.08947620729572103
16 0.8 0.2 0.7656017464224305 0.08891638908752196
16 0.9 0.2 0.7670601098431233 0.08841342327218517
16 1.0 0.2 0.767798428717733 0.08797066967646473
16 1.1 0.2 0.7679076003699612 0.08758881204608009
16 1.2 0.2 0.7674663741652273 0.08726664792600625
16 1.3 0.2 0.766542825167101 0.08700170111200588
16 1.4 0.2 0.7651957398120408 0.08679068743504284
16 1.5 0.2 0.7634758783330043 0.0866298621753374
16 1.6 0.2 0.7614271003047633 0.08651527371072765
16 1.7 0.2 0.7590873530504454 0.08644294403421096
16 1.8 0.2 0.7564895303379038 0.0864089930229075
16 1.9 0.2 0.7536622127304495 0.08640972002610649
16 2.0 0.2 0.7506303025081329 0.0864416535293384
16 2.1 0.2 0.747415566185276 0.0865015773299857
16 2.2 0.2 0.7440370969456015 0.08658653977648952
16 2.3 0.2 0.7405117082039256 0.08669385111426195
16 2.4 0.2 0.7368542682352468 0.08682107278356364
16 2.5 0.2 0.7330779845378662 0.08696600157088462
16 2.6 0.2 0.7291946453993877 0.08712665077627599
16 2.7 0.2 0.7252148250529374 0.08730122998382772
16 2.8 0.2 0.7211480578596012 0.08748812457734054
16 2.9 0.2 0.7170029861312615 0.087685875801062
16 3.0 0.2 0.7127874855057714 0.08789316190423863
14 0.0 0.2 0.0021021382454577834 0.0028976510362750153
14 0.0001 0.2 0.7715930338852437 0.0848563058392103
14 0.001 0.2 0.7716703613577919 0.08485036289792448
14 0.01 0.2 0.77243688049733 0.08479092834509323
14 0.1 0.2 0.7794515571067475 0.08419998604566678
14 0.2 0.2 0.7859613977752568 0.08356487551009667
14 0.3 0.2 0.7912682739170919 0.08296934691424905
14 0.4 0.2 0.7955127802101528 0.08242540871025004
14 0.5 0.2 0.798821177339823 0.08194058393937541
14 0.6 0.2 0.8013056307571773 0.08151895217920516
14 0.7 0.2 0.8030649825332994 0.08116201199122185
14 0.8 0.2 0.8041858224695287 0.08086937718120993
14 0.9 0.2 0.8047436942364365 0.08063932770932691
14 1.0 0.2 0.8048043269552257 0.08046923819587509
14 1.1 0.2 0.8044248233952477 0.08035590604159827
14 1.2 0.2 0.8036547650914093 0.08029579878424202
14 1.3 0.2 0.8025372146843295 0.08028523740038579
14 1.4 0.2 0.801109608946477 0.08032052936493181
14 1.5 0.2 0.7994045441860576 0.08039806266139936
14 1.6 0.2 0.7974504605100106 0.08051436969377293
14 1.7 0.2 0.7952722338970198 0.08066616819524383
14 1.8 0.2 0.7928916859914178 0.08085038472715392
14 1.9 0.2 0.7903280215506059 0.08106416516201104
14 2.0 0.2 0.7875982029527081 0.08130487559411145
14 2.1 0.2 0.7847172703587761 0.08157009637117163
14 2.2 0.2 0.7816986151927331 0.08185761134868945
14 2.3 0.2 0.7785542136565686 0.08216539400139719
14 2.4 0.2 0.7752948260985528 0.08249159165621713
14 2.5 0.2 0.7719301672304915 0.08283450881735692
14 2.6 0.2 0.7684690514596829 0.08319259032028485
14 2.7 0.2 0.7649195169646078 0.08356440486473127
14 2.8 0.2 0.7612889315959712 0.08394862932777163
14 2.9 0.2 0.7575840832187726 0.08434403413889364
14 3.0 0.2 0.7538112567172252 0.08474946990397875
12 0.0 0.2 0.006854870666118734 0.009865293975625038
12 0.0001 0.2 0.8209958205708586 0.07597312947075376
12 0.001 0.2 0.8210378269030821 0.0759695044791113
12 0.01 0.2 0.8214539349667556 0.07593351281920024
12 0.1 0.2 0.8252352043788554 0.07559986898766523
12 0.2 0.2 0.8286895502868992 0.07528640904406318
12 0.3 0.2 0.8314453906031436 0.0750337880368676
12 0.4 0.2 0.8335828798682384 0.07484121227655716
12 0.5 0.2 0.8351721862571608 0.07470687465809893
12 0.6 0.2 0.8362745697463498 0.07462827567344184
12 0.7 0.2 0.8369434229284067 0.07460246835961233
12 0.8 0.2 0.8372252433067998 0.07462624307687558
12 0.9 0.2 0.8371605207671721 0.07469626526680044
12 1.0 0.2 0.8367845340086404 0.07480917679362423
12 1.1 0.2 0.8361280562771334 0.07496166926162652
12 1.2 0.2 0.8352179747697234 0.07515053586373314
12 1.3 0.2 0.834077830338652 0.07537270683555468
12 1.4 0.2 0.8327282851853349 0.07562527242173345
12 1.5 0.2 0.8311875265114351 0.07590549635648358
12 1.6 0.2 0.8294716138794277 0.07621082216678739
12 1.7 0.2 0.827594777532793 0.07653887407933169
12 1.8 0.2 0.8255696742746708 0.07688745391256581
12 1.9 0.2 0.8234076067945232 0.0772545350321295
12 2.0 0.2 0.8211187116234464 0.07763825421679225
12 2.1 0.2 0.818712120225322 0.0780369021043174
12 2.2 0.2 0.8161960971122609 0.07844891274817986
12 2.3 0.2 0.813578158318003 0.07887285270649919
12 2.4 0.2 0.8108651730738 0.07930740999645734
12 2.5 0.2 0.8080634511064879 0.07975138317542575
12 2.6 0.2 0.8051788176126813 0.08020367075043522
12 2.7 0.2 0.8022166776514061 0.08066326106769625
12 2.8 0.2 0.799182071433224 0.08112922279202281
12 2.9 0.2 0.7960797217612452 0.08160069605077806
12 3.0 0.2 0.7929140746923947 0.08207688428760927
10 0.0 0.2 0.021037895603850953 0.02786612546828669
10 0.0001 0.2 0.8664073601318896 0.06201360584281165
10 0.001 0.2 0.8664240914557846 0.062012997693091
10 0.01 0.2 0.86658954676513 0.062007157226980275
10 0.1 0.2 0.8680652202800506 0.06197234310658146
10 0.2 0.2 0.8693507949922076 0.0619818039311116
10 0.3 0.2 0.87030149017285 0.06203866798559676
10 0.4 0.2 0.8709513847557088 0.062139636725597906
10 0.5 0.2 0.8713300805180143 0.06228152855014888
10 0.6 0.2 0.8714633228329141 0.062461295479382534
10 0.7 0.2 0.8713735398012156 0.06267603248380552
10 0.8 0.2 0.8710803085807476 0.06292298181925184
10 0.9 0.2 0.8706007574816654 0.06319953402817445
10 1.0 0.2 0.8699499118585262 0.0635032267599419
10 1.1 0.2 0.8691409911440953 0.06383174219524504
10 1.2 0.2 0.8681856636251649 0.06418290359738178
10 1.3 0.2 0.8670942648148154 0.06455467132891134
10 1.4 0.2 0.8658759845619035 0.06494513854523776
10 1.5 0.2 0.8645390273764484 0.06535252669126404
10 1.6 0.2 0.8630907498482862 0.06577518087162931
10 1.7 0.2 0.8615377784980419 0.06621156513032671
10 1.8 0.2 0.8598861109238907 0.06666025765526276
10 1.9 0.2 0.8581412026906502 0.0671199459128098
10 2.0 0.2 0.8563080420452572 0.06758942171325479
10 2.1 0.2 0.8543912142296262 0.06806757620783566
10 2.2 0.2 0.8523949568926122 0.06855339482016058
10 2.3 0.2 0.8503232078727747 0.06904595211805634
10 2.4 0.2 0.8481796464276377 0.06954440663560572
10 2.5 0.2 0.8459677288190712 0.07004799565877674
10 2.6 0.2 0.843690719024139 0.07055602999140936
10 2.7 0.2 0.8413517152226435 0.07106788872117799
10 2.8 0.2 0.838953672613717 0.07158301400746273
10 2.9 0.2 0.8364994230309477 0.07210090591477972
10 3.0 0.2 0.8339916917565862 0.07262111731656326
8 0.0 0.2 0.06585049711362109 0.08298393161395023
8 0.0001 0.2 0.9050996205187257 0.051717116676392505
8 0.001 0.2 0.9051019443774491 0.05171918305737304
8 0.01 0.2 0.9051245508181336 0.051739966323094896
8 0.1 0.2 0.9052891606755843 0.05195950531264401
8 0.2 0.2 0.9053479758742045 0.05222741333570071
8 0.3 0.2 0.9052857883869952 0.05251910778497032
8 0.4 0.2 0.905111274814544 0.052833164838261636
8 0.5 0.2 0.9048320025051418 0.053168231521314634
8 0.6 0.2 0.9044545943760421 0.053523018021959384
8 0.7 0.2 0.9039848682521493 0.05389629110252738
8 0.8 0.2 0.9034279548908312 0.0542868685374082
8 0.9 0.2 0.9027883981488369 0.054693614486170154
8 1.0 0.2 0.9020702401602112 0.055115435705332574
8 1.1 0.2 0.901277093910311 0.05555127850047291
8 1.2 0.2 0.9004122051919549 0.056000126322768906
8 1.3 0.2 0.8994785055999549 0.056460997918723596
8 1.4 0.2 0.8984786579474252 0.05693294594778018
8 1.5 0.2 0.8974150952610085 0.05741505598907788
8 1.6 0.2 0.8962900543240664 0.05790644586532244
8 1.7 0.2 0.8951056045805145 0.05840626521837725
8 1.8 0.2 0.8938636730812834 0.058913695277574805
8 1.9 0.2 0.8925660660464796 0.059427948767835484
8 2.0 0.2 0.8912144875249894 0.059948269910441436
8 2.1 0.2 0.889810555556883 0.060473934474759385
8 2.2 0.2 0.8883558161799762 0.061004249844368655
8 2.3 0.2 0.8868517555681904 0.061538555065960315
8 2.4 0.2 0.885299810544387 0.062076220854064015
8 2.5 0.2 0.8837013776727275 0.06261664952915816
8 2.6 0.2 0.8820578211040405 0.06315927487102956
8 2.7 0.2 0.8803704793215242 0.06370356187339006
8 2.8 0.2 0.8786406709121075 0.06424900638971073
8 2.9 0.2 0.8768696994707152 0.06479513466397575
8 3.0 0.2 0.8750588577296652 0.0653415027435856
6 0.0 0.2 0.1900948461567333 0.20157551209066113
6 0.0001 0.2 0.9374251956499506 0.03755375876609246
6 0.001 0.2 0.9374226651595533 0.03755634004843026
6 0.01 0.2 0.9373972257228493 0.03758220474281915
6 0.1 0.2 0.9371294017664228 0.037846021032256906
6 0.2 0.2 0.9368032788742542 0.03815009574748195
6 0.3 0.2 0.9364472546662479 0.03846556656816424
6 0.4 0.2 0.9360614676316809 0.03879229408652825
6 0.5 0.2 0.9356460503234953 0.03913012763337374
6 0.6 0.2 0.9352011314412286 0.039478904098895644
6 0.7 0.2 0.9347268377688274 0.03983844700150903
6 0.8 0.2 0.9342232959865264 0.040208565788224813
6 0.9 0.2 0.9336906343714346 0.04058905535209451
6 1.0 0.2 0.9331289843979085 0.04097969575361533
6 1.1 0.2 0.9325384822457784 0.04138025213387496
6 1.2 0.2 0.9319192702221919 0.04179047480771577
6 1.3 0.2 0.9312714981008379 0.042210099525395534
6 1.4 0.2 0.9305953243808855 0.04263884789117674
6 1.5 0.2 0.9298909174667814 0.04307642792706265
6 1.6 0.2 0.929158456769135 0.043522534769557406
6 1.7 0.2 0.9283981337263394 0.043976851486911175
6 1.8 0.2 0.9276101527460734 0.04443905000386669
6 1.9 0.2 0.9267947320656422 0.04490879212047541
6 2.0 0.2 0.925952104529878 0.04538573061115032
6 2.1 0.2 0.9250825182854298 0.045869510389783825
6 2.2 0.2 0.9241862373902733 0.046359769726520554
6 2.3 0.2 0.9232635423374985 0.0468561415016538
6 2.4 0.2 0.9223147304925895 0.04735825448213069
6 2.5 0.2 0.9213401164437948 0.047865734606326975
6 2.6 0.2 0.9203400322653468 0.048378206263086365
6 2.7 0.2 0.9193148276937833 0.04889529355153476
6 2.8 0.2 0.9182648702178546 0.049416621508861905
6 2.9 0.2 0.9171905450829163 0.04994181729412137
6 3.0 0.2 0.9160922552110929 0.05047051131711811
16 0.0 0.3 0.0005236971289562511 0.000730442712764766
16 0.0001 0.3 0.5821808798575285 0.10264228777258616
16 0.001 0.3 0.5822767658739498 0.10265170956569632
16 0.01 0.3 0.5832272042615586 0.10274431603958178
16 0.1 0.3 0.5919102576203905 0.10352071787069181
16 0.2 0.3 0.5999009878768403 0.10411087538033348
16 0.3 0.3 0.6062999365703815 0.10447950945547108
16 0.4 0.3 0.6112676426954025 0.10468452881986816
16 0.5 0.3 0.6149601479862778 0.1047735035828431
16 0.6 0.3 0.6175242134002963 0.10478423052045563
16 0.7 0.3 0.6190946562309942 0.10474584786470012
16 0.8 0.3 0.6197932252767476 0.10468016952474421
16 0.9 0.3 0.619728518906942 0.10460302855323482
16 1.0 0.3 0.6189965591857406 0.10452551156056127
16 1.1 0.3 0.6176817385388144 0.10445502919663949
16 1.2 0.3 0.6158579422819199 0.10439620774185966
16 1.3 0.3 0.6135897177486176 0.10435160959884622
16 1.4 0.3 0.610933410181182 0.10432230173338282
16 1.5 0.3 0.6079382201278111 0.10430829524279835
16 1.6 0.3 0.6046471602614386 0.10430887928407011
16 1.7 0.3 0.6010979043794873 0.10432287055685675
16 1.8 0.3 0.5973235303482736 0.10434879662300096
16 1.9 0.3 0.5933531638104308 0.10438502824965759
16 2.0 0.3 0.5892125319500783 0.10442987305484654
16 2.1 0.3 0.5849244374701441 0.10448164017864459
16 2.2 0.3 0.5805091628331909 0.10453868355245324
16 2.3 0.3 0.5759848141820665 0.10459942958243164
16 2.4 0.3 0.5713676134663185 0.10466239366097883
16 2.5 0.3 0.5666721463233779 0.10472618881973457
16 2.6 0.3 0.561911572299569 0.10478952898598895
16 2.7 0.3 0.5570978030979716 0.1048512286521316
16 2.8 0.3 0.5522416537324382 0.1049102002724962
16 2.9 0.3 0.5473529707570011 0.104965450328181
16 3.0 0.3 0.5424407411242758 0.10501607471977269
14 0.0 0.3 0.0018948100625920318 0.0026532900505464837
14 0.0001 0.3 0.6446282195289733 0.10577349437112432
14 0.001 0.3 0.6446922298702048 0.10577631519611853
14 0.01 0.3 0.6453260883485485 0.10580383087037157
14 0.1 0.3 0.6510605774182627 0.10601632238029408
14 0.2 0.3 0.6562292665805588 0.1061443260223962
14 0.3 0.3 0.6602576850344896 0.10619228832205883
14 0.4 0.3 0.6632678873464383 0.10618836813228158
14 0.5 0.3 0.6653719871708053 0.10615463454481515
14 0.6 0.3 0.6666716007902871 0.10610796908196544
14 0.7 0.3 0.6672579250524477 0.10606093893174585
14 0.8 0.3 0.6672122227664203 0.10602259446179241
14 0.9 0.3 0.6666065456931545 0.10599916917425087
14 1.0 0.3 0.6655045739236125 0.10599467641562502
14 1.1 0.3 0.6639624891959666 0.10601140680104147
14 1.2 0.3 0.6620298290370709 0.10605033545725852
14 1.3 0.3 0.6597502899005204 0.10611145040865505
14 1.4 0.3 0.6571624623382654 0.10619401386675936
14 1.5 0.3 0.6543004912253473 0.10629676761337555
14 1.6 0.3 0.6511946604678962 0.10641809259020052
14 1.7 0.3 0.6478719055068595 0.10655613152957513
14 1.8 0.3 0.6443562590782593 0.10670888215797367
14 1.9 0.3 0.6406692366879312 0.10687426727063191
14 2.0 0.3 0.6368301685209556 0.10705018685812136
14 2.1 0.3 0.6328564843215804 0.10723455648118228
14 2.2 0.3 0.6287639573438166 0.10742533524105988
14 2.3 0.3 0.6245669129140584 0.10762054597321657
14 2.4 0.3 0.6202784065464788 0.10781828969289144
14 2.5 0.3 0.615910375958825 0.10801675583011229
14 2.6 0.3 0.6114737707787197 0.10821422939692198
14 2.7 0.3 0.6069786632224246 0.10840909591824407
14 2.8 0.3 0.6024343425747865 0.10859984471766487
14 2.9 0.3 0.5978493959003482 0.1087850709684796
14 3.0 0.3 0.5932317770686094 0.10896347678773743
12 0.0 0.3 0.006206881845234279 0.008672511027706843
12 0.0001 0.3 0.6993468757152094 0.10279007442109908
12 0.001 0.3 0.6993832630529929 0.10279119463533784
12 0.01 0.3 0.6997432605159029 0.10280220041527817
12 0.1 0.3 0.7029692297432555 0.10289497666216388
12 0.2 0.3 0.7058110798826346 0.10297017985064925
12 0.3 0.3 0.7079494241390284 0.10302763631406045
12 0.4 0.3 0.7094570091978205 0.10307682888080842
12 0.5 0.3 0.7103988057381287 0.10312509965133013
12 0.6 0.3 0.7108326421744242 0.10317804000098826
12 0.7 0.3 0.7108098840672205 0.10323981995064627
12 0.8 0.3 0.7103761148315614 0.10331346249151871
12 0.9 0.3 0.7095717892041911 0.10340106959829734
12 1.0 0.3 0.7084328424871628 0.10350400683722565
12 1.1 0.3 0.7069912467529237 0.10362305310283304
12 1.2 0.3 0.7052755107701993 0.10375852137552102
12 1.3 0.3 0.7033111240593317 0.10391035565229888
12 1.4 0.3 0.7011209477441577 0.10407820846269615
12 1.5 0.3 0.6987255561475081 0.10426150269290406
12 1.6 0.3 0.6961435336886275 0.10445948082630929
12 1.7 0.3 0.693391731810383 0.10467124417372588
12 1.8 0.3 0.6904854905547435 0.1048957842086719
12 1.9 0.3 0.687438829130883 0.10513200773448331
12 2.0 0.3 0.6842646094592688 0.1053787572820154
12 2.1 0.3 0.6809746762791541 0.10563482786045875
12 2.2 0.3 0.6775799770087512 0.10589898095142582
12 2.3 0.3 0.6740906641673496 0.1061699564414626
12 2.4 0.3 0.6705161828172176 0.10644648302485439
12 2.5 0.3 0.6668653451656398 0.10672728747280516
12 2.6 0.3 0.6631463941847832 0.10701110305306548
12 2.7 0.3 0.6593670578582267 0.10729667729304067
12 2.8 0.3 0.6555345954452716 0.10758277920689949
12 2.9 0.3 0.6516558369646047 0.10786820605101065
12 3.0 0.3 0.6477372169341388 0.10815178963032421
10 0.0 0.3 0.02006462335151493 0.02796079585387418
10 0.0001 0.3 0.7671439172963909 0.09155262443159082
10 0.001 0.3 0.7671581717465477 0.09155310281821358
10 0.01 0.3 0.7672987370305708 0.09155796722941953
10 0.1 0.3 0.7685129890276332 0.09161490266765267
10 0.2 0.3 0.7694799809758501 0.09169665143420935
10 0.3 0.3 0.7700808527018373 0.09179868994681158
10 0.4 0.3 0.7703485772797881 0.0919214377957105
10 0.5 0.3 0.7703121529234078 0.09206497985709947
10 0.6 0.3 0.7699971347006608 0.09222915832949334
10 0.7 0.3 0.7694261037563572 0.09241364368178123
10 0.8 0.3 0.768619078736678 0.09261798850259804
10 0.9 0.3 0.7675938746647603 0.09284166752074395
10 1.0 0.3 0.7663664146375352 0.09308410647921084
10 1.1 0.3 0.764950999562439 0.09334470207340054
10 1.2 0.3 0.7633605408403153 0.0936228347879159
10 1.3 0.3 0.7616067605039758 0.09391787616677828
10 1.4 0.3 0.7597003628910908 0.09422919181207583
10 1.5 0.3 0.7576511814977355 0.0945561412111231
10 1.6 0.3 0.755468304245093 0.09489807533022797
10 1.7 0.3 0.7531601800075293 0.0952543327745559
10 1.8 0.3 0.7507347089011669 0.09562423519121795
10 1.9 0.3 0.748199318519741 0.09600708248145905
10 2.0 0.3 0.7455610280281179 0.09640214828446379
10 2.1 0.3 0.7428265017812612 0.09680867609800578
10 2.2 0.3 0.7400020939245564 0.09722587630945502
10 2.3 0.3 0.7370938852470202 0.09765292432476834
10 2.4 0.3 0.7341077133986333 0.09808895990395207
10 2.5 0.3 0.7310491974436786 0.09853308774021653
10 2.6 0.3 0.7279237576006399 0.09898437925784258
10 2.7 0.3 0.724736630913278 0.09944187555155211
10 2.8 0.3 0.7214928835047705 0.0999045913485877
10 2.9 0.3 0.7181974199853112 0.10037151984390794
10 3.0 0.3 0.7148549905116038 0.10084163823864538
8 0.0 0.3 0.06200173100890606 0.07809019655517378
8 0.0001 0.3 0.8156706058182821 0.08739448259254433
8 0.001 0.3 0.8156710124106454 0.08739624574914995
8 0.01 0.3 0.8156743342341839 0.08741394034997539
8 0.1 0.3 0.8156349313944263 0.08759707114400427
8 0.2 0.3 0.8154434024046475 0.08781322232445755
8 0.3 0.3 0.8151062427260467 0.0880419036657314
8 0.4 0.3 0.8146324828640709 0.08828226811548234
8 0.5 0.3 0.8140301013785426 0.08853347319537382
8 0.6 0.3 0.813306184453696 0.08879469305957845
8 0.7 0.3 0.8124670619676561 0.08906512818573639
8 0.8 0.3 0.8115184237108474 0.08934401310759989
8 0.9 0.3 0.8104654187989816 0.08963062248233031
8 1.0 0.3 0.8093127408217945 0.08992427570151548
8 1.1 0.3 0.8080647008475215 0.09022434019619795
8 1.2 0.3 0.8067252900521524 0.09053023354680653
8 1.3 0.3 0.805298233450487 0.09084142448452417
8 1.4 0.3 0.8037870359632828 0.0911574328576599
8 1.5 0.3 0.8021950218535122 0.09147782863224535
8 1.6 0.3 0.800525368398117 0.09180222999790313
8 1.7 0.3 0.7987811345243352 0.09213030065609584
8 1.8 0.3 0.7969652850265646 0.09246174637647285
8 1.9 0.3 0.7950807108874753 0.09279631091674984
8 2.0 0.3 0.7931302461515969 0.09313377141123685
8 2.1 0.3 0.7911166817386938 0.09347393334175046
8 2.2 0.3 0.789042776535002 0.09381662521144869
8 2.3 0.3 0.7869112660609008 0.09416169304651818
8 2.4 0.3 0.7847248689818752 0.09450899485218883
8 2.5 0.3 0.7824862917043869 0.09485839514802968
8 2.6 0.3 0.7801982312777518 0.09520975970280879
8 2.7 0.3 0.7778633768064902 0.09556295058142034
8 2.8 0.3 0.7754844095638379 0.09591782160575124
8 2.9 0.3 0.773064001985123 0.09627421431816671
8 3.0 0.3 0.7706048157092809 0.09663195452096128
6 0.0 0.3 0.17963660955931712 0.1929987807258825
6 0.0001 0.3 0.8717155410036653 0.0739897495170267
6 0.001 0.3 0.8717110640838193 0.07399252176641402
6 0.01 0.3 0.8716661091848527 0.07402028779465834
6 0.1 0.3 0.8711980192307769 0.07430225380645204
6 0.2 0.3 0.8706385045451268 0.07462452791371912
6 0.3 0.3 0.8700376888024829 0.07495594019951102
6 0.4 0.3 0.8693957699297152 0.0752961650874996
6 0.5 0.3 0.8687129531876466 0.07564487515409149
6 0.6 0.3 0.8679894549098933 0.07600174146051702
6 0.7 0.3 0.8672255059822327 0.07636643410108915
6 0.8 0.3 0.8664213550905623 0.07673862292094899
6 0.9 0.3 0.8655772717574068 0.07711797835706123
6 1.0 0.3 0.8646935491801184 0.0775041723566885
6 1.1 0.3 0.8637705068779971 0.07789687932830433
6 1.2 0.3 0.8628084931505026 0.07829577708111284
6 1.3 0.3 0.8618078873445185 0.07870054771123151
6 1.4 0.3 0.8607691019250691 0.07911087839531551
6 1.5 0.3 0.8596925843410003 0.07952646205606058
6 1.6 0.3 0.858578818675058 0.07994699786868903
6 1.7 0.3 0.8574283270662345 0.08037219158318384
6 1.8 0.3 0.8562416708914328 0.0808017556436259
6 1.9 0.3 0.8550194516934491 0.08123540909336854
6 2.0 0.3 0.8537623118427042 0.08167287726274683
6 2.1 0.3 0.8524709349214672 0.08211389124430897
6 2.2 0.3 0.8511460458210287 0.0825581871688496
6 2.3 0.3 0.8497884105447391 0.08300550530349761
6 2.4 0.3 0.848398835712733 0.08345558900039923
6 2.5 0.3 0.8469781677673772 0.08390818353080862
6 2.6 0.3 0.8455272918822224 0.08436303484435101
6 2.7 0.3 0.844047130580951 0.08481988829661216
6 2.8 0.3 0.8425386420767428 0.08527848738985812
6 2.9 0.3 0.8410028183463224 0.08573857257152606
6 3.0 0.3 0.8394406829565009 0.08619988013315825
16 0.0 0.4 0.0004139271020981196 0.0006000772440960683
16 0.0001 0.4 0.45378196803564513 0.10806791988015896
16 0.001 0.4 0.45385050906899554 0.10808324523054547
16 0.01 0.4 0.4545286530240817 0.10823470105908463
16 0.1 0.4 0.4606020442859369 0.109580093427018
16 0.2 0.4 0.46592533756939897 0.11075786029765718
16 0.3 0.4 0.4698872140704573 0.11166376451449736
16 0.4 0.4 0.4726339683173002 0.11235339737070374
16 0.5 0.4 0.47430764365641337 0.11287289096060835
16 0.6 0.4 0.4750413622449167 0.1132593252279553
16 0.7 0.4 0.47495684718067277 0.11354176633584326
16 0.8 0.4 0.4741634824843244 0.11374254279878127
16 0.9 0.4 0.4727583744097398 0.11387852335477726
16 1.0 0.4 0.4708270114956675 0.11396227398087849
16 1.1 0.4 0.4684442406701293 0.11400304404399324
16 1.2 0.4 0.46567537205714543 0.1140075735289914
16 1.3 0.4 0.46257729549186793 0.1139807348475708
16 1.4 0.4 0.4591995408977209 0.11392603186795945
16 1.5 0.4 0.45558524745512397 0.11384598096274604
16 1.6 0.4 0.45177202738102684 0.11374239747492584
16 1.7 0.4 0.44779272277987114 0.11361660806262731
16 1.8 0.4 0.4436760611576743 0.11346960600607946
16 1.9 0.4 0.43944721877110593 0.11330216330400637
16 2.0 0.4 0.4351283023638655 0.11311491049668711
16 2.1 0.4 0.4307387599259377 0.11290839270787645
16 2.2 0.4 0.4262957304828698 0.11268310839259214
16 2.3 0.4 0.4218143419499967 0.11243953567022145
16 2.4 0.4 0.41730796499345635 0.11217814985733664
16 2.5 0.4 0.4127884297540374 0.11189943483563258
16 2.6 0.4 0.4082662112797438 0.11160389014531905
16 2.7 0.4 0.40375058860972024 0.11129203513671998
16 2.8 0.4 0.3992497816651373 0.11096441110335867
16 2.9 0.4 0.3947710694287578 0.11062158202491829
16 3.0 0.4 0.3903208923248675 0.11026413434099223
14 0.0 0.4 0.0015596558303503328 0.0022740270728575755
14 0.0001 0.4 0.5146749319953288 0.11203265128051879
14 0.001 0.4 0.5147230976810508 0.11204134082819088
14 0.01 0.4 0.5151991852151506 0.11212724477995516
14 0.1 0.4 0.5194206968873912 0.11289359111245048
14 0.2 0.4 0.5230355258281429 0.1135730566952291
14 0.3 0.4 0.5256298571120843 0.11410650222096792
14 0.4 0.4 0.5273138541068794 0.11452448208266951
14 0.5 0.4 0.5281899838349555 0.11485203093369044
14 0.6 0.4 0.5283520016693463 0.11510924765939248
14 0.7 0.4 0.5278846763577792 0.11531197873954112
14 0.8 0.4 0.5268640046522951 0.11547250998884104
14 0.9 0.4 0.525357724247434 0.11560021258775068
14 1.0 0.4 0.5234259867761353 0.1157021158941002
14 1.1 0.4 0.5211220958705439 0.11578339718790945
14 1.2 0.4 0.5184932484318053 0.11584778929248761
14 1.3 0.4 0.5155812414313024 0.1158979129276652
14 1.4 0.4 0.5124231234806071 0.11593554333368296
14 1.5 0.4 0.5090517817674659 0.11596182139000978
14 1.6 0.4 0.5054964622487648 0.11597741900158752
14 1.7 0.4 0.5017832254136247 0.11598266750053655
14 1.8 0.4 0.49793534239017895 0.1159776565663198
14 1.9 0.4 0.4939736373341545 0.11596230990786258
14 2.0 0.4 0.48991678237924674 0.11593644278804296
14 2.1 0.4 0.4857815512747754 0.11589980545523408
14 2.2 0.4 0.4815830374053113 0.11585211569273195
14 2.3 0.4 0.4773348413229841 0.11579308299875182
14 2.4 0.4 0.47304923231660373 0.11572242635056143
14 2.5 0.4 0.4687372879462643 0.1156398870649227
14 2.6 0.4 0.4644090149180245 0.11554523792203539
14 2.7 0.4 0.460073454174352 0.11543828945163775
14 2.8 0.4 0.45573877263720963 0.11531889407125569
14 2.9 0.4 0.4514123436603962 0.1151869486039877
14 3.0 0.4 0.44710081792178913 0.11504239557627788
12 0.0 0.4 0.005182773533856277 0.007235952756835764
12 0.0001 0.4 0.5826090563900317 0.12301411003706895
12 0.001 0.4 0.5826359135116114 0.12301820564863085
12 0.01 0.4 0.582900881551526 0.12305875484153946
12 0.1 0.4 0.5852021960047403 0.12342657971389431
12 0.2 0.4 0.5870651609511933 0.1237666323818999
12 0.3 0.4 0.5882678708626817 0.12404991491892498
12 0.4 0.4 0.5888768899504634 0.12428949799662176
12 0.5 0.4 0.5889525975472082 0.12449584333905671
12 0.6 0.4 0.5885495177810406 0.12467720038296563
12 0.7 0.4 0.5877167479298823 0.12483996714682191
12 0.8 0.4 0.5864984331123043 0.12498901098394187
12 0.9 0.4 0.5849342510381214 0.12512794845550756
12 1.0 0.4 0.5830598829430684 0.12525938579939086
12 1.1 0.4 0.5809074560522196 0.12538512277560326
12 1.2 0.4 0.5785059495375181 0.12550632334058257
12 1.3 0.4 0.5758815605231208 0.12562365686321117
12 1.4 0.4 0.5730580297472678 0.12573741360197363
12 1.5 0.4 0.5700569284228113 0.12584759801875087
12 1.6 0.4 0.5668979089748243 0.12595400327567388
12 1.7 0.4 0.5635989229196974 0.12605626998638528
12 1.8 0.4 0.5601764093681394 0.12615393199440542
12 1.9 0.4 0.5566454576155075 0.12624645164235887
12 2.0 0.4 0.5530199471191948 0.12633324668504456
12 2.1 0.4 0.5493126679171279 0.12641371069318122
12 2.2 0.4 0.545535424256149 0.12648722849905814
12 2.3 0.4 0.5416991239011714 0.12655318795568074
12 2.4 0.4 0.5378138553027906 0.12661098902257548
12 2.5 0.4 0.5338889545225368 0.12666005095853802
12 2.6 0.4 0.5299330635568832 0.1266998181976684
12 2.7 0.4 0.5259541814662002 0.12672976531203128
12 2.8 0.4 0.5219597095038537 0.12674940132280435
12 2.9 0.4 0.5179564912534796 0.1267582735110412
12 3.0 0.4 0.513950848617915 0.12675597079710188
10 0.0 0.4 0.01551759323647388 0.020838764253465297
10 0.0001 0.4 0.6415466831734928 0.12098874390136978
10 0.001 0.4 0.6415570068549051 0.12099043207130292
10 0.01 0.4 0.6416582811556178 0.12100720239625078
10 0.1 0.4 0.6424807063962239 0.12116475086735765
10 0.2 0.4 0.6430125556535317 0.12132193559483133
10 0.3 0.4 0.6431761643767582 0.12146532471770025
10 0.4 0.4 0.6430030600523932 0.12159917467608249
10 0.5 0.4 0.6425216321900555 0.12172693723571963
10 0.6 0.4 0.641757513261263 0.1218513856582867
10 0.7 0.4 0.6407339213246432 0.12197471833820205
10 0.8 0.4 0.6394719644828809 0.12209864393616802
10 0.9 0.4 0.6379909087147185 0.12222445152393548
10 1.0 0.4 0.6363084114810388 0.12235306874483244
10 1.1 0.4 0.6344407239744819 0.12248511051139636
10 1.2 0.4 0.6324028650836779 0.12262092031710121
10 1.3 0.4 0.6302087701627275 0.12276060583990651
10 1.4 0.4 0.6278714175967136 0.12290407016428499
10 1.5 0.4 0.6254029359802266 0.12305103964581728
10 1.6 0.4 0.6228146945099876 0.12320108918719028
10 1.7 0.4 0.6201173789572838 0.12335366548343991
10 1.8 0.4 0.6173210553459465 0.12350810862386953
10 1.9 0.4 0.6144352232271639 0.12366367230347743
10 2.0 0.4 0.611468860219486 0.12381954279331919
10 2.1 0.4 0.6084304592745241 0.1239748567422283
10 2.2 0.4 0.6053280599376156 0.12412871782751866
10 2.3 0.4 0.6021692746986697 0.12428021223581902
10 2.4 0.4 0.5989613113710782 0.12442842293388333
10 2.5 0.4 0.5957109922954804 0.1245724426802289
10 2.6 0.4 0.5924247710391078 0.1247113857293976
10 2.7 0.4 0.5891087471497862 0.12484439818936097
10 2.8 0.4 0.5857686794251761 0.12497066700707857
10 2.9 0.4 0.5824099980716574 0.12508942757563637
10 3.0 0.4 0.5790378160526127 0.1251999699770072
8 0.0 0.4 0.05514382770174572 0.0687543798185265
8 0.0001 0.4 0.7206824178632427 0.10891506454718676
8 0.001 0.4 0.7206805534065683 0.10891694701977625
8 0.01 0.4 0.7206610740526231 0.10893581761769534
8 0.1 0.4 0.7203845602804193 0.10912915143940476
8 0.2 0.4 0.7199101134132609 0.1093539674234997
8 0.3 0.4 0.7192696158036643 0.109589430109075
8 0.4 0.4 0.7184723610098512 0.10983556978947291
8 0.5 0.4 0.7175267771006906 0.11009233835705776
8 0.6 0.4 0.7164405742594405 0.11035962184018948
8 0.7 0.4 0.7152208702016076 0.1106372485890022
8 0.8 0.4 0.7138742963590777 0.11092499407897342
8 0.9 0.4 0.7124070873413513 0.11122258316827373
8 1.0 0.4 0.7108251558201505 0.1115296905374056
8 1.1 0.4 0.7091341546840978 0.11184593994845077
8 1.2 0.4 0.7073395280652791 0.11217090287946205
8 1.3 0.4 0.7054465526393547 0.11250409701230178
8 1.4 0.4 0.7034603704371896 0.11284498497648425
8 1.5 0.4 0.7013860142711027 0.1131929736758845
8 1.6 0.4 0.6992284267665112 0.1135474144492311
8 1.7 0.4 0.6969924738944869 0.11390760423997938
8 1.8 0.4 0.6946829538182985 0.11427278787796032
8 1.9 0.4 0.6923046017936062 0.1146421615061033
8 2.0 0.4 0.6898620917952152 0.11501487712261668
8 2.1 0.4 0.6873600354810179 0.1153900481542538
8 2.2 0.4 0.6848029790446793 0.11576675593124201
8 2.3 0.4 0.6821953984520291 0.1161440569001803
8 2.4 0.4 0.6795416935015788 0.11652099038811918
8 2.5 0.4 0.676846181097035 0.11689658671893033
8 2.6 0.4 0.6741130880692688 0.11726987548116483
8 2.7 0.4 0.6713465438371847 0.11763989375363261
8 2.8 0.4 0.6685505731516383 0.11800569410934021
8 2.9 0.4 0.665729089124252 0.11836635223843382
8 3.0 0.4 0.66288588670389 0.11872097405462595
6 0.0 0.4 0.1810394305813957 0.18591701750761527
6 0.0001 0.4 0.7862056454221836 0.11191232473189004
6 0.001 0.4 0.7861992940259496 0.11191466485566508
6 0.01 0.4 0.7861355429649536 0.1119381009704932
6 0.1 0.4 0.785474370095954 0.11217592171660522
6 0.2 0.4 0.784689489262074 0.11244742434948188
6 0.3 0.4 0.7838520782823988 0.11272638012667383
6 0.4 0.4 0.7829625552808988 0.11301259214711602
6 0.5 0.4 0.7820213937948083 0.11330585712354312
6 0.6 0.4 0.7810291292257308 0.11360596322763207
6 0.7 0.4 0.7799863645067068 0.11391268780360617
6 0.8 0.4 0.7788937749487348 0.11422579497743933
6 0.9 0.4 0.7777521122273215 0.11454503320590514
6 1.0 0.4 0.7765622074713708 0.11487013282462806
6 1.1 0.4 0.775324973422629 0.11520080366599912
6 1.2 0.4 0.7740414056433174 0.11553673282557617
6 1.3 0.4 0.7727125827617642 0.11587758265890083
6 1.4 0.4 0.771339665759894 0.11622298908939423
6 1.5 0.4 0.7699238963216514 0.11657256030238031
6 1.6 0.4 0.7684665942768532 0.11692587589078816
6 1.7 0.4 0.7669691541898727 0.1172824865054781
6 1.8 0.4 0.7654330411564522 0.11764191404823239
6 1.9 0.4 0.7638597858839755 0.11800365242915332
6 2.0 0.4 0.7622509791407753 0.11836716889335654
6 2.1 0.4 0.7606082656676965 0.11873190590518867
6 2.2 0.4 0.758933337650626 0.11909728356236399
6 2.3 0.4 0.7572279278554629 0.11946270249792806
6 2.4 0.4 0.7554938025275478 0.11982754721521978
6 2.5 0.4 0.7537327541557444 0.12019118979033457
6 2.6 0.4 0.7519465941974809 0.12055299386821633
6 2.7 0.4 0.75013714585548 0.12091231887259633
6 2.8 0.4 0.7483062369896634 0.12126852434663295
6 2.9 0.4 0.7464556932394115 0.12162097434030386
6 3.0 0.4 0.7445873314221498 0.12196904176227633
16 0.0 0.5 0.00032030758249808095 0.0004485829541684203
16 0.0001 0.5 0.3338202111134576 0.1064626038652913
16 0.001 0.5 0.3338609035422957 0.10648156427948181
16 0.01 0.5 0.3342618094739847 0.1066695518843555
16 0.1 0.5 0.33769041341619277 0.1083938927195947
16 0.2 0.5 0.34035517238960084 0.11000396038414988
16 0.3 0.5 0.3419576305928381 0.11132993847266412
16 0.4 0.5 0.34263942273482517 0.11240741869200163
16 0.5 0.5 0.3425312092605081 0.11326771145279003
16 0.6 0.5 0.34175044343225564 0.11393793233188508
16 0.7 0.5 0.3404008625303919 0.11444139531071476
16 0.8 0.5 0.3385729958021516 0.11479809838057138
16 0.9 0.5 0.33634521183698274 0.11502520425476148
16 1.0 0.5 0.3337849995098918 0.11513747812391091
16 1.1 0.5 0.33095029664748454 0.11514767109707595
16 1.2 0.5 0.32789076102290005 0.11506684898258539
16 1.3 0.5 0.324648930190108 0.11490467025441013
16 1.4 0.5 0.3212612487961457 0.11466961849060721
16 1.5 0.5 0.3177589608883299 0.11436919493110694
16 1.6 0.5 0.3141688750181314 0.11401007671300853
16 1.7 0.5 0.3105140148476909 0.11359824603190237
16 1.8 0.5 0.30681416964182867 0.11313909504033601
16 1.9 0.5 0.30308635887802665 0.1126375107814596
16 2.0 0.5 0.2993452241115453 0.11209794390622095
16 2.1 0.5 0.2956033597282245 0.11152446436969161
16 2.2 0.5 0.29187159261373175 0.11092080677277426
16 2.3 0.5 0.28815921923301824 0.11029040752953849
16 2.4 0.5 0.2844742072281838 0.10963643561021015
16 2.5 0.5 0.28082336743669384 0.10896181824134357
16 2.6 0.5 0.2772125012063591 0.10826926263840508
16 2.7 0.5 0.2736465270254954 0.10756127459837472
16 2.8 0.5 0.2701295897768257 0.10684017458482119
16 2.9 0.5 0.26666515534088614 0.10610811178771476
16 3.0 0.5 0.26325609279846973 0.1053670765270213
14 0.0 0.5 0.001219996112022396 0.0017299697979391035
14 0.0001 0.5 0.39404346124468237 0.12232132923922123
14 0.001 0.5 0.3940724430309182 0.1223334814734824
14 0.01 0.5 0.3943576882007401 0.12245384073952756
14 0.1 0.5 0.3967691699079438 0.12354639365240055
14 0.2 0.5 0.39857681784477705 0.12454479941798625
14 0.3 0.5 0.3995687671584088 0.12534609163849356
14 0.4 0.5 0.3998440221382146 0.12597711803549372
14 0.5 0.5 0.3994933871603656 0.1264607882266864
14 0.6 0.5 0.3985988631193325 0.12681641362632642
14 0.7 0.5 0.39723370071097247 0.12706014949296326
14 0.8 0.5 0.39546284743950133 0.12720546042142908
14 0.9 0.5 0.39334360495003856 0.1272635644536256
14 1.0 0.5 0.3909263750680414 0.12724383314720747
14 1.1 0.5 0.388255417950776 0.1271541386587948
14 1.2 0.5 0.3853695771395058 0.127001146922709
14 1.3 0.5 0.3823029473654062 0.12679056036035066
14 1.4 0.5 0.3790854745786579 0.12652731562898695
14 1.5 0.5 0.3757434860960612 0.12621574262857368
14 1.6 0.5 0.3723001536775729 0.12585969091827104
14 1.7 0.5 0.36877589495061097 0.12546262921686605
14 1.8 0.5 0.36518871974163625 0.12502772299642512
14 1.9 0.5 0.3615545281180136 0.12455789445836903
14 2.0 0.5 0.3578873666679958 0.12405586848143238
14 2.1 0.5 0.35419964899872763 0.12352420749206373
14 2.2 0.5 0.35050234576599576 0.1229653376488028
14 2.3 0.5 0.34680514885909103 0.12238156825827122
14 2.4 0.5 0.34311661370366603 0.12177510594894404
14 2.5 0.5 0.3394442830431419 0.12114806481194212
14 2.6 0.5 0.33579479502721393 0.12050247346566095
14 2.7 0.5 0.3321739779765066 0.11984027980195996
14 2.8 0.5 0.3285869338020658 0.11916335401546592
14 2.9 0.5 0.32503811173057273 0.11847349039470217
14 3.0 0.5 0.32153137371331303 0.11777240825639926
12 0.0 0.5 0.004218119297650769 0.005779235835285459
12 0.0001 0.5 0.454406176200029 0.131098298748991
12 0.001 0.5 0.45442134764591896 0.1311057317867834
12 0.01 0.5 0.45456990684755966 0.13117954519371466
12 0.1 0.5 0.4557512964817847 0.13186845258374413
12 0.2 0.5 0.45646163725449157 0.13253846075717396
12 0.3 0.5 0.45660498176848374 0.1331205858792232
12 0.4 0.5 0.4562449071595784 0.1336254316666065
12 0.5 0.5 0.45543911530265696 0.1340615193666173
12 0.6 0.5 0.4542396741566203 0.13443565633877655
12 0.7 0.5 0.4526933878679997 0.13475326107491023
12 0.8 0.5 0.4508422302968033 0.13501864224378218
12 0.9 0.5 0.44872379795221773 0.13523523353351435
12 1.0 0.5 0.4463717542594798 0.13540578830987812
12 1.1 0.5 0.4438162485038739 0.13553253904912865
12 1.2 0.5 0.44108430068735444 0.1356173266415227
12 1.3 0.5 0.43820014877496793 0.13566170435251826
12 1.4 0.5 0.4351855581368465 0.13566702070766712
12 1.5 0.5 0.4320600949797454 0.13563448497861647
12 1.6 0.5 0.4288413666389501 0.13556521837293165
12 1.7 0.5 0.4255452320785937 0.13546029351063216
12 1.8 0.5 0.4221859860460535 0.13532076432115228
12 1.9 0.5 0.4187765201966313 0.13514768811746325
12 2.0 0.5 0.41532846425012904 0.13494214129321758
12 2.1 0.5 0.4118523099282835 0.13470522983511807
12 2.2 0.5 0.4083575200931924 0.1344380956366018
12 2.3 0.5 0.4048526251870033 0.13414191943173426
12 2.4 0.5 0.401345308776299 0.13381792103230944
12 2.5 0.5 0.39784248373740677 0.1334673574404669
12 2.6 0.5 0.3943503603836391 0.13309151931858462
12 2.7 0.5 0.3908745076317892 0.1326917262237031
12 2.8 0.5 0.38741990813115157 0.13226932095187993
12 2.9 0.5 0.3839910081311063 0.13182566328591858
12 3.0 0.5 0.3805917627400097 0.13136212339557823
10 0.0 0.5 0.014611811317695386 0.02259543114616868
10 0.0001 0.5 0.5260757352538271 0.14246240733476478
10 0.001 0.5 0.5260790670413541 0.14246657217365996
10 0.01 0.5 0.5261105550383502 0.14250804055525923
10 0.1 0.5 0.5262482248369695 0.14290554247137094
10 0.2 0.5 0.5260467534833951 0.1433136273715168
10 0.3 0.5 0.5255057613645243 0.14369018344884368
10 0.4 0.5 0.524656959764772 0.14403817970702934
10 0.5 0.5 0.5235292465366642 0.14435977345603293
10 0.6 0.5 0.5221489839173665 0.14465648202540993
10 0.7 0.5 0.5205402586237393 0.14492932630007713
10 0.8 0.5 0.5187251199772926 0.14517894970408368
10 0.9 0.5 0.5167237943247304 0.14540571597380147
10 1.0 0.5 0.5145548757119078 0.14560978873152913
10 1.1 0.5 0.5122354938474737 0.14579119553740585
10 1.2 0.5 0.5097814610277629 0.14594987878430546
10 1.3 0.5 0.5072074000196904 0.14608573551636153
10 1.4 0.5 0.50452685501327 0.14619864799858628
10 1.5 0.5 0.5017523877335027 0.14628850664043344
10 1.6 0.5 0.49889566069496905 0.14635522667612097
10 1.7 0.5 0.495967509428076 0.14639875982457087
10 1.8 0.5 0.49297800532840186 0.14641910198781496
10 1.9 0.5 0.48993651059605875 0.1464162978952988
10 2.0 0.5 0.48685172655071407 0.14639044346041533
10 2.1 0.5 0.48373173643581263 0.14634168648362933
10 2.2 0.5 0.4805840436658032 0.14627022621362462
10 2.3 0.5 0.47741560632437813 0.14617631216479463
10 2.4 0.5 0.47423286859007807 0.146060242487389
10 2.5 0.5 0.47104178964821486 0.14592236209720788
10 2.6 0.5 0.4678478705442835 0.14576306069617184
10 2.7 0.5 0.46465617934338066 0.14558277075418902
10 2.8 0.5 0.4614713748820802 0.14538196547661142
10 2.9 0.5 0.4582977293328211 0.14516115674955654
10 3.0 0.5 0.4551391497456328 0.1449208930361738
8 0.0 0.5 0.0483501444361928 0.06499989931741873
8 0.0001 0.5 0.6122974809754242 0.14214939609553795
8 0.001 0.5 0.6122927230171369 0.1421518138260235
8 0.01 0.5 0.6122442820484135 0.14217601285243503
8 0.1 0.5 0.6116755946169254 0.14242024565018171
8 0.2 0.5 0.6108716042351656 0.14269655343775917
8 0.3 0.5 0.6098974717157312 0.14297799326995622
8 0.4 0.5 0.6087638680402007 0.14326412707056008
8 0.5 0.5 0.6074808174339564 0.14355418752293833
8 0.6 0.5 0.6060577919307157 0.14384712743357667
8 0.7 0.5 0.6045037874185217 0.1441416678999762
8 0.8 0.5 0.6028273841865068 0.14443634549538564
8 0.9 0.5 0.6010367946498163 0.14472955830885495
8 1.0 0.5 0.5991399005995653 0.1450196104177615
8 1.1 0.5 0.59714428200767 0.14530475421452702
8 1.2 0.5 0.5950572391163726 0.1455832299486434
8 1.3 0.5 0.5928858092628303 0.14585330186450632
8 1.4 0.5 0.5906367796339923 0.14611329039781196
8 1.5 0.5 0.5883166969193335 0.14636160001998394
8 1.6 0.5 0.5859318746306698 0.14659674247313653
8 1.7 0.5 0.5834883986901724 0.14681735530077822
8 1.8 0.5 0.5809921317489907 0.1470222157374976
8 1.9 0.5 0.5784487165880215 0.14721025016303263
8 2.0 0.5 0.5758635788662059 0.14738053944455917
8 2.1 0.5 0.5732419294171244 0.14753232058119947
8 2.2 0.5 0.5705887662475309 0.1476649851251438
8 2.3 0.5 0.5679088763582897 0.14777807488538092
8 2.4 0.5 0.5652068374850746 0.14787127542574438
8 2.5 0.5 0.5624870198404118 0.1479444078528941
8 2.6 0.5 0.5597535879272396 0.14799741935680494
8 2.7 0.5 0.55701050248541 0.14803037292116872
8 2.8 0.5 0.5542615226249147 0.14804343656853394
8 2.9 0.5 0.5515102081921109 0.1480368724491099
8 3.0 0.5 0.5487599224075187 0.14801102602629307
6 0.0 0.5 0.1519594800518359 0.1656015206757831
6 0.0001 0.5 0.7042620531079572 0.14269094507128546
6 0.001 0.5 0.704254195067277 0.14269300155770054
6 0.01 0.5 0.7041753493509134 0.14271359739698125
6 0.1 0.5 0.7033604806409794 0.14292261658360442
6 0.2 0.5 0.7023992882306692 0.14316121797851936
6 0.3 0.5 0.7013802766704829 0.1434062209752557
6 0.4 0.5 0.7003044804810705 0.1436572800807675
6 0.5 0.5 0.6991730446653481 0.14391400185026718
6 0.6 0.5 0.6979872268492968 0.14417594322472455
6 0.7 0.5 0.6967483976529638 0.1444426105993754
6 0.8 0.5 0.6954580393422698 0.14471345972408758
6 0.9 0.5 0.6941177428390607 0.1449878965123292
6 1.0 0.5 0.6927292031942283 0.14526527880555012
6 1.1 0.5 0.6912942136549709 0.1455449191059918
6 1.2 0.5 0.6898146584802425 0.14582608825554036
6 1.3 0.5 0.6882925046772642 0.14610802000361342
6 1.4 0.5 0.6867297928452689 0.14638991637532597
6 1.5 0.5 0.68512862732048 0.14667095372415426
6 1.6 0.5 0.6834911658180597 0.14695028933220822
6 1.7 0.5 0.6818196087632723 0.14722706840677957
6 1.8 0.5 0.6801161884955101 0.1475004313142372
6 1.9 0.5 0.6783831585160724 0.14776952089133688
6 2.0 0.5 0.6766227829346632 0.14803348967901014
6 2.1 0.5 0.6748373262510414 0.14829150693388524
6 2.2 0.5 0.673029043588514 0.14854276528720323
6 2.3 0.5 0.6712001714753759 0.14878648693838342
6 2.4 0.5 0.6693529192501119 0.14902192929026406
6 2.5 0.5 0.6674894611465803 0.14924838995394776
6 2.6 0.5 0.665611929097138 0.14946521107233052
6 2.7 0.5 0.6637224062750088 0.1496717829319274
6 2.8 0.5 0.6618229213825003 0.1498675468518462
6 2.9 0.5 0.6599154436789696 0.15005199735612476
6 3.0 0.5 0.6580018787317274 0.15022468365076527
16 0.0 0.6 0.0002472129941781604 0.0003854496415639997
16 0.0001 0.6 0.2357137877767587 0.1062441484818918
16 0.001 0.6 0.23573393822400138 0.10626002362243935
16 0.01 0.6 0.2359310343928531 0.10641709194862108
16 0.1 0.6 0.23748102571763627 0.10782560732522099
16 0.2 0.6 0.2383889392698969 0.10907105239175104
16 0.3 0.6 0.238562326488639 0.11001939698085075
16 0.4 0.6 0.23811736010702422 0.11070843745854408
16 0.5 0.6 0.23715712056830085 0.1111720829627838
16 0.6 0.6 0.23577126243627794 0.11144012335725448
16 0.7 0.6 0.2340367317863283 0.11153840975307523
16 0.8 0.6 0.23201899182882177 0.1114892298371584
16 0.9 0.6 0.22977342661938968 0.11131175223639925
16 1.0 0.6 0.22734673571033948 0.11102247108320369
16 1.1 0.6 0.22477822364553088 0.11063561619399781
16 1.2 0.6 0.2221009432808254 0.11016351426778154
16 1.3 0.6 0.21934268342282337 0.109616897714555
16 1.4 0.6 0.21652680800185256 0.1090051635987866
16 1.5 0.6 0.2136729618022745 0.10833658791144864
16 1.6 0.6 0.21079766043742587 0.10761850132129573
16 1.7 0.6 0.20791478212877007 0.10685743252905128
16 1.8 0.6 0.20503597734879797 0.10605922484748154
16 1.9 0.6 0.2021710103414226 0.10522913093650611
16 2.0 0.6 0.1993280443983584 0.10437188988840064
16 2.1 0.6 0.19651388077716989 0.10349179016158493
16 2.2 0.6 0.19373415939605448 0.10259272123748504
16 2.3 0.6 0.19099352795791188 0.10167821633506274
16 2.4 0.6 0.18829578492946905 0.1007514880611978
16 2.5 0.6 0.18564400080044327 0.09981545849550547
16 2.6 0.6 0.18304062123785345 0.09887278489622511
16 2.7 0.6 0.18048755509755618 0.09792588195986904
16 2.8 0.6 0.1779862497285524 0.09697694136211664
16 2.9 0.6 0.17553775558008308 0.09602794914266714
16 3.0 0.6 0.1731427817763537 0.09508070136536081
14 0.0 0.6 0.0009514378065356606 0.0013821616021194789
14 0.0001 0.6 0.28877800048518015 0.12405103016494946
14 0.001 0.6 0.2887928869059588 0.12406441293377073
14 0.01 0.6 0.2889382027640472 0.12419703039419273
14 0.1 0.6 0.2900516382669897 0.12540588880268996
14 0.2 0.6 0.29062684985602777 0.12651445356514462
14 0.3 0.6 0.2905960479407186 0.12739912025065137
14 0.4 0.6 0.2900449300849382 0.12808224580291647
14 0.5 0.6 0.2890501021844506 0.12858436716362717
14 0.6 0.6 0.2876791582043532 0.1289241160978951
14 0.7 0.6 0.28599121740320566 0.12911826337402432
14 0.8 0.6 0.2840376882907644 0.12918183746958256
14 0.9 0.6 0.28186311293215777 0.1291282806836088
14 1.0 0.6 0.2795060047258083 0.1289696182771663
14 1.1 0.6 0.27699963234893255 0.1287166252959373
14 1.2 0.6 0.2743727276242274 0.1283789820629472
14 1.3 0.6 0.27165011019668023 0.12796541369544442
14 1.4 0.6 0.2688532305416364 0.127483811924514
14 1.5 0.6 0.26600063734389556 0.12694133937122484
14 1.6 0.6 0.2631083772922846 0.1263445175555948
14 1.7 0.6 0.26019033586360923 0.12569930050826583
14 1.8 0.6 0.2572585273808479 0.12501113608719255
14 1.9 0.6 0.25432334192810985 0.12428501709693378
14 2.0 0.6 0.25139375583142487 0.12352552415682644
14 2.1 0.6 0.248477511509134 0.12273686203156857
14 2.2 0.6 0.24558127163410456 0.12192289086956837
14 2.3 0.6 0.24271075176881768 0.12108715352227804
14 2.4 0.6 0.23987083494775538 0.12023289986219067
14 2.5 0.6 0.2370656710906667 0.11936310879064194
14 2.6 0.6 0.23429876362966637 0.11848050843519728
14 2.7 0.6 0.23157304531406422 0.1175875948820263
14 2.8 0.6 0.22889094480931846 0.11668664966982414
14 2.9 0.6 0.22625444542084236 0.11577975618513214
14 3.0 0.6 0.22366513704005106 0.11486881503957766
12 0.0 0.6 0.0034962493416602473 0.00500002817315273
12 0.0001 0.6 0.33472462661007013 0.13511457448143202
12 0.001 0.6 0.3347293661941407 0.13512409951098373
12 0.01 0.6 0.3347743125592161 0.13521867572345145
12 0.1 0.6 0.33498934012182263 0.13609864883968958
12 0.2 0.6 0.33477088949485745 0.136942708037636
12 0.3 0.6 0.3341314075684776 0.13765559351481174
12 0.4 0.6 0.33312693555713846 0.13824643771220144
12 0.5 0.6 0.33180724674103534 0.13872365218951427
12 0.6 0.6 0.3302163519901374 0.13909498506457643
12 0.7 0.6 0.3283930643874111 0.13936758475012703
12 0.8 0.6 0.32637156687046937 0.13954806534236489
12 0.9 0.6 0.3241819513022391 0.13964256969608324
12 1.0 0.6 0.32185071295191514 0.13965682740035257
12 1.1 0.6 0.31940119396964245 0.13959620605166484
12 1.2 0.6 0.3168539751511291 0.13946575519473356
12 1.3 0.6 0.3142272185131796 0.13927024300954208
12 1.4 0.6 0.3115369648602604 0.13901418628547335
12 1.5 0.6 0.30879739121431976 0.13870187448547708
12 1.6 0.6 0.30602103309071166 0.1383373888154956
12 1.7 0.6 0.30321897637915013 0.13792461722190674
12 1.8 0.6 0.30040102318682 0.1374672661791667
12 1.9 0.6 0.2975758355198657 0.1369688700295707
12 2.0 0.6 0.294751060179926 0.13643279851799506
12 2.1 0.6 0.291933437770356 0.13586226304165755
12 2.2 0.6 0.289128898262336 0.13526032201847818
12 2.3 0.6 0.286342645174015 0.13462988567408113
12 2.4 0.6 0.2835792300696086 0.1339737204602483
12 2.5 0.6 0.28084261878922345 0.13329445324793326
12 2.6 0.6 0.27813625057119234 0.13259457538523253
12 2.7 0.6 0.27546309102243677 0.1318764466732159
12 2.8 0.6 0.2728256797238156 0.13114229928770144
12 2.9 0.6 0.2702261731214226 0.13039424166023042
12 3.0 0.6 0.26766638324606784 0.1296342623237679
10 0.0 0.6 0.01199154683671856 0.016414871604036513
10 0.0001 0.6 0.4163444930995625 0.15520913120572366
10 0.001 0.6 0.4163439167500849 0.15521326407606245
10 0.01 0.6 0.41633660476898177 0.15525428097618962
10 0.1 0.6 0.4161139236488963 0.1556341590008449
10 0.2 0.6 0.41556907463462256 0.1559950601305419
10 0.3 0.6 0.41474203032096263 0.15629603115956275
10 0.4 0.6 0.4136620498620056 0.15654085212343835
10 0.5 0.6 0.41235583448707064 0.15673261191204824
10 0.6 0.6 0.4108477385369776 0.1568738635759407
10 0.7 0.6 0.40915997628767975 0.15696675367909194
10 0.8 0.6 0.40731281813337233 0.15701312909465537
10 0.9 0.6 0.40532477253597227 0.15701462426263954
10 1.0 0.6 0.4032127521190812 0.15697273155210434
10 1.1 0.6 0.4009922236013495 0.1568888570380941
10 1.2 0.6 0.3986773421003902 0.1567643637262087
10 1.3 0.6 0.3962810708321956 0.15660060403029544
10 1.4 0.6 0.3938152874871779 0.15639894311990263
10 1.5 0.6 0.3912908786608461 0.156160774592447
10 1.6 0.6 0.3887178237109118 0.15588752978096473
10 1.7 0.6 0.386105269343572 0.15558068187555812
10 1.8 0.6 0.3834615961274836 0.15524174591113232
10 1.9 0.6 0.3807944780133119 0.15487227555387914
10 2.0 0.6 0.37811093581207667 0.15447385750354023
10 2.1 0.6 0.3754173854643163 0.1540481042179663
10 2.2 0.6 0.3727196818189723 0.1535966455615129
10 2.3 0.6 0.37002315853787876 0.15312111988023355
10 2.4 0.6 0.3673326646499056 0.1526231649155149
10 2.5 0.6 0.36465259819784573 0.15210440888450108
10 2.6 0.6 0.3619869373507216 0.15156646198097581
10 2.7 0.6 0.3593392692934255 0.1510109084845763
10 2.8 0.6 0.356712817153583 0.15043929960936603
10 2.9 0.6 0.3541104651814366 0.1498531471746136
10 3.0 0.6 0.35153478236138985 0.14925391814063657
8 0.0 0.6 0.040977743626409 0.05476476932691085
8 0.0001 0.6 0.5091581296999615 0.16292757015728754
8 0.001 0.6 0.5091511245008923 0.1629301494292617
8 0.01 0.6 0.509080291993155 0.1629558656089088
8 0.1 0.6 0.5082958641374002 0.1632054040818356
8 0.2 0.6 0.5072699996491512 0.16346641194204353
8 0.3 0.6 0.506093439042616 0.1637100482441084
8 0.4 0.6 0.5047775747266919 0.16393576782108898
8 0.5 0.6 0.5033331434172921 0.1641428190652913
8 0.6 0.6 0.5017702905008699 0.1643303123240527
8 0.7 0.6 0.5000986234668704 0.16449727785221172
8 0.8 0.6 0.49832725607501016 0.16464271442116357
8 0.9 0.6 0.49646484472000446 0.16476562966374717
8 1.0 0.6 0.49451961829393803 0.1648650731651013
8 1.1 0.6 0.4924994027062871 0.1649401632091818
8 1.2 0.6 0.4904116410913863 0.164990107977542
8 1.3 0.6 0.48826341060669265 0.16501422188682208
8 1.4 0.6 0.48606143660102896 0.16501193765433747
8 1.5 0.6 0.4838121048113439 0.16498281460206743
8 1.6 0.6 0.4815214721319237 0.16492654364877243
8 1.7 0.6 0.4791952763941829 0.16484294939570435
8 1.8 0.6 0.47683894550042055 0.16473198967966582
8 1.9 0.6 0.4744576061724189 0.16459375294394363
8 2.0 0.6 0.4720560925060495 0.16442845375912407
8 2.1 0.6 0.46963895446581055 0.16423642680895506
8 2.2 0.6 0.46721046640731334 0.16401811963914067
8 2.3 0.6 0.4647746356800885 0.16377408444795388
8 2.4 0.6 0.4623352113360115 0.16350496917636995
8 2.5 0.6 0.45989569294872085 0.1632115081321071
8 2.6 0.6 0.4574593395351998 0.16289451235699665
8 2.7 0.6 0.45502917856093056 0.16255485992121577
8 2.8 0.6 0.45260801500372655 0.1621934863018657
8 2.9 0.6 0.45019844044752777 0.1618113749779407
8 3.0 0.6 0.4478028421756289 0.16140954834956145
6 0.0 0.6 0.13132343289166637 0.1441232064768405
6 0.0001 0.6 0.6065194774929209 0.17509421852494778
6 0.001 0.6 0.6065101830112336 0.17509595508666834
6 0.01 0.6 0.6064169754912646 0.17511331750887707
6 0.1 0.6 0.605458880001386 0.17528645870838994
6 0.2 0.6 0.6043399388960186 0.17547709873336478
6 0.3 0.6 0.6031655014067674 0.17566479387677916
6 0.4 0.6 0.6019374818202827 0.17584836742999918
6 0.5 0.6 0.6006578863691047 0.17602663266920934
6 0.6 0.6 0.5993288046618863 0.1761984073194281
6 0.7 0.6 0.5979524003380886 0.1763625273862002
6 0.8 0.6 0.5965309011960489 0.1765178601744774
6 0.9 0.6 0.5950665890250815 0.17666331631389254
6 1.0 0.6 0.5935617893463135 0.1767978606232182
6 1.1 0.6 0.5920188612358733 0.17692052167441943
6 1.2 0.6 0.5904401873712286 0.17703039995517322
6 1.3 0.6 0.5888281644095574 0.17712667457309975
6 1.4 0.6 0.5871851937784256 0.1772086084901158
6 1.5 0.6 0.5855136729346274 0.17727555231686828
6 1.6 0.6 0.5838159871275888 0.17732694673208207
6 1.7 0.6 0.582094501688656 0.17736232361825488
6 1.8 0.6 0.5803515548565503 0.1773813060231732
6 1.9 0.6 0.5785894511412801 0.1773836070669203
6 2.0 0.6 0.5768104552231686 0.17736902791778705
6 2.1 0.6 0.5750167863796676 0.1773374549593794
6 2.2 0.6 0.5732106134297474 0.17728885626687194
6 2.3 0.6 0.5713940501835061 0.17722327750417438
6 2.4 0.6 0.5695691513829871 0.17714083734681813
6 2.5 0.6 0.567737909118897 0.17704172252835623
6 2.6 0.6 0.5659022497069686 0.17692618260139364
6 2.7 0.6 0.5640640310069169 0.17679452449815317
6 2.8 0.6 0.5622250401664569 0.17664710696969607
6 2.9 0.6 0.5603869917725853 0.1764843349773822
6 3.0 0.6 0.5585515263921249 0.1763066541047043
16 0.0 0.7 0.00021277522556427755 0.0003168515807202085
16 0.0001 0.7 0.1479174235393083 0.09585936735144374
16 0.001 0.7 0.14792525523886954 0.09587119753263895
16 0.01 0.7 0.14800087572677886 0.09598780154648469
16 0.1 0.7 0.1485008623081535 0.09698993874475088
16 0.2 0.7 0.14856572972867 0.09777982408683708
16 0.3 0.7 0.1481948089406547 0.09826934837035511
16 0.4 0.7 0.14746342120428976 0.09849870966591907
16 0.5 0.7 0.1464375478893662 0.09850493705515777
16 0.6 0.7 0.14517390334080987 0.09832113365206242
16 0.7 0.7 0.1437206085633273 0.0979763367918301
16 0.8 0.7 0.14211814069762355 0.09749572547085117
16 0.9 0.7 0.1404003562244415 0.09690099282384268
16 1.0 0.7 0.13859547446025702 0.09621077297528746
16 1.1 0.7 0.13672696606495957 0.0954410614148378
16 1.2 0.7 0.13481432645752237 0.09460559934014806
16 1.3 0.7 0.13287373362233723 0.09371621063895771
16 1.4 0.7 0.13091859957218802 0.09278309007905802
16 1.5 0.7 0.12896002872513618 0.09181504617836213
16 1.6 0.7 0.12700719723427367 0.09081970427372422
16 1.7 0.7 0.12506766645942227 0.08980367579484345
16 1.8 0.7 0.12314764220968323 0.08877269944308129
16 1.9 0.7 0.12125218962666047 0.08773175931302576
16 2.0 0.7 0.1193854118846504 0.08668518422109572
16 2.1 0.7 0.11755059937656115 0.08563673174940875
16 2.2 0.7 0.1157503547731472 0.08458965983648835
16 2.3 0.7 0.11398669828622439 0.08354678817244564
16 2.4 0.7 0.11226115661178733 0.0825105511868995
16 2.5 0.7 0.1105748383467343 0.08148304404390823
16 2.6 0.7 0.10892849813272482 0.08046606276549526
16 2.7 0.7 0.10732259135455492 0.07946113937897217
16 2.8 0.7 0.10575732088433211 0.07846957280911772
16 2.9 0.7 0.10423267709681058 0.07749245610245759
16 3.0 0.7 0.10274847216969982 0.07653070046763777
14 0.0 0.7 0.0008139796579846177 0.0011779643059381506
14 0.0001 0.7 0.19298860051603556 0.11099074821799298
14 0.001 0.7 0.1929919167153943 0.11100093942285039
14 0.01 0.7 0.19302283035754908 0.11110166625074587
14 0.1 0.7 0.19311875413148594 0.11199388167988437
14 0.2 0.7 0.19281742357553852 0.11275486633586781
14 0.3 0.7 0.19215225924795862 0.11329629050946685
14 0.4 0.7 0.19118285028703103 0.11364103866728105
14 0.5 0.7 0.18996085350450617 0.11381052874035326
14 0.6 0.7 0.18853073877578222 0.11382442002096188
14 0.7 0.7 0.18693061788330936 0.11370053826550516
14 0.8 0.7 0.18519306420543272 0.11345492852870116
14 0.9 0.7 0.18334587452052165 0.11310197526815231
14 1.0 0.7 0.1814127511596339 0.1126545516537173
14 1.1 0.7 0.17941389861007218 0.11212417553286275
14 1.2 0.7 0.17736653743362193 0.11152115958319508
14 1.3 0.7 0.17528534271624863 0.11085474944237943
14 1.4 0.7 0.1731828159905221 0.11013324734103647
14 1.5 0.7 0.17106959980601236 0.10936412089413575
14 1.6 0.7 0.16895474357183765 0.10855409784266512
14 1.7 0.7 0.16684592838312523 0.10770924807524691
14 1.8 0.7 0.16474965751456125 0.1068350544489075
14 1.9 0.7 0.16267141825428716 0.1059364739250296
14 2.0 0.7 0.16061581982777984 0.1050179904346364
14 2.1 0.7 0.1585867113522923 0.10408366074173661
14 2.2 0.7 0.1565872830732528 0.10313715441496228
14 2.3 0.7 0.15462015355806846 0.10218178886195592
14 2.4 0.7 0.15268744504761847 0.1012205602355274
14 2.5 0.7 0.1507908487769169 0.10025617088861498
14 2.6 0.7 0.14893168175993224 0.09929105393782488
14 2.7 0.7 0.14711093627654753 0.09832739539307422
14 2.8 0.7 0.1453293230911369 0.09736715422344856
14 2.9 0.7 0.14358730926304464 0.09641208065626952
14 3.0 0.7 0.1418851512717682 0.09546373294661316
12 0.0 0.7 0.00291424612673312 0.004211638253832092
12 0.0001 0.7 0.25444803238384706 0.13886169719839558
12 0.001 0.7 0.2544478091545327 0.13886867961538077
12 0.01 0.7 0.25444377512311406 0.1389376461391086
12 0.1 0.7 0.2542314992084786 0.13954430687631025
12 0.2 0.7 0.2536622057792146 0.14005266930760898
12 0.3 0.7 0.2527888284176508 0.14040289594224675
12 0.4 0.7 0.2516546269239448 0.1406103942278184
12 0.5 0.7 0.2502978489491803 0.14068911496824782
12 0.6 0.7 0.24875218494617596 0.14065163859841323
12 0.7 0.7 0.2470472422049226 0.14050929224109787
12 0.8 0.7 0.2452090052509607 0.14027227732783162
12 0.9 0.7 0.24326026452716565 0.1399497955962247
12 1.0 0.7 0.2412210048746908 0.13955016674157505
12 1.1 0.7 0.23910875134127746 0.1390809345380506
12 1.2 0.7 0.23693887339766567 0.13854896042477136
12 1.3 0.7 0.23472485056459488 0.13796050481840894
12 1.4 0.7 0.2324785033332002 0.13732129708689145
12 1.5 0.7 0.23021019350486313 0.13663659541979528
12 1.6 0.7 0.22792899795175395 0.13591123790892085
12 1.7 0.7 0.22564285948006813 0.13514968610486586
12 1.8 0.7 0.22335871807315572 0.13435606220427926
12 1.9 0.7 0.2210826253669581 0.13353418088593524
12 2.0 0.7 0.2188198448028194 0.13268757667366615
12 2.1 0.7 0.21657493953223694 0.13181952757214196
12 2.2 0.7 0.21435184982243444 0.13093307560262263
12 2.3 0.7 0.21215396143210627 0.1300310447617609
12 2.4 0.7 0.20998416619057567 0.12911605683701502
12 2.5 0.7 0.2078449158164391 0.1281905454362129
12 2.6 0.7 0.20573826984824317 0.12725676852486434
12 2.7 0.7 0.20366593842462194 0.1263168197116423
12 2.8 0.7 0.20162932053978566 0.12537263847853816
12 2.9 0.7 0.19962953830819596 0.12442601951634207
12 3.0 0.7 0.19766746769596158 0.12347862129695188
10 0.0 0.7 0.010992458782452141 0.014620687996505548
10 0.0001 0.7 0.3146878368898313 0.153665421352233
10 0.001 0.7 0.3146813694324854 0.15366946372913343
10 0.01 0.7 0.31461553546507176 0.15370943560696151
10 0.1 0.7 0.3138460893616164 0.15406488385013978
10 0.2 0.7 0.31277366829363673 0.154369196558547
10 0.3 0.7 0.31149981014798256 0.15458362486993965
10 0.4 0.7 0.31005006445792865 0.15471352888463571
10 0.5 0.7 0.3084473353091035 0.15476394922806197
10 0.6 0.7 0.306712175192786 0.15473964371813886
10 0.7 0.7 0.30486304710894774 0.15464512219755047
10 0.8 0.7 0.3029165558416869 0.1544846776866792
10 0.9 0.7 0.30088765061201 0.15426241296102772
10 1.0 0.7 0.29878980192477766 0.15398226233503418
10 1.1 0.7 0.29663515562205384 0.1536480088748552
10 1.2 0.7 0.29443466709977456 0.15326329751729886
10 1.3 0.7 0.2921982184468499 0.1528316446912824
10 1.4 0.7 0.2899347209954524 0.15235644506578827
10 1.5 0.7 0.2876522054730132 0.15184097601875202
10 1.6 0.7 0.2853579016481251 0.1512884003606217
10 1.7 0.7 0.2830583090808548 0.1507017677723873
10 1.8 0.7 0.2807592603319095 0.1500840153423926
10 1.9 0.7 0.2784659777589609 0.14943796751589933
10 2.0 0.7 0.27618312483289026 0.1487663357094126
10 2.1 0.7 0.2739148527409002 0.14807171778910738
10 2.2 0.7 0.2716648429047237 0.14735659756894245
10 2.3 0.7 0.26943634592785176 0.14662334444805822
10 2.4 0.7 0.26723221739248987 0.14587421327760108
10 2.5 0.7 0.26505495085185754 0.14511134452290014
10 2.6 0.7 0.2629067083034496 0.14433676476690005
10 2.7 0.7 0.26078934838137 0.14355238758404992
10 2.8 0.7 0.25870445246850327 0.1427600147997942
10 2.9 0.7 0.2566533488999835 0.14196133813895984
10 3.0 0.7 0.2546371354065121 0.14115794125624856
8 0.0 0.7 0.03633702789507965 0.045519197974459295
8 0.0001 0.7 0.4078177443740379 0.17457952704275653
8 0.001 0.7 0.407807153459722 0.17458144324773064
8 0.01 0.7 0.4077005908310938 0.1746004319473567
8 0.1 0.7 0.40657160128307607 0.17477308655196422
8 0.2 0.7 0.40519021660944293 0.17492856499927925
8 0.3 0.7 0.4036871461921136 0.17504627455896912
8 0.4 0.7 0.40207402065578624 0.1751266569901684
8 0.5 0.7 0.40036177951397484 0.17517011504092403
8 0.6 0.7 0.398560720128919 0.1751770493085094
8 0.7 0.7 0.39668053933305325 0.17514788768584544
8 0.8 0.7 0.3947303690014437 0.17508310797342516
8 0.9 0.7 0.39271880658976077 0.17498325439710313
8 1.0 0.7 0.3906539414976795 0.1748489488105737
8 1.1 0.7 0.38854337802212213 0.17468089733312872
8 1.2 0.7 0.38639425559079726 0.1744798931173823
8 1.3 0.7 0.3842132668958366 0.17424681588066257
8 1.4 0.7 0.3820066744723218 0.17398262877726506
8 1.5 0.7 0.3797803261870522 0.1736883731389924
8 1.6 0.7 0.37753967002151617 0.17336516156654022
8 1.7 0.7 0.3752897684531396 0.17301416981153966
8 1.8 0.7 0.3730353126637676 0.17263662784601444
8 1.9 0.7 0.3707806367362953 0.17223381047122424
8 2.0 0.7 0.3685297319410243 0.1718070277710719
8 2.1 0.7 0.36628626116317575 0.171357615667061
8 2.2 0.7 0.36405357348238576 0.17088692678342793
8 2.3 0.7 0.36183471888318247 0.17039632178405473
8 2.4 0.7 0.35963246305193 0.16988716129861875
8 2.5 0.7 0.35744930219946325 0.16936079851549754
8 2.6 0.7 0.35528747783867526 0.1688185724842343
8 2.7 0.7 0.3531489914416337 0.16826180214149444
8 2.8 0.7 0.3510356189004147 0.16769178105163457
8 2.9 0.7 0.3489489247188265 0.16710977283605366
8 3.0 0.7 0.34689027586776594 0.1665170072539556
6 0.0 0.7 0.11694746166648357 0.12692433209177
6 0.0001 0.7 0.5189293294454532 0.19232689157223665
6 0.001 0.7 0.5189184094891283 0.1923281836413115
6 0.01 0.7 0.5188089695450128 0.19234108892776303
6 0.1 0.7 0.5176909255691122 0.19246841220549107
6 0.2 0.7 0.5163999377180158 0.19260538745133923
6 0.3 0.7 0.5150603493032703 0.19273639373245194
6 0.4 0.7 0.5136750109701587 0.19286016493860786
6 0.5 0.7 0.5122468373673216 0.19297546461620058
6 0.6 0.7 0.5107787903899872 0.19308109997385625
6 0.7 0.7 0.5092738622842161 0.19317593416979617
6 0.8 0.7 0.5077350589154455 0.19325889692301992
6 0.9 0.7 0.5061653834754295 0.19332899348152388
6 1.0 0.7 0.5045678208680034 0.19338531197612135
6 1.1 0.7 0.5029453229767344 0.19342702919232901
6 1.2 0.7 0.5013007949782636 0.19345341480555522
6 1.3 0.7 0.49963708282578223 0.19346383414405705
6 1.4 0.7 0.4979569619894921 0.19345774956627879
6 1.5 0.7 0.496263127506137 0.19343472056061908
6 1.6 0.7 0.4945581853587575 0.19339440269349287
6 1.7 0.7 0.49284464518087984 0.19333654554393617
6 1.8 0.7 0.49112491425655586 0.1932609897692056
6 1.9 0.7 0.48940129276891 0.19316766344604253
6 2.0 0.7 0.4876759702346723 0.19305657782732827
6 2.1 0.7 0.4859510230505512 0.19292782264491537
6 2.2 0.7 0.48422841306866043 0.19278156107777897
6 2.3 0.7 0.48250998711238247 0.19261802449146004
6 2.4 0.7 0.4807974773406859 0.19243750704109652
6 2.5 0.7 0.4790925023676972 0.19224036021693158
6 2.6 0.7 0.47739656904497213 0.19202698739856192
6 2.7 0.7 0.475711074816133 0.19179783847271345
6 2.8 0.7 0.47403731055704823 0.1915534045591299
6 2.9 0.7 0.47237646381925186 0.19129421288031226
6 3.0 0.7 0.47072962239961563 0.19102082180327626
16 0.0 0.8 0.00017783370472852075 0.00024268694056177418
16 0.0001 0.8 0.09516875909647357 0.08138487880632084
16 0.001 0.8 0.09516965248606697 0.08139229983627737
16 0.01 0.8 0.09517700353323645 0.0814650659539978
16 0.1 0.8 0.09510177345601716 0.08205474345963634
16 0.2 0.8 0.0947394687632724 0.08244283152447238
16 0.3 0.8 0.09413746244246106 0.0825897182560021
16 0.4 0.8 0.09334378260709751 0.08253320539026912
16 0.5 0.8 0.0923990390506682 0.08230671916022343
16 0.6 0.8 0.09133714874260068 0.08193922219976736
16 0.7 0.8 0.09018621504215221 0.08145548056688473
16 0.8 0.8 0.08896940340204995 0.08087649284136829
16 0.9 0.8 0.08770574110873437 0.0802199715139482
16 1.0 0.8 0.08641081473690976 0.07950081609067984
16 1.1 0.8 0.08509736237764716 0.07873154694289208
16 1.2 0.8 0.08377576853881949 0.07792268679377341
16 1.3 0.8 0.08245447382112424 0.07708308719617817
16 1.4 0.8 0.08114031230515499 0.07622020307015796
16 1.5 0.8 0.07983878880885875 0.07534032107871944
16 1.6 0.8 0.07855430672967365 0.074448748510338
16 1.7 0.8 0.0772903555607355 0.073549969199695
16 1.8 0.8 0.0760496656086705 0.07264777236679558
16 1.9 0.8 0.0748343360500788 0.0717453594042323
16 2.0 0.8 0.0736459412809132 0.07084543277385477
16 2.1 0.8 0.07248561953593842 0.06995027038079571
16 2.2 0.8 0.07135414696467869 0.06906178811389277
16 2.3 0.8 0.07025199971893058 0.06818159268455119
16 2.4 0.8 0.06917940610733778 0.06731102645225234
16 2.5 0.8 0.06813639047891512 0.06645120557784345
16 2.6 0.8 0.0671228101875495 0.06560305257760543
16 2.7 0.8 0.06613838674496535 0.06476732414505382
16 2.8 0.8 0.06518273207564206 0.06394463494900955
16 2.9 0.8 0.06425537063218824 0.06313547799415732
16 3.0 0.8 0.0633557580048039 0.062340242034946626
14 0.0 0.8 0.000654699132237388 0.0008875032655963164
14 0.0001 0.8 0.12545509250224232 0.09879145197397064
14 0.001 0.8 0.12545379876836685 0.09879760663883932
14 0.01 0.8 0.1254395313838057 0.09885801813586154
14 0.1 0.8 0.12517125059638026 0.09935299881858832
14 0.2 0.8 0.12463492039608463 0.09968858820482557
14 0.3 0.8 0.12388907235806801 0.09982553440345096
14 0.4 0.8 0.12297095808280176 0.09978976746150005
14 0.5 0.8 0.12191266185514009 0.09960477417802029
14 0.6 0.8 0.12074162783329186 0.09929151388732425
14 0.7 0.8 0.11948121982149115 0.0988685078323993
14 0.8 0.8 0.11815126377685152 0.09835202244494945
14 0.9 0.8 0.11676854693267354 0.09775629414880069
14 1.0 0.8 0.1153472623121102 0.09709376306276227
14 1.1 0.8 0.11389939622492391 0.09637529672180906
14 1.2 0.8 0.11243506122527835 0.0956103940976752
14 1.3 0.8 0.1109627794480101 0.0948073660307774
14 1.4 0.8 0.10948972221193705 0.0939734916921849
14 1.5 0.8 0.10802191190216824 0.09311515263904893
14 1.6 0.8 0.10656439180528646 0.09223794695973297
14 1.7 0.8 0.10512136900734226 0.09134678630845258
14 1.8 0.8 0.10369633481567925 0.09044597856311806
14 1.9 0.8 0.10229216651335443 0.08953929857634696
14 2.0 0.8 0.10091121364425795 0.08863004913994012
14 2.1 0.8 0.09955537148035581 0.0877211139171617
14 2.2 0.8 0.09822614384840196 0.08681500375563843
14 2.3 0.8 0.09692469709225685 0.08591389749731516
14 2.4 0.8 0.09565190661401958 0.08501967815791353
14 2.5 0.8 0.09440839716527903 0.08413396515566866
14 2.6 0.8 0.09319457784060663 0.08325814312179104
14 2.7 0.8 0.09201067255036269 0.08239338771536044
14 2.8 0.8 0.0908567466110603 0.08154068878496681
14 2.9 0.8 0.08973272998168846 0.08070087116106739
14 3.0 0.8 0.08863843758748886 0.07987461332056452
12 0.0 0.8 0.0025510594495641047 0.0035412046735037437
12 0.0001 0.8 0.1739461998619088 0.12366051118786221
12 0.001 0.8 0.17394174566040457 0.12366438632776185
12 0.01 0.8 0.173896121749022 0.12370231100204364
12 0.1 0.8 0.1733374867077669 0.12400184999714595
12 0.2 0.8 0.17252148632932762 0.12417688538290278
12 0.3 0.8 0.17153191668637277 0.12420352475270534
12 0.4 0.8 0.17039772663454889 0.12409864557380972
12 0.5 0.8 0.16914407332210796 0.12387764206575161
12 0.6 0.8 0.16779277910392432 0.12355446924622013
12 0.7 0.8 0.16636275030530762 0.12314172503124833
12 0.8 0.8 0.16487035284486115 0.12265075165612217
12 0.9 0.8 0.16332974405003725 0.12209174406310191
12 1.0 0.8 0.16175316268303175 0.12147385742775708
12 1.1 0.8 0.16015118066262726 0.12080530919718091
12 1.2 0.8 0.1585329206062965 0.12009347323033458
12 1.3 0.8 0.15690624343085077 0.11934496510576198
12 1.4 0.8 0.15527791005686312 0.11856571858609816
12 1.5 0.8 0.15365372090760707 0.11776105375788566
12 1.6 0.8 0.15203863647032542 0.1169357376242321
12 1.7 0.8 0.15043688175292805 0.11609403801294073
12 1.8 0.8 0.14885203705548547 0.11523977164447315
12 1.9 0.8 0.1472871171003558 0.11437634713131488
12 2.0 0.8 0.1457446402348111 0.113506803584773
12 2.1 0.8 0.14422668913690595 0.11263384540609034
12 2.2 0.8 0.14273496421671092 0.11175987374644641
12 2.3 0.8 0.14127083070662563 0.11088701503952966
12 2.4 0.8 0.1398353602711712 0.11001714694228307
12 2.5 0.8 0.13842936783318355 0.10915192196346256
12 2.6 0.8 0.1370534442046323 0.10829278901447442
12 2.7 0.8 0.13570798502195666 0.10744101308082589
12 2.8 0.8 0.13439321641389396 0.10659769318379439
12 2.9 0.8 0.13310921777103962 0.10576377877919578
12 3.0 0.8 0.13185594193809458 0.10494008472210643
10 0.0 0.8 0.008343863929792595 0.01060120123129751
10 0.0001 0.8 0.22634002499217584 0.14247641763788563
10 0.001 0.8 0.22633192023297452 0.1424777534204808
10 0.01 0.8 0.22625011931942748 0.14249063227963502
10 0.1 0.8 0.22536026935050574 0.1425728398019589
10 0.2 0.8 0.2242323878306554 0.14257027970509062
10 0.3 0.8 0.22297784417800798 0.14247680302559163
10 0.4 0.8 0.22161502755816662 0.14230006614128166
10 0.5 0.8 0.22016037994503002 0.14204718527118
10 0.6 0.8 0.21862860096292364 0.14172477057376173
10 0.7 0.8 0.21703283109226013 0.1413389667768111
10 0.8 0.8 0.21538481465157072 0.14089549455146086
10 0.9 0.8 0.21369504425129282 0.14039968944065795
10 1.0 0.8 0.211972888601053 0.13985653682282717
10 1.1 0.8 0.21022670559383727 0.1392707023976749
10 1.2 0.8 0.2084639425106143 0.1386465582546029
10 1.3 0.8 0.2066912250324602 0.13798820489096558
10 1.4 0.8 0.20491443655515845 0.13729948969425515
10 1.5 0.8 0.20313878910329092 0.13658402245422216
10 1.6 0.8 0.20136888695442218 0.13584518846611127
10 1.7 0.8 0.19960878391757372 0.13508615974729257
10 1.8 0.8 0.19786203506616323 0.13430990483066207
10 1.9 0.8 0.19613174360295554 0.1335191975286187
10 2.0 0.8 0.19442060343099418 0.13271662498804906
10 2.1 0.8 0.1927309379170413 0.13190459528483256
10 2.2 0.8 0.19106473526034834 0.1310853447398429
10 2.3 0.8 0.18942368081735964 0.13026094508009067
10 2.4 0.8 0.187809186680735 0.12943331052018367
10 2.5 0.8 0.18622241876737772 0.12860420480120746
10 2.6 0.8 0.18466432163410743 0.12777524819620176
10 2.7 0.8 0.18313564121010031 0.12694792447255776
10 2.8 0.8 0.1816369456114535 0.12612358779053193
10 2.9 0.8 0.18016864418431833 0.1253034695119312
10 3.0 0.8 0.17873100490810517 0.12448868489232706
8 0.0 0.8 0.027856938927319826 0.03748697755763955
8 0.0001 0.8 0.3104830161776448 0.17277739016355975
8 0.001 0.8 0.3104724797397359 0.17277804744452077
8 0.01 0.8 0.3103666988747987 0.1727843788381791
8 0.1 0.8 0.3092688596283304 0.17282373015645766
8 0.2 0.8 0.307970232024229 0.17281717122446716
8 0.3 0.8 0.30659803701127564 0.17275905633774707
8 0.4 0.8 0.30516116706883256 0.1726509555666761
8 0.5 0.8 0.3036677714817558 0.1724945736321219
8 0.6 0.8 0.3021253379009496 0.17229173036111647
8 0.7 0.8 0.3005407602973168 0.17204434166729346
8 0.8 0.8 0.29892039569269224 0.17175440156622412
8 0.9 0.8 0.29727011178705115 0.17142396542259863
8 1.0 0.8 0.29559532729215016 0.17105513443274048
8 1.1 0.8 0.29390104646824616 0.17065004125732264
8 1.2 0.8 0.2921918890707074 0.17021083670178716
8 1.3 0.8 0.29047211666184775 0.16973967736148857
8 1.4 0.8 0.2887456560345153 0.16923871417982847
8 1.5 0.8 0.2870161203256516 0.1687100818957248
8 1.6 0.8 0.28528682826511975 0.16815588937545328
8 1.7 0.8 0.2835608219016312 0.1675782108323721
8 1.8 0.8 0.2818408830677072 0.1669790779381786
8 1.9 0.8 0.2801295487844482 0.16636047282392047
8 2.0 0.8 0.2784291257601451 0.16572432196063921
8 2.1 0.8 0.2767417041012593 0.16507249090028406
8 2.2 0.8 0.27506917032720773 0.16440677984870275
8 2.3 0.8 0.27341321975980765 0.16372892003489373
8 2.4 0.8 0.2717753683423986 0.16304057083451007
8 2.5 0.8 0.2701569639315271 0.16234331760094894
8 2.6 0.8 0.2685591970945761 0.1616386701540618
8 2.7 0.8 0.2669831114393579 0.1609280618744712
8 2.8 0.8 0.26542961349587085 0.16021284935044303
8 2.9 0.8 0.2638994821659115 0.15949431252415447
8 3.0 0.8 0.26239337775276855 0.1587736552848393
6 0.0 0.8 0.10656860872870438 0.12206091730742406
6 0.0001 0.8 0.42863068046472363 0.20832721382492453
6 0.001 0.8 0.42861780464147703 0.20832805065300106
6 0.01 0.8 0.42848888875473634 0.20833633257830955
6 0.1 0.8 0.4271843805332292 0.20841031483924596
6 0.2 0.8 0.42570395293102486 0.20847287377663787
6 0.3 0.8 0.4241935949708591 0.20851365899648927
6 0.4 0.8 0.4226560425494266 0.208531710374638
6 0.5 0.8 0.4210939980973652 0.2085262429794459
6 0.6 0.8 0.41951012609236776 0.20849664214060123
6 0.7 0.8 0.41790704720853616 0.20844245719116017
6 0.8 0.8 0.41628733164956017 0.20836339411826488
6 0.9 0.8 0.414653492126555 0.20825930730487743
6 1.0 0.8 0.41300797684767926 0.20813019053031684
6 1.1 0.8 0.4113531627994337 0.20797616739873973
6 1.2 0.8 0.4096913495246657 0.20779748136793189
6 1.3 0.8 0.4080247535408421 0.20759448554879992
6 1.4 0.8 0.4063555034930053 0.20736763243659168
6 1.5 0.8 0.40468563609675323 0.20711746371877404
6 1.6 0.8 0.4030170928956197 0.2068446002837869
6 1.7 0.8 0.40135171783247386 0.20654973253196035
6 1.8 0.8 0.39969125561487284 0.2062336110669642
6 1.9 0.8 0.39803735083867575 0.20589703782488925
6 2.0 0.8 0.3963915478222159 0.2055408576795196
6 2.1 0.8 0.3947552910944435 0.20516595054699885
6 2.2 0.8 0.3931299264743656 0.20477322400096779
6 2.3 0.8 0.3915167026756387 0.20436360640010215
6 2.4 0.8 0.38991677336884634 0.2039380405233151
6 2.5 0.8 0.38833119963462276 0.2034974777032275
6 2.6 0.8 0.3867609527429359 0.20304287244533098
6 2.7 0.8 0.38520691719724875 0.20257517751813198
6 2.8 0.8 0.3836698939865299 0.2020953394981192
6 2.9 0.8 0.38215060399297296 0.20160429475239236
6 3.0 0.8 0.38064969150844447 0.20110296584103451
16 0.0 0.9 0.00015759739075418453 0.00021630364750050405
16 0.0001 0.9 0.053873386488323405 0.05962763019483622
16 0.001 0.9 0.0538724454061695 0.05963098418201611
16 0.01 0.9 0.053862307589021594 0.05966362761244852
16 0.1 0.9 0.05369282174198444 0.05990481992671288
16 0.2 0.9 0.05337755812848941 0.06000903936480975
16 0.3 0.9 0.05295386784489177 0.059966456342946416
16 0.4 0.9 0.05244406767159031 0.05980049993634081
16 0.5 0.9 0.05186694328253511 0.0595315093767378
16 0.6 0.9 0.05123817492781656 0.05917699444043195
16 0.7 0.9 0.05057077725927159 0.058751962882286304
16 0.8 0.9 0.04987551004145471 0.05826924672607298
16 0.9 0.9 0.049161242382919475 0.057739803067480486
16 1.0 0.9 0.04843526636804635 0.05717298199358244
16 1.1 0.9 0.04770356230934837 0.056576760597753246
16 1.2 0.9 0.04697102057068139 0.05595794467022009
16 1.3 0.9 0.04624162580084699 0.055322340858002826
16 1.4 0.9 0.04551860938068923 0.05467490265013522
16 1.5 0.9 0.044804575404393227 0.05401985369831756
16 1.6 0.9 0.044101604847483426 0.05336079186034741
16 1.7 0.9 0.04341134186447718 0.05270077705906715
16 1.8 0.9 0.04273506548634912 0.05204240566905291
16 1.9 0.9 0.042073749389939394 0.05138787373979153
16 2.0 0.9 0.041428111901742934 0.05073903097784366
16 2.1 0.9 0.04079865797660659 0.05009742706358171
16 2.2 0.9 0.040185714549751284 0.049464351579820466
16 2.3 0.9 0.039589460387097215 0.04884086858125416
16 2.4 0.9 0.03900995134232466 0.04822784663174601
16 2.5 0.9 0.038447141758485806 0.04762598497566675
16 2.6 0.9 0.0379009026176906 0.04703583638331845
16 2.7 0.9 0.037371036936465395 0.04645782711277296
16 2.8 0.9 0.03685729282040472 0.04589227435543003
16 2.9 0.9 0.03635937452460262 0.045339401475178946
16 3.0 0.9 0.03587695181221987 0.04479935130693362
14 0.0 0.9 0.0005897960816830995 0.0008890139202247082
14 0.0001 0.9 0.0769130197419482 0.07682247747716894
14 0.001 0.9 0.07691048402993525 0.07682466687876147
14 0.01 0.9 0.0768844278269212 0.07684575095415831
14 0.1 0.9 0.07655810426382505 0.07697885015421499
14 0.2 0.9 0.0760716995995278 0.076974454663934
14 0.3 0.9 0.07547753372668387 0.07682948755973597
14 0.4 0.9 0.07479577529541553 0.07656277236856063
14 0.5 0.9 0.0740437099596855 0.07619136324237616
14 0.6 0.9 0.07323610971081414 0.07573054096899576
14 0.7 0.9 0.07238556641188369 0.07519389071430164
14 0.8 0.9 0.07150278820273306 0.07459342269285058
14 0.9 0.9 0.070596860377822 0.07393971254258529
14 1.0 0.9 0.0696754733536766 0.07324204712515381
14 1.1 0.9 0.06874512070641152 0.07250856692136998
14 1.2 0.9 0.06781127036628767 0.07174639973789203
14 1.3 0.9 0.06687851202068568 0.07096178285506866
14 1.4 0.9 0.06595068364330875 0.07016017240700761
14 1.5 0.9 0.06503097986605184 0.06934633990507148
14 1.6 0.9 0.06412204466772663 0.06852445653447915
14 1.7 0.9 0.06322605059351769 0.06769816627406844
14 1.8 0.9 0.06234476645801141 0.06687064909268178
14 1.9 0.9 0.06147961523466193 0.06604467552646757
14 2.0 0.9 0.06063172360269773 0.06522265389036871
14 2.1 0.9 0.05980196441231202 0.06440667126384751
14 2.2 0.9 0.05899099314182944 0.06359852924598546
14 2.3 0.9 0.058199279256198645 0.0627997753208859
14 2.4 0.9 0.05742713323365066 0.062011730526562635
14 2.5 0.9 0.056674729905089295 0.06123551398873697
14 2.6 0.9 0.05594212864699261 0.06047206477002467
14 2.7 0.9 0.05522929088123041 0.05972216139575566
14 2.8 0.9 0.05453609526224913 0.058986439348509424
14 2.9 0.9 0.05386235087148881 0.05826540677126573
14 3.0 0.9 0.05320780868878854 0.057559458580229206
12 0.0 0.9 0.0020566914341075032 0.0028532452364402197
12 0.0001 0.9 0.10904333486873398 0.10154181880892306
12 0.001 0.9 0.10903727402496208 0.10154194462273962
12 0.01 0.9 0.10897609606592433 0.1015425974251885
12 0.1 0.9 0.10831094218389678 0.1014911968171543
12 0.2 0.9 0.10747221998718867 0.10132108258897657
12 0.3 0.9 0.10654806897366496 0.10104697982662378
12 0.4 0.9 0.1055558991121378 0.10068284937838752
12 0.5 0.9 0.1045106429123294 0.10024119685370265
12 0.6 0.9 0.10342507071763336 0.09973317476448623
12 0.7 0.9 0.10231007529052369 0.09916868848440959
12 0.8 0.9 0.10117492452680361 0.09855650537743409
12 0.9 0.9 0.10002748340194818 0.09790436416221265
12 1.0 0.9 0.09887440740297071 0.09721908121844614
12 1.1 0.9 0.09772131022184567 0.09650665118040308
12 1.2 0.9 0.09657290863702139 0.0957723400963352
12 1.3 0.9 0.09543314743617505 0.09502077028952899
12 1.4 0.9 0.09430530703177865 0.0942559967060327
12 1.5 0.9 0.0931920961562251 0.09348157496982916
12 1.6 0.9 0.0920957317385162 0.09270062163031693
12 1.7 0.9 0.0910180077867258 0.0919158672285221
12 1.8 0.9 0.08996035484450547 0.0911297028684158
12 1.9 0.9 0.08892389136236166 0.09034422098741629
12 2.0 0.9 0.08790946812656582 0.0895612509952958
12 2.1 0.9 0.08691770671882529 0.08878239040633586
12 2.2 0.9 0.08594903283526938 0.08800903203437103
12 2.3 0.9 0.08500370517065468 0.08724238776048228
12 2.4 0.9 0.0840818404697834 0.08648350932296142
12 2.5 0.9 0.08318343526025986 0.0857333065219132
12 2.6 0.9 0.08230838470641799 0.08499256317845102
12 2.7 0.9 0.08145649896157517 0.08426195114204459
12 2.8 0.9 0.08062751734289339 0.08354204259939772
12 2.9 0.9 0.07982112060855971 0.0828333209040202
12 3.0 0.9 0.07903694157937985 0.08213619011670709
10 0.0 0.9 0.00815649884177144 0.011538475949710504
10 0.0001 0.9 0.1681018531618736 0.14356064523876066
10 0.001 0.9 0.16809347796030422 0.14356092149660132
10 0.01 0.9 0.16800923586443356 0.1435631631705431
10 0.1 0.9 0.16712041312337414 0.14353512545405325
10 0.2 0.9 0.1660443226760784 0.14340305151129726
10 0.3 0.9 0.16488970952969026 0.1431743607602846
10 0.4 0.9 0.16367002324316923 0.14285820148101702
10 0.5 0.9 0.1623971450845027 0.14246295519626045
10 0.6 0.9 0.16108155612024116 0.14199629896031343
10 0.7 0.9 0.15973249132155157 0.14146527002360823
10 0.8 0.9 0.15835807887276643 0.14087632852142531
10 0.9 0.9 0.1569654648672485 0.14023541555876967
10 1.0 0.9 0.15556092418487674 0.13954800539118944
10 1.1 0.9 0.15414995866873424 0.13881915133127656
10 1.2 0.9 0.15273738385164265 0.13805352560444348
10 1.3 0.9 0.1513274054971924 0.137255453713917
10 1.4 0.9 0.1499236871635204 0.13642894402813063
10 1.5 0.9 0.14852940990333827 0.1355777133355249
10 1.6 0.9 0.14714732510126532 0.13470520906950445
10 1.7 0.9 0.14577980133249183 0.1338146288240532
10 1.8 0.9 0.14442886601322666 0.13290893768184903
10 1.9 0.9 0.14309624250787045 0.13199088377667628
10 2.0 0.9 0.14178338326278542 0.1310630124197187
10 2.1 0.9 0.14049149945281061 0.13012767903971428
10 2.2 0.9 0.13922158755429648 0.12918706112193
10 2.3 0.9 0.13797445319680182 0.12824316928041551
10 2.4 0.9 0.13675073259386303 0.12729785756089979
10 2.5 0.9 0.13555091181028076 0.12635283304602446
10 2.6 0.9 0.1343753440880638 0.1254096648182251
10 2.7 0.9 0.1332242654243457 0.12446979232616762
10 2.8 0.9 0.13209780857114894 0.12353453319612791
10 2.9 0.9 0.13099601560777163 0.12260509052821335
10 3.0 0.9 0.12991884922089106 0.12168255971734389
8 0.0 0.9 0.027958154251612456 0.035843693050003456
8 0.0001 0.9 0.23288772810105868 0.16877310818622568
8 0.001 0.9 0.2328758249482825 0.1687720022726675
8 0.01 0.9 0.23275655105792786 0.1687606898785165
8 0.1 0.9 0.2315408132978341 0.16862282207278734
8 0.2 0.9 0.23014600299798416 0.16841925824447168
8 0.3 0.9 0.22871218718529154 0.16816615152603093
8 0.4 0.9 0.2272463354048974 0.16786690106452157
8 0.5 0.9 0.22575485103827997 0.1675247262614784
8 0.6 0.9 0.22424360258375056 0.1671426918251782
8 0.7 0.9 0.22271795434483585 0.1667237251105187
8 0.8 0.9 0.22118279623728757 0.16627062717113106
8 0.9 0.9 0.21964257243277444 0.16578607918597976
8 1.0 0.9 0.21810130869758484 0.16527264581780673
8 1.1 0.9 0.21656263842722825 0.1647327767970122
8 1.2 0.9 0.2150298274737685 0.1641688077139883
8 1.3 0.9 0.21350579790493887 0.1635829607067943
8 1.4 0.9 0.21199315083398035 0.16297734547876344
8 1.5 0.9 0.21049418843257003 0.16235396088159504
8 1.6 0.9 0.20901093520067343 0.16171469715255907
8 1.7 0.9 0.20754515852736694 0.16106133879307186
8 1.8 0.9 0.20609838854219653 0.16039556801165886
8 1.9 0.9 0.20467193723092478 0.15971896861866733
8 2.0 0.9 0.20326691677334274 0.1590330302454639
8 2.1 0.9 0.20188425705369334 0.15833915276081142
8 2.2 0.9 0.20052472229465132 0.15763865076673803
8 2.3 0.9 0.19918892677197436 0.15693275807152052
8 2.4 0.9 0.19787734957704184 0.15622263205565962
8 2.5 0.9 0.19659034840694387 0.1555093578658131
8 2.6 0.9 0.19532817237514552 0.15479395239021485
8 2.7 0.9 0.19409097384897012 0.1540773679861603
8 2.8 0.9 0.19287881933248432 0.1533604959451606
8 2.9 0.9 0.1916916994241644 0.15264416969398423
8 3.0 0.9 0.1905295378877965 0.15192916773996462
6 0.0 0.9 0.09415943175023443 0.10909300143856435
6 0.0001 0.9 0.34594412231677246 0.209269137474397
6 0.001 0.9 0.3459318219896738 0.2092690905340936
6 0.01 0.9 0.3458087505851866 0.20926850420285997
6 0.1 0.9 0.34457152421965886 0.20925084503873323
6 0.2 0.9 0.34318420271547456 0.20920572085080036
6 0.3 0.9 0.34178549240232725 0.20913340519177026
6 0.4 0.9 0.34037732061900006 0.20903376956840855
6 0.5 0.9 0.3389615780603295 0.20890689117916136
6 0.6 0.9 0.3375401186680201 0.20875302527256892
6 0.7 0.9 0.33611475667162566 0.20857258061283837
6 0.8 0.9 0.33468726185449393 0.20836609778896883
6 0.9 0.9 0.3332593538940199 0.20813422996182107
6 1.0 0.9 0.33183269640615604 0.2078777256464429
6 1.1 0.9 0.3304088911378239 0.20759741319614922
6 1.2 0.9 0.32898947260521577 0.20729418674114158
6 1.3 0.9 0.32757590336796044 0.20696899341189637
6 1.4 0.9 0.3261695700515145 0.20662282173582924
6 1.5 0.9 0.3247717801753058 0.20625669113364176
6 1.6 0.9 0.32338375980527667 0.20587164246235576
6 1.7 0.9 0.32200665202157613 0.20546872956001005
6 1.8 0.9 0.32064151617170594 0.2050490117468611
6 1.9 0.9 0.3192893278642306 0.20461354723346428
6 2.0 0.9 0.3179509796467915 0.20416338738004053
6 2.1 0.9 0.31662728230398623 0.2036995717458907
6 2.2 0.9 0.3153189667050398 0.20322312386342348
6 2.3 0.9 0.314026686128052 0.20273504766912256
6 2.4 0.9 0.3127510189865499 0.20223632452358267
6 2.5 0.9 0.311492471884897 0.20172791075445212
6 2.6 0.9 0.3102514829316969 0.20121073565938447
6 2.7 0.9 0.30902842524415003 0.20068569991055663
6 2.8 0.9 0.30782361058135516 0.20015367430756034
6 2.9 0.9 0.30663729305023674 0.19961549883112914
6 3.0 0.9 0.30546967283404697 0.19907198195593412
16 0.0 1.0 0.0001356106696933413 0.00016944007606549313
16 0.0001 1.0 0.0311026846433187 0.04252509890527341
16 0.001 1.0 0.031100562710215367 0.04252535569029363
16 0.01 1.0 0.031078981181239192 0.04252737760263984
16 0.1 1.0 0.030829885482219547 0.04249618572477566
16 0.2 1.0 0.03049347794574381 0.0423645876256192
16 0.3 1.0 0.030109233627703427 0.04214839681640261
16 0.4 1.0 0.029689702526494888 0.04186302302454487
16 0.5 1.0 0.029244972688912 0.04152145300351605
16 0.6 1.0 0.028783137303035843 0.04113460793776761
16 0.7 1.0 0.028310681487047212 0.04071167952415763
16 0.8 1.0 0.02783279393342992 0.040260418017354825
16 0.9 1.0 0.027353616234627433 0.03978737082125651
16 1.0 1.0 0.02687644244414087 0.03929807788408376
16 1.1 1.0 0.026403879160310312 0.03879723130137086
16 1.2 1.0 0.025937974212601664 0.038288805808989836
16 1.3 1.0 0.025480320307799998 0.03777616581691667
16 1.4 1.0 0.025032138693232654 0.03726215367673555
16 1.5 1.0 0.02459434688595963 0.036749163033619026
16 1.6 1.0 0.024167613708712416 0.03623920037067467
16 1.7 1.0 0.02375240421371088 0.03573393720277914
16 1.8 1.0 0.023349016536206683 0.035234754820703915
16 1.9 1.0 0.022957612282787063 0.03474278302738033
16 2.0 1.0 0.022578241710605327 0.034258933944281166
16 2.1 1.0 0.022210864679261078 0.03378393168876192
16 2.2 1.0 0.021855368144064947 0.03331833852008377
16 2.3 1.0 0.02151158079592174 0.032862577908200144
16 2.4 1.0 0.021179285328377633 0.032416954880802894
16 2.5 1.0 0.020858228717532686 0.03198167393807005
16 2.6 1.0 0.020548130828140696 0.031556854780617566
16 2.7 1.0 0.02024869160358184 0.031142546066647753
16 2.8 1.0 0.019959597054064682 0.030738737393530283
16 2.9 1.0 0.019680524223171562 0.030345369683366652
16 3.0 1.0 0.019411145285307702 0.0299623441390979
14 0.0 1.0 0.0004955867675112487 0.0006147602366868943
14 0.0001 1.0 0.046127315311610885 0.06526932100273548
14 0.001 1.0 0.0461246429394876 0.06527080469914195
14 0.01 1.0 0.046097542769053076 0.06528494480479131
14 0.1 1.0 0.04579136511088992 0.0653600344940368
14 0.2 1.0 0.0453860133926833 0.06531599646825292
14 0.3 1.0 0.04492574567952911 0.06515787082036824
14 0.4 1.0 0.04442279538422998 0.064904359051129
14 0.5 1.0 0.043887573566219355 0.0645718723338286
14 0.6 1.0 0.04332884898967635 0.06417459892435269
14 0.7 1.0 0.042753945575886895 0.06372468909211736
14 0.8 1.0 0.04216893779101428 0.06323248678148764
14 0.9 1.0 0.04157883265113432 0.06270676735779386
14 1.0 1.0 0.040987732897662166 0.06215496053205036
14 1.1 1.0 0.04039897968516118 0.061583349438229115
14 1.2 1.0 0.0398152753196368 0.06099724346446176
14 1.3 1.0 0.03923878770339933 0.06040112583674408
14 1.4 1.0 0.03867123859513973 0.059798778482165325
14 1.5 1.0 0.03811397786787148 0.059193387201535295
14 1.6 1.0 0.03756804582489004 0.05858763015441016
14 1.7 1.0 0.037034225422996676 0.05798375238449137
14 1.8 1.0 0.0365130860136773 0.05738362874567474
14 1.9 1.0 0.0360050199787743 0.05678881721098205
14 2.0 1.0 0.035510273422908675 0.056200604198908787
14 2.1 1.0 0.03502897189658813 0.0556200432511116
14 2.2 1.0 0.03456114196258277 0.05504798814549364
14 2.3 1.0 0.03410672928216727 0.054485121326313356
14 2.4 1.0 0.03366561378443458 0.05393197837158792
14 2.5 1.0 0.03323762238792349 0.053388969090447734
14 2.6 1.0 0.032822539666143236 0.05285639574222386
14 2.7 1.0 0.0324201167844336 0.05233446878885849
14 2.8 1.0 0.03203007898250958 0.05182332052776238
14 2.9 1.0 0.03165213183294303 0.05132301689961275
14 3.0 1.0 0.031285966469099945 0.05083356772202418
12 0.0 1.0 0.001987158577297023 0.002726695905364472
12 0.0001 1.0 0.07452016050159699 0.08733656386650637
12 0.001 1.0 0.07451578482192915 0.0873361544697022
12 0.01 1.0 0.07447168540600614 0.08733155322276265
12 0.1 1.0 0.0739985680292259 0.08723692653390232
12 0.2 1.0 0.0734128450533372 0.08703669144082467
12 0.3 1.0 0.07277556131915766 0.08674854561211798
12 0.4 1.0 0.07209711236203553 0.08638387012892776
12 0.5 1.0 0.07138642572590179 0.08595288802527369
12 0.6 1.0 0.07065116219525452 0.08546476956813626
12 0.7 1.0 0.06989789216637948 0.08492773237376477
12 0.8 1.0 0.06913224714520426 0.08434913412662373
12 0.9 1.0 0.0683590487589614 0.08373555748428876
12 1.0 1.0 0.06758241839926908 0.08309288732566093
12 1.1 1.0 0.06680587057146704 0.08242638068272225
12 1.2 1.0 0.06603239267517479 0.08174072977556392
12 1.3 1.0 0.06526451350988623 0.08104011862419132
12 1.4 1.0 0.06450436238648645 0.08032827375040023
12 1.5 1.0 0.06375372036807425 0.07960850950657561
12 1.6 1.0 0.06301406486926145 0.07888376857354064
12 1.7 1.0 0.062286608607700356 0.07815665815736035
12 1.8 1.0 0.061572333716151104 0.07742948238810993
12 1.9 1.0 0.06087202167834267 0.07670427138567627
12 2.0 1.0 0.060186279638575854 0.07598280741250167
12 2.1 1.0 0.059515563546149675 0.07526664848440583
12 2.2 1.0 0.05886019852546215 0.07455714976131213
12 2.3 1.0 0.05822039680648245 0.0738554829923004
12 2.4 1.0 0.05759627350481216 0.07316265424572914
12 2.5 1.0 0.05698786050315347 0.07247952011640635
12 2.6 1.0 0.05639511865477591 0.0718068025684235
12 2.7 1.0 0.05581794850311133 0.07114510254449928
12 2.8 1.0 0.05525619968888345 0.07049491245016318
12 2.9 1.0 0.05470967919641333 0.0698566276033706
12 3.0 1.0 0.05417815857342399 0.06923055672653798
10 0.0 1.0 0.0066517578337041946 0.008790695926696955
10 0.0001 1.0 0.11316372150043845 0.12070634468778459
10 0.001 1.0 0.11315608129536373 0.12070515962542781
10 0.01 1.0 0.11307946098208353 0.12069293092196033
10 0.1 1.0 0.11229282598809949 0.12053402523696281
10 0.2 1.0 0.11138078748814345 0.12028427169366643
10 0.3 1.0 0.11043653169384261 0.11996461455213865
10 0.4 1.0 0.10946717174570066 0.11958195039570729
10 0.5 1.0 0.10847896551818201 0.11914269526859776
10 0.6 1.0 0.10747741401544766 0.11865281414184158
10 0.7 1.0 0.10646734924572297 0.11811785195089623
10 0.8 1.0 0.10545301176741169 0.11754296306525283
10 0.9 1.0 0.10443811852482043 0.11693293782058638
10 1.0 1.0 0.10342592187015587 0.11629222581761692
10 1.1 1.0 0.1024192608054676 0.11562495626942781
10 1.2 1.0 0.1014206055046204 0.1149349559306403
10 1.3 1.0 0.10043209612594839 0.11422576519538524
10 1.4 1.0 0.09945557683079677 0.11350065289578376
10 1.5 1.0 0.09849262580473468 0.11276263022763086
10 1.6 1.0 0.09754458195335924 0.1120144641121736
10 1.7 1.0 0.09661256882433018 0.11125869019332278
10 1.8 1.0 0.09569751619830584 0.11049762557894788
10 1.9 1.0 0.09480017969720483 0.10973338136641772
10 2.0 1.0 0.0939211586798952 0.10896787494563093
10 2.1 1.0 0.09306091263255101 0.10820284204432415
10 2.2 1.0 0.09221977621216151 0.1074398484666042
10 2.3 1.0 0.09139797306514749 0.10668030147241066
10 2.4 1.0 0.09059562851668937 0.10592546074952965
10 2.5 1.0 0.08981278120811473 0.10517644893789778
10 2.6 1.0 0.08904939374772099 0.10443426167612153
10 2.7 1.0 0.08830536243299492 0.10369977715079157
10 2.8 1.0 0.08758052609799953 0.10297376513924669
10 2.9 1.0 0.08687467413757563 0.1022568955453177
10 3.0 1.0 0.08618755375907713 0.1015497464348973
8 0.0 1.0 0.022298626567127486 0.027894544914623544
8 0.0001 1.0 0.17419514796432412 0.15839184465870942
8 0.001 1.0 0.17418534588281642 0.15838950527638618
8 0.01 1.0 0.17408719851430643 0.1583658973489402
8 0.1 1.0 0.17309388726387726 0.15810892223357953
8 0.2 1.0 0.1719682827013114 0.15778097897267176
8 0.3 1.0 0.17082435019421777 0.15741158234531388
8 0.4 1.0 0.1696665823418456 0.15700391702267671
8 0.5 1.0 0.16849907271434697 0.1565610526030428
8 0.6 1.0 0.16732554558908339 0.15608594923750335
8 0.7 1.0 0.1661493819994961 0.15558146048445215
8 0.8 1.0 0.1649736431396803 0.15505033381503955
8 0.9 1.0 0.16380109176547403 0.15449520949298598
8 1.0 1.0 0.16263421202931858 0.1539186185643288
8 1.1 1.0 0.16147522806522957 0.15332298056904178
8 1.2 1.0 0.16032612155344678 0.1527106014222558
8 1.3 1.0 0.15918864842524635 0.15208367175768875
8 1.4 1.0 0.15806435481264494 0.15144426590003643
8 1.5 1.0 0.15695459230468775 0.15079434154051422
8 1.6 1.0 0.15586053254103696 0.15013574012674585
8 1.7 1.0 0.15478318115350165 0.14947018793845124
8 1.8 1.0 0.1537233910548764 0.14879929779726203
8 1.9 1.0 0.15268187506994427 0.14812457134700574
8 2.0 1.0 0.15165921790357362 0.14744740183570548
8 2.1 1.0 0.15065588744371405 0.14676907732951172
8 2.2 1.0 0.14967224540144763 0.14609078428998934
8 2.3 1.0 0.14870855729500193 0.1454136114486644
8 2.4 1.0 0.14776500178926105 0.14473855391595813
8 2.5 1.0 0.146841679406397 0.14406651746545127
8 2.6 1.0 0.14593862062668914 0.14339832293869953
8 2.7 1.0 0.1450557934013538 0.1427347107205296
8 2.8 1.0 0.14419311010133667 0.14207634523979418
8 2.9 1.0 0.14335043392759436 0.1414238194558142
8 3.0 1.0 0.14252758480946193 0.1407776592960491
6 0.0 1.0 0.08585952447607578 0.10129784359170128
6 0.0001 1.0 0.27913797099245097 0.2131004178545861
6 0.001 1.0 0.27912517768835465 0.2130990114318432
6 0.01 1.0 0.2789972610775684 0.21308482479074692
6 0.1 1.0 0.27771988558118443 0.21293083609214694
6 0.2 1.0 0.2763050537639862 0.21273439137832983
6 0.3 1.0 0.2748959864073101 0.21251203846571645
6 0.4 1.0 0.2734938118146725 0.2122645812588768
6 0.5 1.0 0.272099666941452 0.2119928364152771
6 0.6 1.0 0.27071467358022 0.21169763904878075
6 0.7 1.0 0.2693399200728506 0.21137984636059118
6 0.8 1.0 0.2679764476734617 0.21104033923778617
6 0.9 1.0 0.2666252407643529 0.2106800220584863
6 1.0 1.0 0.2652872202149038 0.21029982103010422
6 1.1 1.0 0.2639632392644702 0.2099006814029107
6 1.2 1.0 0.2626540813993668 0.20948356387832504
6 1.3 1.0 0.26136045977760036 0.20904944049254168
6 1.4 1.0 0.26008301783134125 0.2085992902140166
6 1.5 1.0 0.2588223307454162 0.2081340944535753
6 1.6 1.0 0.25757890757002655 0.20765483264977352
6 1.7 1.0 0.2563531937774885 0.20716247805917887
6 1.8 1.0 0.2551455741161764 0.2066579938506309
6 1.9 1.0 0.2539563756504093 0.20614232957378129
6 2.0 1.0 0.2527858709033758 0.20561641804547412
6 2.1 1.0 0.2516342810420776 0.20508117267323214
6 2.2 1.0 0.250501779059694 0.20453748521398224
6 2.3 1.0 0.2493884929226258 0.20398622394875862
6 2.4 1.0 0.2482945086579239 0.20342823224086493
6 2.5 1.0 0.24721987336257206 0.20286432743594057
6 2.6 1.0 0.24616459812013747 0.20229530005738466
6 2.7 1.0 0.24512866081316606 0.20172191324916627
6 2.8 1.0 0.24411200882190048 0.20114490241961702
6 2.9 1.0 0.24311456160175118 0.20056497504362958
6 3.0 1.0 0.24213621313369044 0.19998281058605896
