# This file contains the mean r-statistics values and standard errors for the generalized Haldane-Shastry model with arbitrary interaction range α 
 for various parameters in m=0 sector to analyse the data collapse as function of effective parameters αδ.
# Here N is the system size, hj is the magnetic field strength, δ is the position disorder strength and α is the interaction range parameter.
# Columns: N, hj, δ, αδ, mean_r_statistic, std_error
 
N, hj, δ, αδ, mean_r_statistic, std_error
 
16 0.1 0.1 0.5 0.5304051258099618 8.440279831588697e-5
16 0.1 0.1 1.0 0.5297349389804896 9.520291449125319e-5
16 0.1 0.1 1.5 0.5069632747059946 0.0007051855381333683
16 0.1 0.1 2.0 0.47446035610115644 0.0008514629002462741
16 0.1 0.1 2.5 0.45334621838837713 0.0007744869611995116
16 0.1 0.1 3.0 0.4423809237955184 0.000689243150120858
16 0.1 0.1 3.5 0.4326322503583519 0.0006204788567714903
16 0.1 0.1 4.0 0.4261588172942963 0.0005692748366213777
16 0.1 0.1 4.5 0.4217497049494296 0.0005709010093543301
16 0.1 0.1 5.0 0.41651191789138 0.0005358592843747563
16 0.1 0.1 5.5 0.41099398693967404 0.00048228133753338616
16 0.1 0.1 6.0 0.4080954694430871 0.00046398650262784505
16 0.1 0.1 6.5 0.4051120944922418 0.0004287435244112393
16 0.1 0.1 7.0 0.4017718137908287 0.0004084030952214168
16 0.1 0.1 7.5 0.3991519598988732 0.00036299875473361204
16 0.1 0.1 8.0 0.39653651660013445 0.0003177414997880847
16 0.1 0.1 8.5 0.3949870650804302 0.0003113779739536144
16 0.1 0.1 9.0 0.3936716904457669 0.00032739449115489985
16 0.1 0.1 9.5 0.39217847326249466 0.00031255722819009685
16 0.1 0.1 10.0 0.39059909949725063 0.00029660891501317126
16 0.1 0.1 10.5 0.38979251126058206 0.0002891562674899993
16 0.1 0.1 11.0 0.3890358705800481 0.00029921620320188874
16 0.1 0.1 11.5 0.38829807688478385 0.00029847353064788804
16 0.1 0.1 12.0 0.38753800686073847 0.0003237113199076326
16 0.1 0.1 12.5 0.3866506776576928 0.00031917280352830243
16 0.1 0.1 13.0 0.3859954686142715 0.00031963636249928025
16 0.1 0.1 13.5 0.3852277796364783 0.00036056628646767433
16 0.1 0.1 14.0 0.3848220202962725 0.0003345714179252475
16 0.1 0.1 14.5 0.3848209329824977 0.00034286602874145637
16 0.1 0.1 15.0 0.3841282822809914 0.00038022234708757536
16 0.1 0.3 0.5 0.5299290137795672 8.523653821616675e-5
16 0.1 0.3 1.0 0.5281157615598548 0.00017664955541439164
16 0.1 0.3 1.5 0.502007983070408 0.0007685281425633623
16 0.1 0.3 2.0 0.4729027104325833 0.0008403435536106606
16 0.1 0.3 2.5 0.4553856666237401 0.0007691583983129945
16 0.1 0.3 3.0 0.44433434553296297 0.0006679354487764132
16 0.1 0.3 3.5 0.43576418006166023 0.0006225152309061906
16 0.1 0.3 4.0 0.4309361511282363 0.0006325743636242804
16 0.1 0.3 4.5 0.42443317323626983 0.0005478948018740815
16 0.1 0.3 5.0 0.4199765826086896 0.0005580758624512114
16 0.1 0.3 5.5 0.4148698738413173 0.0005040019261438216
16 0.1 0.3 6.0 0.40945465788444296 0.000460695017418605
16 0.1 0.3 6.5 0.4067436038767799 0.0004420424006778421
16 0.1 0.3 7.0 0.40399443881565084 0.0004254887760592044
16 0.1 0.3 7.5 0.40084123431681923 0.0003703773394225728
16 0.1 0.3 8.0 0.398515904922562 0.00036551187418386067
16 0.1 0.3 8.5 0.39632871729543157 0.00034672041657901343
16 0.1 0.3 9.0 0.39429823605930986 0.00032071917509688915
16 0.1 0.3 9.5 0.3934137781975015 0.00031452957953423795
16 0.1 0.3 10.0 0.39162781393543683 0.0002906506548186623
16 0.1 0.3 10.5 0.3898899980709188 0.0002810034944355803
16 0.1 0.3 11.0 0.38925055320848684 0.0003002013922159247
16 0.1 0.3 11.5 0.3884105516996504 0.00030919026547887997
16 0.1 0.3 12.0 0.3877410085010739 0.00033151111241508765
16 0.1 0.3 12.5 0.3866523987548106 0.000331350441268159
16 0.1 0.3 13.0 0.3866967098370497 0.0003103871818215995
16 0.1 0.3 13.5 0.38531997257481837 0.0003277258556705731
16 0.1 0.3 14.0 0.3847948858018039 0.0003571352351947342
16 0.1 0.3 14.5 0.38483261214098435 0.0003270994217459109
16 0.1 0.3 15.0 0.38438765935273433 0.0003564548164704248
16 0.1 0.5 0.5 0.5294890823624557 8.463382030945723e-5
16 0.1 0.5 1.0 0.5218470665136709 0.0004121244963277871
16 0.1 0.5 1.5 0.49277454304543933 0.000802676954258298
16 0.1 0.5 2.0 0.4691377875932163 0.0008087297829562758
16 0.1 0.5 2.5 0.45704767790661843 0.0007199804057982454
16 0.1 0.5 3.0 0.4469110469171064 0.0006683602400534618
16 0.1 0.5 3.5 0.4414139587167407 0.0006448665821683369
16 0.1 0.5 4.0 0.43452271619134436 0.0005909157803790801
16 0.1 0.5 4.5 0.42765897053227764 0.0005667194866404193
16 0.1 0.5 5.0 0.4225797839385626 0.0005459668309698731
16 0.1 0.5 5.5 0.4171272870361698 0.0005285171768982777
16 0.1 0.5 6.0 0.4136674765228605 0.0004958638346123773
16 0.1 0.5 6.5 0.4083231855641372 0.0004429350987183565
16 0.1 0.5 7.0 0.40677455494526055 0.000461991993229416
16 0.1 0.5 7.5 0.4022655797466774 0.0004079727854113778
16 0.1 0.5 8.0 0.3999086743147523 0.00037254262472102937
16 0.1 0.5 8.5 0.39721450009941195 0.0003391889639581068
16 0.1 0.5 9.0 0.3954237132924884 0.0003285157432197438
16 0.1 0.5 9.5 0.3942213415570846 0.00030435525430902823
16 0.1 0.5 10.0 0.39267917970793204 0.00030668006013913427
16 0.1 0.5 10.5 0.39170753975918643 0.00028243244579440594
16 0.1 0.5 11.0 0.38960503813036884 0.00033217174645265747
16 0.1 0.5 11.5 0.3896548690054877 0.0003300423563991519
16 0.1 0.5 12.0 0.38856566284916444 0.00030490668105497107
16 0.1 0.5 12.5 0.38695934262379833 0.0002992315654885776
16 0.1 0.5 13.0 0.38678572958141205 0.0003130796817812502
16 0.1 0.5 13.5 0.3856981471370753 0.0003322559464604978
16 0.1 0.5 14.0 0.38537444248494096 0.0003239073050261052
16 0.1 0.5 14.5 0.3848875928512644 0.0003540927957248584
16 0.1 0.5 15.0 0.3844198633259312 0.0003371113498994059
16 0.1 0.8 0.5 0.5247251626680164 0.00016343249697330675
16 0.1 0.8 1.0 0.5036725293965809 0.0007545831100422415
16 0.1 0.8 1.5 0.48244908654404145 0.0008415790848703827
16 0.1 0.8 2.0 0.4677919717234852 0.0007927780013932196
16 0.1 0.8 2.5 0.4590989116271117 0.0007520846136733793
16 0.1 0.8 3.0 0.45171107120547854 0.0006689423176087901
16 0.1 0.8 3.5 0.4465627205784383 0.0006140581486653877
16 0.1 0.8 4.0 0.44106371084786283 0.0005883950598223152
16 0.1 0.8 4.5 0.43533991231085073 0.0005719140389591336
16 0.1 0.8 5.0 0.4297542864532959 0.0005546530288382956
16 0.1 0.8 5.5 0.4229643917552417 0.0005095334359038636
16 0.1 0.8 6.0 0.41771711033255693 0.0005046185135330056
16 0.1 0.8 6.5 0.41369772211709904 0.00047852888530079213
16 0.1 0.8 7.0 0.40944441860464725 0.000456381589215286
16 0.1 0.8 7.5 0.40558069242387895 0.0004045776733899263
16 0.1 0.8 8.0 0.40359717733037886 0.0004017966761017728
16 0.1 0.8 8.5 0.40023592988596357 0.00039507217152669004
16 0.1 0.8 9.0 0.39778678844144616 0.000370452980727063
16 0.1 0.8 9.5 0.39627300952190436 0.0003329974441083836
16 0.1 0.8 10.0 0.3940539867208456 0.000330045906173487
16 0.1 0.8 10.5 0.3928583152014743 0.0002995180129837141
16 0.1 0.8 11.0 0.3913172901869112 0.0002984833423694063
16 0.1 0.8 11.5 0.3902489293422159 0.00031665587763649326
16 0.1 0.8 12.0 0.38918608185240544 0.000299128873612626
16 0.1 0.8 12.5 0.38865023207785154 0.0002885185670929307
16 0.1 0.8 13.0 0.38785665765126265 0.00030966761030253205
16 0.1 0.8 13.5 0.3876822832710254 0.0002838392667686951
16 0.1 0.8 14.0 0.38618407801944027 0.0003323622684255784
16 0.1 0.8 14.5 0.386455744912012 0.000305467121397705
16 0.1 0.8 15.0 0.3859749013230891 0.00035687214051407986
16 0.1 1.0 0.5 0.5142154735175074 0.00040582068776045
16 0.1 1.0 1.0 0.4956763285980322 0.0008413752321841295
16 0.1 1.0 1.5 0.47962042455895415 0.0008552363328400853
16 0.1 1.0 2.0 0.4667775841148761 0.0007850334302423464
16 0.1 1.0 2.5 0.4594984621614326 0.0007460143813612327
16 0.1 1.0 3.0 0.454179778139078 0.0006983053550122628
16 0.1 1.0 3.5 0.44947960575858603 0.0006167732569385851
16 0.1 1.0 4.0 0.4455311789710432 0.0005616419986705681
16 0.1 1.0 4.5 0.4407797019895062 0.0005210289071436317
16 0.1 1.0 5.0 0.4349555545938754 0.0005004511830594086
16 0.1 1.0 5.5 0.42934198727067574 0.0005126825751252279
16 0.1 1.0 6.0 0.4234883845313703 0.0005721123789234315
16 0.1 1.0 6.5 0.41808831478973024 0.0004743307237558185
16 0.1 1.0 7.0 0.4138867064606771 0.0005329786614606441
16 0.1 1.0 7.5 0.40817065635391125 0.0006510006826445895
16 0.1 1.0 8.0 0.4055862366312214 0.0005004509242911186
16 0.1 1.0 8.5 0.40215389802368334 0.0006104817041111044
16 0.1 1.0 9.0 0.3986323409989768 0.0006022946414686003
16 0.1 1.0 9.5 0.39657161335280217 0.000599594277964384
16 0.1 1.0 10.0 0.39289126307551236 0.0011437669364005028
16 0.1 1.0 10.5 0.39100248480262806 0.0009586141647527299
16 0.1 1.0 11.0 0.38368185193040005 0.0016086557919449238
16 0.1 1.0 11.5 0.3872484505375819 0.0011235718377321095
16 0.1 1.0 12.0 0.38127323209823766 0.0016208906596496962
16 0.1 1.0 12.5 0.3800409668466732 0.0016624550996970713
16 0.1 1.0 13.0 0.3780123070620683 0.0017342709941226132
16 0.1 1.0 13.5 0.36918652235801813 0.0022515288890784598
16 0.1 1.0 14.0 0.3677540123325664 0.0022529740432542084
16 0.1 1.0 14.5 0.3659363123548744 0.0022418865931896712
16 0.1 1.0 15.0 0.3643646094907728 0.002363079007421028
16 0.3 0.1 0.5 0.530659389130964 8.819572320939209e-5
16 0.3 0.1 1.0 0.5303091204325778 8.613922436857742e-5
16 0.3 0.1 1.5 0.5118998349133265 0.0006233603566567342
16 0.3 0.1 2.0 0.47683538955214133 0.0009279973910941772
16 0.3 0.1 2.5 0.4514962888918753 0.00083903551421691
16 0.3 0.1 3.0 0.4344160150017191 0.0007957415835725907
16 0.3 0.1 3.5 0.4223726242628418 0.000721667121073808
16 0.3 0.1 4.0 0.4137869118535005 0.0006092738167025192
16 0.3 0.1 4.5 0.4081170854303741 0.0005327868087777559
16 0.3 0.1 5.0 0.4024123453122851 0.00044586568059902304
16 0.3 0.1 5.5 0.3994336005174285 0.0003810006354174943
16 0.3 0.1 6.0 0.39606189889247095 0.0002896266777446843
16 0.3 0.1 6.5 0.3953123585514198 0.00030785244276698996
16 0.3 0.1 7.0 0.39266825125510335 0.00024674107383305146
16 0.3 0.1 7.5 0.3913484507799065 0.0002173284167881236
16 0.3 0.1 8.0 0.39080531614037844 0.00023458031504774917
16 0.3 0.1 8.5 0.3896423926219756 0.00020465687523107409
16 0.3 0.1 9.0 0.38920611465360067 0.00019768969563522325
16 0.3 0.1 9.5 0.38811044929431004 0.00022726009586479073
16 0.3 0.1 10.0 0.3878209340474778 0.00023069299860481728
16 0.3 0.1 10.5 0.3874830392551336 0.00022295224048060212
16 0.3 0.1 11.0 0.38707762107884824 0.0002452075941692708
16 0.3 0.1 11.5 0.386238035315935 0.00026332235160035676
16 0.3 0.1 12.0 0.3861088389658252 0.0002735296516088207
16 0.3 0.1 12.5 0.38566687993307786 0.00026670021896568643
16 0.3 0.1 13.0 0.38485628600805494 0.0003062341445811581
16 0.3 0.1 13.5 0.3849832694753426 0.00033076443003840993
16 0.3 0.1 14.0 0.3839042382310597 0.0003613721827681881
16 0.3 0.1 14.5 0.3847698202702856 0.0003267232296276477
16 0.3 0.1 15.0 0.38404424410185656 0.00035921309172616024
16 0.3 0.3 0.5 0.5304394349183903 8.791194101347357e-5
16 0.3 0.3 1.0 0.5290883436349787 0.00013380942148339005
16 0.3 0.3 1.5 0.5063058845056808 0.0006916082644367071
16 0.3 0.3 2.0 0.4738083311414585 0.0008742788223274541
16 0.3 0.3 2.5 0.4523432191874486 0.000805186667974028
16 0.3 0.3 3.0 0.43707723180380453 0.0007679228280835193
16 0.3 0.3 3.5 0.4254857040742684 0.0007341841992131434
16 0.3 0.3 4.0 0.41683273965779993 0.0006398353194775367
16 0.3 0.3 4.5 0.41078637349854585 0.0005541219206699505
16 0.3 0.3 5.0 0.4043612838201568 0.00046174208790993726
16 0.3 0.3 5.5 0.40028945723620435 0.00035128406675375996
16 0.3 0.3 6.0 0.398555595649191 0.00036192437154996393
16 0.3 0.3 6.5 0.39601481775929726 0.00031879676756757584
16 0.3 0.3 7.0 0.39371694643842164 0.00023089177463330362
16 0.3 0.3 7.5 0.39298518235028035 0.00027462673276788325
16 0.3 0.3 8.0 0.39140635546011693 0.00021364707911880517
16 0.3 0.3 8.5 0.38966555363859684 0.00021549815334696295
16 0.3 0.3 9.0 0.38964978159156005 0.00021629138677597227
16 0.3 0.3 9.5 0.38878584034052044 0.00021849244404073044
16 0.3 0.3 10.0 0.3877518802042145 0.00023843715492223363
16 0.3 0.3 10.5 0.3877204874320793 0.00022304203580750232
16 0.3 0.3 11.0 0.3868092283982288 0.0002548937367443221
16 0.3 0.3 11.5 0.38699970363587144 0.0002448628414073075
16 0.3 0.3 12.0 0.3858467743459707 0.0002674059509409675
16 0.3 0.3 12.5 0.3858815698615345 0.0002709876502790062
16 0.3 0.3 13.0 0.3856474097614619 0.0002825759104787003
16 0.3 0.3 13.5 0.3851424342880422 0.0003099383831759694
16 0.3 0.3 14.0 0.38446099818031687 0.00031403034307478573
16 0.3 0.3 14.5 0.3844441435828883 0.0003326375761695019
16 0.3 0.3 15.0 0.38384476228525277 0.00035507717464935344
16 0.3 0.5 0.5 0.5301755140758785 8.552901141795951e-5
16 0.3 0.5 1.0 0.524593270048193 0.0003313830162928748
16 0.3 0.5 1.5 0.49943440751069657 0.000788039268151597
16 0.3 0.5 2.0 0.47247438941095976 0.0008592766912268718
16 0.3 0.5 2.5 0.45367886322467804 0.0007891894043809963
16 0.3 0.5 3.0 0.44146115208441206 0.0007506746598881292
16 0.3 0.5 3.5 0.42891600744324154 0.0006892757283317269
16 0.3 0.5 4.0 0.41937929795642837 0.00063431074846619
16 0.3 0.5 4.5 0.41153723073479104 0.0005496874823509993
16 0.3 0.5 5.0 0.4065780088197789 0.0004784166524217573
16 0.3 0.5 5.5 0.4017633466737168 0.0003970671314558165
16 0.3 0.5 6.0 0.3994557025809573 0.00037368270778406553
16 0.3 0.5 6.5 0.39651350634882976 0.000281282171704587
16 0.3 0.5 7.0 0.39481194357787414 0.000248359499034292
16 0.3 0.5 7.5 0.3930108414914462 0.00023150994574547837
16 0.3 0.5 8.0 0.3925212560681538 0.0002511788350944779
16 0.3 0.5 8.5 0.3911100163624121 0.00021613992322835996
16 0.3 0.5 9.0 0.39005720576395175 0.0002168084627757974
16 0.3 0.5 9.5 0.3894271965501909 0.00020106261344909762
16 0.3 0.5 10.0 0.3886635555462901 0.00020699570258798808
16 0.3 0.5 10.5 0.38792463269518357 0.00022042255436303297
16 0.3 0.5 11.0 0.38739900378798364 0.00023910656201790145
16 0.3 0.5 11.5 0.38700821530350477 0.0002504127040765802
16 0.3 0.5 12.0 0.3860365132406146 0.0002838824550108825
16 0.3 0.5 12.5 0.38590288106592174 0.0002638757237800946
16 0.3 0.5 13.0 0.3854441498086623 0.00031393526082453287
16 0.3 0.5 13.5 0.38542771109057733 0.00030464014682449826
16 0.3 0.5 14.0 0.38505102377416284 0.00028832726440628187
16 0.3 0.5 14.5 0.3845817499414129 0.00032139295058878134
16 0.3 0.5 15.0 0.3847803345340545 0.000324884448152326
16 0.3 0.8 0.5 0.5279930901797095 0.00010086282110096903
16 0.3 0.8 1.0 0.5103079677453521 0.0006536790406266237
16 0.3 0.8 1.5 0.4896342466196629 0.0008064526343001335
16 0.3 0.8 2.0 0.47282798386610847 0.000790241455193525
16 0.3 0.8 2.5 0.46042418189185996 0.0007662392591028818
16 0.3 0.8 3.0 0.4508162164116075 0.0007478524212116212
16 0.3 0.8 3.5 0.43780198676418053 0.0006215218535332099
16 0.3 0.8 4.0 0.427604786322881 0.0006256295471391561
16 0.3 0.8 4.5 0.41906834793906317 0.0005393512917562349
16 0.3 0.8 5.0 0.4117428004799642 0.0005460936686485857
16 0.3 0.8 5.5 0.40720377604124663 0.0004780945944311371
16 0.3 0.8 6.0 0.402629897829251 0.0004206433639918292
16 0.3 0.8 6.5 0.39944885420148973 0.00033411072607067893
16 0.3 0.8 7.0 0.3965200483187995 0.0002697057873006581
16 0.3 0.8 7.5 0.3944590911219325 0.0002540300949091734
16 0.3 0.8 8.0 0.39329049955140266 0.00024398645326916465
16 0.3 0.8 8.5 0.3917905308284297 0.00022309160469398002
16 0.3 0.8 9.0 0.39072449476421056 0.000236554143933713
16 0.3 0.8 9.5 0.3901035658763214 0.00020946818641779408
16 0.3 0.8 10.0 0.3889791249869183 0.0002064570660199504
16 0.3 0.8 10.5 0.38852141212170244 0.00022193778119267659
16 0.3 0.8 11.0 0.3874966207564464 0.0002456798196072427
16 0.3 0.8 11.5 0.38683390807435597 0.0002683374966365579
16 0.3 0.8 12.0 0.3867377889656464 0.0002592573362970146
16 0.3 0.8 12.5 0.38597156884544015 0.00028084242806785883
16 0.3 0.8 13.0 0.3860699424223337 0.00027579769668541014
16 0.3 0.8 13.5 0.3855792678884222 0.0002669026474526823
16 0.3 0.8 14.0 0.38506507438603765 0.000313029776313952
16 0.3 0.8 14.5 0.384733867891084 0.0003245138057459622
16 0.3 0.8 15.0 0.3847887184204533 0.00034054691943339227
16 0.3 1.0 0.5 0.5229056071084365 0.0002347414337420902
16 0.3 1.0 1.0 0.5053487659914774 0.0007466149812734219
16 0.3 1.0 1.5 0.4871906831691817 0.0008507604280006394
16 0.3 1.0 2.0 0.4737262897479318 0.0008096509397475264
16 0.3 1.0 2.5 0.463826446315948 0.00076038160472248
16 0.3 1.0 3.0 0.4540765476640135 0.0007123532782203729
16 0.3 1.0 3.5 0.4451947657862081 0.0007065336555094131
16 0.3 1.0 4.0 0.43419083590537905 0.0006252286590999639
16 0.3 1.0 4.5 0.4259399786637186 0.0005832498910989075
16 0.3 1.0 5.0 0.4174080377416834 0.0005412626597107757
16 0.3 1.0 5.5 0.4110992937437142 0.0004895465330029008
16 0.3 1.0 6.0 0.40649426385745463 0.0004252978033906084
16 0.3 1.0 6.5 0.401872198163595 0.0004445188096152887
16 0.3 1.0 7.0 0.39854292258643353 0.0004488739235201936
16 0.3 1.0 7.5 0.39598185918475254 0.0005047045739153583
16 0.3 1.0 8.0 0.39354380080376855 0.0006432857381198205
16 0.3 1.0 8.5 0.39228162312025383 0.000583005835173719
16 0.3 1.0 9.0 0.38983581242257065 0.0006868429487487511
16 0.3 1.0 9.5 0.38855265946226614 0.0008910099042641882
16 0.3 1.0 10.0 0.38687310582534273 0.001025958696666833
16 0.3 1.0 10.5 0.38460396515264283 0.001198431758836784
16 0.3 1.0 11.0 0.3839339004396964 0.0011087911720729184
16 0.3 1.0 11.5 0.3797800295678493 0.0015346380243301773
16 0.3 1.0 12.0 0.38156754611884325 0.0013508348981996143
16 0.3 1.0 12.5 0.37717289615783706 0.00154996675303963
16 0.3 1.0 13.0 0.3779015872915218 0.0015343617785111142
16 0.3 1.0 13.5 0.36776295413473775 0.002242192265620404
16 0.3 1.0 14.0 0.3636399954722068 0.0024686683184635774
16 0.3 1.0 14.5 0.3657120946256238 0.0022631383349739913
16 0.3 1.0 15.0 0.3620944490841282 0.0024462562582923363
16 0.5 0.1 0.5 0.5305004009977744 8.45243837126353e-5
16 0.5 0.1 1.0 0.5295566399001138 9.656919547482946e-5
16 0.5 0.1 1.5 0.5099401072225905 0.0006698449481890282
16 0.5 0.1 2.0 0.4705461947424578 0.001005335876695732
16 0.5 0.1 2.5 0.4411501511327051 0.0008942375264526148
16 0.5 0.1 3.0 0.42544172147685116 0.000808949964408675
16 0.5 0.1 3.5 0.4114275340613688 0.0006185126841861679
16 0.5 0.1 4.0 0.4046340271537058 0.0005119229578813699
16 0.5 0.1 4.5 0.39994006940796656 0.0004151846558195113
16 0.5 0.1 5.0 0.3966722691521744 0.000325456487541104
16 0.5 0.1 5.5 0.39462230886527705 0.00026097267374055005
16 0.5 0.1 6.0 0.3926456586532426 0.00021172755216028046
16 0.5 0.1 6.5 0.391574622173481 0.00019051417053799697
16 0.5 0.1 7.0 0.39068496474749503 0.0001748394815098672
16 0.5 0.1 7.5 0.3898719257533431 0.00017992902510497155
16 0.5 0.1 8.0 0.3889882805096612 0.00016077963357137372
16 0.5 0.1 8.5 0.38846601161340444 0.00017583905460048923
16 0.5 0.1 9.0 0.38862801942497444 0.00018333056072907517
16 0.5 0.1 9.5 0.38739053456999306 0.0001992132498053569
16 0.5 0.1 10.0 0.3873398604218096 0.00020166084145796612
16 0.5 0.1 10.5 0.3866841649033736 0.00022193997651443864
16 0.5 0.1 11.0 0.38648576175410343 0.00024914790887256826
16 0.5 0.1 11.5 0.38611042711194193 0.0002509655429443765
16 0.5 0.1 12.0 0.38639408520037855 0.000249104352086775
16 0.5 0.1 12.5 0.3855373331713907 0.00026801392972724994
16 0.5 0.1 13.0 0.3854231850890253 0.00028059872440833964
16 0.5 0.1 13.5 0.3849839967559587 0.0003281727304306454
16 0.5 0.1 14.0 0.38435381623972403 0.00033416365050031914
16 0.5 0.1 14.5 0.38388135733655754 0.0003469833211771661
16 0.5 0.1 15.0 0.3838753774792638 0.0003444334795513033
16 0.5 0.3 0.5 0.5302802335881377 8.868305737618619e-5
16 0.5 0.3 1.0 0.5292432625346541 0.00011111835854578244
16 0.5 0.3 1.5 0.5054355448546194 0.0007313823442843336
16 0.5 0.3 2.0 0.4696798041789243 0.0009817573303912857
16 0.5 0.3 2.5 0.44376077147845144 0.0009075448391073054
16 0.5 0.3 3.0 0.42621822280215177 0.000781843474705717
16 0.5 0.3 3.5 0.4145822389172293 0.0006604588613756971
16 0.5 0.3 4.0 0.40541172930249914 0.0004737365192869671
16 0.5 0.3 4.5 0.40168535557081353 0.00044074220895196943
16 0.5 0.3 5.0 0.39793054946866824 0.0003688893087804483
16 0.5 0.3 5.5 0.39510038614871373 0.00027656239280683735
16 0.5 0.3 6.0 0.39282561946741384 0.00020263035034923585
16 0.5 0.3 6.5 0.39214425367685557 0.0001946922770660778
16 0.5 0.3 7.0 0.3914296514981557 0.00020695298370781003
16 0.5 0.3 7.5 0.39027356194851776 0.00018522873446538828
16 0.5 0.3 8.0 0.38942094829987955 0.0001786997707532797
16 0.5 0.3 8.5 0.3888661171444349 0.0001730698629895695
16 0.5 0.3 9.0 0.38811315456000745 0.0001842203049484731
16 0.5 0.3 9.5 0.387718957268078 0.00019824686429563722
16 0.5 0.3 10.0 0.3874216600230292 0.0002035238861445295
16 0.5 0.3 10.5 0.3870462402231201 0.00021943462981760772
16 0.5 0.3 11.0 0.3866042195133553 0.00023959569776317284
16 0.5 0.3 11.5 0.38630146128527926 0.000269152732438585
16 0.5 0.3 12.0 0.3856468314669058 0.00025802886459200687
16 0.5 0.3 12.5 0.3850548788793757 0.00031917222954451756
16 0.5 0.3 13.0 0.38465141965432276 0.0003281334845271264
16 0.5 0.3 13.5 0.3850469190649723 0.0003172283975759821
16 0.5 0.3 14.0 0.38437514041531073 0.0003133056942581421
16 0.5 0.3 14.5 0.3841865184895542 0.00032848547433567127
16 0.5 0.3 15.0 0.3845103863480745 0.0003211400806739698
16 0.5 0.5 0.5 0.5302079698167463 8.640631501609714e-5
16 0.5 0.5 1.0 0.5254660864057829 0.00025084492723304
16 0.5 0.5 1.5 0.4996999493594506 0.0007653324052348176
16 0.5 0.5 2.0 0.4696613021341587 0.0008588783522586164
16 0.5 0.5 2.5 0.44869583581194306 0.0008510815033696315
16 0.5 0.5 3.0 0.43029455505837017 0.0007458948928397073
16 0.5 0.5 3.5 0.4177794535578184 0.0006387751587801229
16 0.5 0.5 4.0 0.4086732837521182 0.0005297328294596286
16 0.5 0.5 4.5 0.40309090778992734 0.00042168686360875124
16 0.5 0.5 5.0 0.398974349324597 0.0003609709851958509
16 0.5 0.5 5.5 0.3959597241137179 0.0002903917938811974
16 0.5 0.5 6.0 0.39440349133196034 0.00024614709001845905
16 0.5 0.5 6.5 0.39315931484082595 0.0002611973893857499
16 0.5 0.5 7.0 0.39160641293352133 0.00019361063800402717
16 0.5 0.5 7.5 0.3905495471698755 0.00018025349201898337
16 0.5 0.5 8.0 0.38993564427527616 0.00019533591878779865
16 0.5 0.5 8.5 0.38922116228039283 0.00017899611194159627
16 0.5 0.5 9.0 0.38823098019052993 0.00016962419040956512
16 0.5 0.5 9.5 0.38762264150197295 0.00019383544570979733
16 0.5 0.5 10.0 0.3873126529897853 0.0002079608410830333
16 0.5 0.5 10.5 0.38689640778812173 0.00022309471807208434
16 0.5 0.5 11.0 0.3870369721441463 0.00022383514880951546
16 0.5 0.5 11.5 0.3860241552858037 0.00024025327470834185
16 0.5 0.5 12.0 0.38669838303736537 0.00027264080165185584
16 0.5 0.5 12.5 0.38598130330570474 0.0002581849025018141
16 0.5 0.5 13.0 0.38503092020018587 0.00028482154139776515
16 0.5 0.5 13.5 0.38467269369671525 0.00030670159445040485
16 0.5 0.5 14.0 0.3846463032482175 0.00032709890106428856
16 0.5 0.5 14.5 0.3843656615562346 0.0003307869349004922
16 0.5 0.5 15.0 0.3839442542310729 0.00034800471862851055
16 0.5 0.8 0.5 0.5287048464568184 9.120077970476667e-5
16 0.5 0.8 1.0 0.5157320677002085 0.0005768656137500954
16 0.5 0.8 1.5 0.49214958080591503 0.0008036604072949075
16 0.5 0.8 2.0 0.47380141589858404 0.0008117000481005891
16 0.5 0.8 2.5 0.45578040883756554 0.0007529327359404583
16 0.5 0.8 3.0 0.4404146978453918 0.0007380602473838574
16 0.5 0.8 3.5 0.4266351970211686 0.0006700754926009876
16 0.5 0.8 4.0 0.4156427285740056 0.0005635181543430528
16 0.5 0.8 4.5 0.40697277903630097 0.0004999653505446842
16 0.5 0.8 5.0 0.40285714816340856 0.00040307233988783113
16 0.5 0.8 5.5 0.3978996609937993 0.0003130102358147378
16 0.5 0.8 6.0 0.39626849170502515 0.00029219863088920933
16 0.5 0.8 6.5 0.3938718320844598 0.0002119056341689829
16 0.5 0.8 7.0 0.39244325341437664 0.000205159659675749
16 0.5 0.8 7.5 0.3914827261583212 0.0001851194158399582
16 0.5 0.8 8.0 0.39067878269012235 0.00018404396023845456
16 0.5 0.8 8.5 0.3897346095348204 0.000186106647510458
16 0.5 0.8 9.0 0.38890760071936736 0.00018893823409319626
16 0.5 0.8 9.5 0.38847715077707357 0.00019768416717301656
16 0.5 0.8 10.0 0.3876696284613614 0.00021338971925118403
16 0.5 0.8 10.5 0.38733817481448685 0.00021420371632094117
16 0.5 0.8 11.0 0.38704013927715286 0.00023183754712666508
16 0.5 0.8 11.5 0.3867748403325636 0.00024732884520988684
16 0.5 0.8 12.0 0.386007867410009 0.0002523319671703198
16 0.5 0.8 12.5 0.3859852287629425 0.0002618459314472938
16 0.5 0.8 13.0 0.3855209172253051 0.00026359733844563677
16 0.5 0.8 13.5 0.385027963785249 0.000299488169611969
16 0.5 0.8 14.0 0.38500190174706345 0.0002984793593621512
16 0.5 0.8 14.5 0.38433839543848974 0.00032924165678530147
16 0.5 0.8 15.0 0.3848170349514928 0.0003190202134221043
16 0.5 1.0 0.5 0.5255973256068118 0.0001897391383809633
16 0.5 1.0 1.0 0.5116960934366054 0.0006467161184069374
16 0.5 1.0 1.5 0.49098416993132993 0.0008032556679269532
16 0.5 1.0 2.0 0.4743722772000412 0.0008182553734078815
16 0.5 1.0 2.5 0.461498465897493 0.0007555248241232835
16 0.5 1.0 3.0 0.44949972436146 0.0007103293864932525
16 0.5 1.0 3.5 0.43454320675262015 0.0006757751982190575
16 0.5 1.0 4.0 0.4241202110378749 0.0006227896426918105
16 0.5 1.0 4.5 0.4134239311113139 0.0005316781795584825
16 0.5 1.0 5.0 0.4071026767742142 0.00044995092797492814
16 0.5 1.0 5.5 0.4020776920114922 0.0003850841897389361
16 0.5 1.0 6.0 0.3982734179512881 0.0003047703856804021
16 0.5 1.0 6.5 0.3954104239924525 0.0002598501847981326
16 0.5 1.0 7.0 0.3938356610899725 0.00023548535371109686
16 0.5 1.0 7.5 0.39196168737810705 0.00029259120999028
16 0.5 1.0 8.0 0.3913997200277001 0.0001942484000621502
16 0.5 1.0 8.5 0.38961478336630817 0.00047793637545513187
16 0.5 1.0 9.0 0.3885688159799181 0.0006440126101404135
16 0.5 1.0 9.5 0.38640879067185047 0.0009650801986626884
16 0.5 1.0 10.0 0.3859106503986066 0.0008834351500852935
16 0.5 1.0 10.5 0.3840287206910246 0.0010674203941438737
16 0.5 1.0 11.0 0.3808767754362758 0.001301180889693604
16 0.5 1.0 11.5 0.3793565609948444 0.0014547079398590454
16 0.5 1.0 12.0 0.3785779207884336 0.0014964334563068575
16 0.5 1.0 12.5 0.3784662618074616 0.0015406093812893394
16 0.5 1.0 13.0 0.36928746312638794 0.0020870606909802205
16 0.5 1.0 13.5 0.36610467076403236 0.0023449225580077994
16 0.5 1.0 14.0 0.36928789881932983 0.002054651632442606
16 0.5 1.0 14.5 0.3612138824737223 0.002520879049865325
16 0.5 1.0 15.0 0.36256591163028473 0.0024422353889223146
16 0.8 0.1 0.5 0.5279907237409284 0.00016042198186598674
16 0.8 0.1 1.0 0.5229704092124294 0.000305657609318696
16 0.8 0.1 1.5 0.4928166835787203 0.0008889366956781968
16 0.8 0.1 2.0 0.4483932682870526 0.0010214057078067253
16 0.8 0.1 2.5 0.4262097348638184 0.0008893757277779063
16 0.8 0.1 3.0 0.41019692019595755 0.0006337650925613725
16 0.8 0.1 3.5 0.40109244802106453 0.00044586836473784646
16 0.8 0.1 4.0 0.3967288156499885 0.00036170107198102615
16 0.8 0.1 4.5 0.3936282464923321 0.00023838146093732097
16 0.8 0.1 5.0 0.3923632652396403 0.00020882240696750684
16 0.8 0.1 5.5 0.3908264760656998 0.00016587086296862663
16 0.8 0.1 6.0 0.3903242081295812 0.00015167355463337643
16 0.8 0.1 6.5 0.3894783540852346 0.00013965674618393424
16 0.8 0.1 7.0 0.3889852123643449 0.00013219209676170577
16 0.8 0.1 7.5 0.3885803282799085 0.00013492609242634414
16 0.8 0.1 8.0 0.38801231453179186 0.00014929716673153063
16 0.8 0.1 8.5 0.3877593044733333 0.00015961828854845064
16 0.8 0.1 9.0 0.38722215366151835 0.00017934708119974168
16 0.8 0.1 9.5 0.38720542797517576 0.0001757725791561232
16 0.8 0.1 10.0 0.38658393807828834 0.00021428163480228694
16 0.8 0.1 10.5 0.3863894690053738 0.00023273483435670524
16 0.8 0.1 11.0 0.3861950198707621 0.0002447001352859985
16 0.8 0.1 11.5 0.38584295891554227 0.0002490688106652894
16 0.8 0.1 12.0 0.38516637731832637 0.0002914130960331366
16 0.8 0.1 12.5 0.3853335703861571 0.0002825366911086898
16 0.8 0.1 13.0 0.38495249032507817 0.00030267021819629594
16 0.8 0.1 13.5 0.3848062277911122 0.0003105072334000712
16 0.8 0.1 14.0 0.38448259426830406 0.0003253355124557066
16 0.8 0.1 14.5 0.38421044575302843 0.0003291236566065897
16 0.8 0.1 15.0 0.3846155090372955 0.00032217917480090787
16 0.8 0.3 0.5 0.5300809556337701 8.512036101797658e-5
16 0.8 0.3 1.0 0.5244396853512872 0.0002594683442034816
16 0.8 0.3 1.5 0.491550080608714 0.0008955846622589267
16 0.8 0.3 2.0 0.452078852362809 0.001013766166410553
16 0.8 0.3 2.5 0.4252321479844832 0.000858620976991195
16 0.8 0.3 3.0 0.4107146122642596 0.0006432832710946089
16 0.8 0.3 3.5 0.4036854021205247 0.0005152372591636221
16 0.8 0.3 4.0 0.39785825356784854 0.0003661306593104232
16 0.8 0.3 4.5 0.3945652843506804 0.00027445732322171624
16 0.8 0.3 5.0 0.3927821244778862 0.00023262830391925323
16 0.8 0.3 5.5 0.39127199560592024 0.00016286805397201283
16 0.8 0.3 6.0 0.3907079375880501 0.00016058052952235333
16 0.8 0.3 6.5 0.3896234128941721 0.00013829391783418775
16 0.8 0.3 7.0 0.38923826463753297 0.0001318970495898896
16 0.8 0.3 7.5 0.3888854996911436 0.0001475382220960424
16 0.8 0.3 8.0 0.38824207176237857 0.0001501597737841247
16 0.8 0.3 8.5 0.3878350516101861 0.00015232552838609942
16 0.8 0.3 9.0 0.38735575007811857 0.00017159595048981516
16 0.8 0.3 9.5 0.3871267741276688 0.00017905808021449583
16 0.8 0.3 10.0 0.3866348468053266 0.00021393341930886958
16 0.8 0.3 10.5 0.38619036664651174 0.00021684357889586433
16 0.8 0.3 11.0 0.38627919287018436 0.0002227078276126917
16 0.8 0.3 11.5 0.38541721819163427 0.00027500939619889953
16 0.8 0.3 12.0 0.38610080502559946 0.0002476559871399991
16 0.8 0.3 12.5 0.38550550949546997 0.0002940535254443741
16 0.8 0.3 13.0 0.3857330213799308 0.0002689500508720739
16 0.8 0.3 13.5 0.38483064033037906 0.00030666160141750045
16 0.8 0.3 14.0 0.3848315007778437 0.00031380056875122514
16 0.8 0.3 14.5 0.3846263706603034 0.0003129655848011801
16 0.8 0.3 15.0 0.3839532692510107 0.0003378748626300372
16 0.8 0.5 0.5 0.5300981040440563 8.539863864986231e-5
16 0.8 0.5 1.0 0.524633552026384 0.00023837917891487227
16 0.8 0.5 1.5 0.4932051458719362 0.0008149594622500019
16 0.8 0.5 2.0 0.4548718489107597 0.0009611021288685299
16 0.8 0.5 2.5 0.43060044578745515 0.000844180502488895
16 0.8 0.5 3.0 0.413361901447109 0.000644295885124305
16 0.8 0.5 3.5 0.40538149300374066 0.0004998255525949135
16 0.8 0.5 4.0 0.3988255403862775 0.0003416728797338905
16 0.8 0.5 4.5 0.3959817992025188 0.00030610612419135414
16 0.8 0.5 5.0 0.39378742215779683 0.00025340238980950516
16 0.8 0.5 5.5 0.3919696983956823 0.00019441819801865174
16 0.8 0.5 6.0 0.39113669371310933 0.00016015919548756317
16 0.8 0.5 6.5 0.3900924990897863 0.00013895949906455267
16 0.8 0.5 7.0 0.3896566415872951 0.00014553389316303598
16 0.8 0.5 7.5 0.3892638024198963 0.00014826658502946227
16 0.8 0.5 8.0 0.3882231949188283 0.0001572384816378808
16 0.8 0.5 8.5 0.3882691984638486 0.00015859865147221618
16 0.8 0.5 9.0 0.3876473850125848 0.0001749913258093454
16 0.8 0.5 9.5 0.3872663977540231 0.00020009773813029326
16 0.8 0.5 10.0 0.3870364411147505 0.0001850437158197197
16 0.8 0.5 10.5 0.38631648416014414 0.00022658448686810822
16 0.8 0.5 11.0 0.386163732704565 0.00021435476078765945
16 0.8 0.5 11.5 0.38625300229282117 0.00024483862819595515
16 0.8 0.5 12.0 0.38551761826474984 0.0002641277882687547
16 0.8 0.5 12.5 0.38563590247118223 0.0002684966411274883
16 0.8 0.5 13.0 0.385693579252638 0.00028058339869013206
16 0.8 0.5 13.5 0.38501696034470534 0.0003099639533491709
16 0.8 0.5 14.0 0.3849063104561077 0.0002969447171382804
16 0.8 0.5 14.5 0.38460356914488647 0.0003147369508262454
16 0.8 0.5 15.0 0.38417986121673364 0.00035389947386836465
16 0.8 0.8 0.5 0.5291061862436648 8.9699743153568e-5
16 0.8 0.8 1.0 0.5210788981782011 0.000451894511425179
16 0.8 0.8 1.5 0.4927884919118035 0.0007724680971250301
16 0.8 0.8 2.0 0.46832979781857553 0.0008305658893453083
16 0.8 0.8 2.5 0.44249937112919907 0.0007976113996707897
16 0.8 0.8 3.0 0.4250479588650214 0.0007005170151682506
16 0.8 0.8 3.5 0.4110576362674407 0.0005524904146091002
16 0.8 0.8 4.0 0.403149413986426 0.00042077136368958156
16 0.8 0.8 4.5 0.39889407495065154 0.00031549239027477507
16 0.8 0.8 5.0 0.3955511216786147 0.00026916861600084264
16 0.8 0.8 5.5 0.3931202896842149 0.00021899802578799336
16 0.8 0.8 6.0 0.39162059330275495 0.00016797124261273223
16 0.8 0.8 6.5 0.3908923288909267 0.0001559325475482881
16 0.8 0.8 7.0 0.3900178031877767 0.0001667407102982535
16 0.8 0.8 7.5 0.3895424191726624 0.0001510221745950004
16 0.8 0.8 8.0 0.3888992689751783 0.0001514821241067237
16 0.8 0.8 8.5 0.38855799723392387 0.00015528065477663614
16 0.8 0.8 9.0 0.38801897474939573 0.0001614309441582021
16 0.8 0.8 9.5 0.38737084113000114 0.0001808177254630702
16 0.8 0.8 10.0 0.38720763775665834 0.00019776632067554888
16 0.8 0.8 10.5 0.3869701629975306 0.00020510135006292799
16 0.8 0.8 11.0 0.3863242654598743 0.00022234359016867577
16 0.8 0.8 11.5 0.3859454779766212 0.0002594834022918676
16 0.8 0.8 12.0 0.3856762640114641 0.00027182636972245965
16 0.8 0.8 12.5 0.38558711030983517 0.0002696278775112292
16 0.8 0.8 13.0 0.3853345825553388 0.0002785880499385184
16 0.8 0.8 13.5 0.38467546909127226 0.0003034540739553604
16 0.8 0.8 14.0 0.38497963795606294 0.00031682453979200943
16 0.8 0.8 14.5 0.38429734749216227 0.000344750765098129
16 0.8 0.8 15.0 0.3845562325216423 0.0003300351698434199
16 0.8 1.0 0.5 0.5275296106288506 0.00014093760322694495
16 0.8 1.0 1.0 0.5162518570768346 0.0005587892081207142
16 0.8 1.0 1.5 0.4945057207605621 0.0007974869693616089
16 0.8 1.0 2.0 0.47323232004401755 0.0007656002319412303
16 0.8 1.0 2.5 0.4525332027203805 0.0007423748994512937
16 0.8 1.0 3.0 0.4348657301652048 0.0006698886078805486
16 0.8 1.0 3.5 0.4201153092752359 0.0005754599670547556
16 0.8 1.0 4.0 0.4102925918359284 0.0004896344645175979
16 0.8 1.0 4.5 0.40303154030907784 0.0003894357845771492
16 0.8 1.0 5.0 0.39804359275628554 0.0002925538862368659
16 0.8 1.0 5.5 0.3952074218437448 0.00021445852012571452
16 0.8 1.0 6.0 0.3928419429466168 0.00019013161664768171
16 0.8 1.0 6.5 0.39169487201768965 0.00018507630320091956
16 0.8 1.0 7.0 0.3907372730598255 0.0001477872494971425
16 0.8 1.0 7.5 0.38963256956499037 0.00038858470811493223
16 0.8 1.0 8.0 0.3881123304945269 0.0005423383709369196
16 0.8 1.0 8.5 0.3870765800097961 0.0006593921467292146
16 0.8 1.0 9.0 0.38645814363724384 0.0007918748746034319
16 0.8 1.0 9.5 0.38596891868853844 0.0008054788900635485
16 0.8 1.0 10.0 0.3850018759309347 0.0008498534243830207
16 0.8 1.0 10.5 0.3841577176620861 0.0008878703281648836
16 0.8 1.0 11.0 0.38083582374680197 0.0013267097548081593
16 0.8 1.0 11.5 0.3795789876312014 0.001426639692876066
16 0.8 1.0 12.0 0.3779994047641986 0.0015169621554146757
16 0.8 1.0 12.5 0.37489125873262 0.001787519953907128
16 0.8 1.0 13.0 0.37167995662283393 0.0019760824209439387
16 0.8 1.0 13.5 0.37121902066147494 0.0019720090650215396
16 0.8 1.0 14.0 0.36693789287987 0.0022174258302251437
16 0.8 1.0 14.5 0.3680876603228442 0.002123619720067448
16 0.8 1.0 15.0 0.3581682058361296 0.0026073477983160707
16 1.0 0.1 0.5 0.5201230726682258 0.00047045041471740237
16 1.0 0.1 1.0 0.5083248775069346 0.0006978765930763266
16 1.0 0.1 1.5 0.47377143402723615 0.0010076120654989513
16 1.0 0.1 2.0 0.4356977875833515 0.0010125313870498146
16 1.0 0.1 2.5 0.4138522324894993 0.000718618084619802
16 1.0 0.1 3.0 0.40318242533810295 0.0005542778808334465
16 1.0 0.1 3.5 0.3969440022001007 0.00038001569740062253
16 1.0 0.1 4.0 0.39381015429461996 0.0002592698787999063
16 1.0 0.1 4.5 0.39190449132281546 0.00019458638992928324
16 1.0 0.1 5.0 0.39054955496021143 0.0001523225643311627
16 1.0 0.1 5.5 0.38999207882043696 0.00014052185907979553
16 1.0 0.1 6.0 0.389175122026372 0.00013536934294562287
16 1.0 0.1 6.5 0.388773643101672 0.00012628365267241916
16 1.0 0.1 7.0 0.38823239041944557 0.000133624912577013
16 1.0 0.1 7.5 0.3880048206281683 0.00014005767052631429
16 1.0 0.1 8.0 0.38775500374233673 0.00015098604876122694
16 1.0 0.1 8.5 0.3875113202501423 0.00016150583721245428
16 1.0 0.1 9.0 0.3870649022133703 0.0001744141190773612
16 1.0 0.1 9.5 0.3869341274511097 0.00017550088108464034
16 1.0 0.1 10.0 0.3864742651587894 0.00019570550885626353
16 1.0 0.1 10.5 0.38649400096377196 0.00020743596590498727
16 1.0 0.1 11.0 0.3860046651525731 0.0002056926355361661
16 1.0 0.1 11.5 0.3858875533018669 0.0002566731512539286
16 1.0 0.1 12.0 0.385550751587276 0.0002596471403861198
16 1.0 0.1 12.5 0.3859944896949943 0.00025287141989530174
16 1.0 0.1 13.0 0.38548879265687475 0.00028145694707052354
16 1.0 0.1 13.5 0.3848042225022581 0.0003163787348823771
16 1.0 0.1 14.0 0.3850147578868042 0.0003090345760855963
16 1.0 0.1 14.5 0.3847263889900671 0.00031674727926756733
16 1.0 0.1 15.0 0.3845147083143514 0.00034148570938118003
16 1.0 0.3 0.5 0.5293785305787152 9.311592062755677e-5
16 1.0 0.3 1.0 0.5127182162335817 0.0005926504904633835
16 1.0 0.3 1.5 0.4752666652179112 0.001016043626765711
16 1.0 0.3 2.0 0.4378313545649807 0.00097895100526351
16 1.0 0.3 2.5 0.41561795885180763 0.0007332878203560282
16 1.0 0.3 3.0 0.40349123204563403 0.0004950280255966982
16 1.0 0.3 3.5 0.39799732153531414 0.000385815623480018
16 1.0 0.3 4.0 0.3943454277714297 0.0002455227214578996
16 1.0 0.3 4.5 0.3926843369825151 0.00021353004573715785
16 1.0 0.3 5.0 0.3911409211065786 0.0001532976997032255
16 1.0 0.3 5.5 0.39009212464134935 0.00013689642411537242
16 1.0 0.3 6.0 0.3895646548299721 0.000136598813747128
16 1.0 0.3 6.5 0.38905036886879724 0.00013347530379082844
16 1.0 0.3 7.0 0.3884466639844529 0.0001324318637838324
16 1.0 0.3 7.5 0.3883378367855956 0.00014510760582689227
16 1.0 0.3 8.0 0.38803499327595364 0.00014479956033050054
16 1.0 0.3 8.5 0.3876722574809106 0.00016968988953507035
16 1.0 0.3 9.0 0.38715227416285325 0.00017087371672192068
16 1.0 0.3 9.5 0.3868583962637441 0.00018983917761347817
16 1.0 0.3 10.0 0.38694175728640007 0.00018791598000555883
16 1.0 0.3 10.5 0.386725741635798 0.0002266263473303245
16 1.0 0.3 11.0 0.3859192063429228 0.0002431946466344505
16 1.0 0.3 11.5 0.3860787627970606 0.0002497806644765388
16 1.0 0.3 12.0 0.3852843174983323 0.00026569708150043266
16 1.0 0.3 12.5 0.38545712471700916 0.0002529650494966135
16 1.0 0.3 13.0 0.3851380176339786 0.00028252298317293055
16 1.0 0.3 13.5 0.3848374900356882 0.00033769584795363607
16 1.0 0.3 14.0 0.3847870593181816 0.0003036974309244498
16 1.0 0.3 14.5 0.3845001706675206 0.000344815286129992
16 1.0 0.3 15.0 0.3839344511751351 0.0003900708130796592
16 1.0 0.5 0.5 0.5301286041805745 8.628928092841398e-5
16 1.0 0.5 1.0 0.5222153287109064 0.0002519343595128215
16 1.0 0.5 1.5 0.4807286442955987 0.0008913249110353917
16 1.0 0.5 2.0 0.4426887824550802 0.0009306289300983365
16 1.0 0.5 2.5 0.4196265175400515 0.0007626212973995782
16 1.0 0.5 3.0 0.40654310131251026 0.0005529549031636717
16 1.0 0.5 3.5 0.3995889724144582 0.0003786823268267584
16 1.0 0.5 4.0 0.3958849804338297 0.0003140385169895065
16 1.0 0.5 4.5 0.39260478017211725 0.00020126843591742192
16 1.0 0.5 5.0 0.39145537367440825 0.00017101757084057206
16 1.0 0.5 5.5 0.3907190365364231 0.00015771786354414432
16 1.0 0.5 6.0 0.39003157518707204 0.00014356602986920067
16 1.0 0.5 6.5 0.38935047807048184 0.0001390155795395401
16 1.0 0.5 7.0 0.38881741516868007 0.00013555427517998988
16 1.0 0.5 7.5 0.38876318726528475 0.0001384450195037411
16 1.0 0.5 8.0 0.38815356304628784 0.00015461686987749935
16 1.0 0.5 8.5 0.3879211171596952 0.00014689215845340662
16 1.0 0.5 9.0 0.38711882958996396 0.00019461703535538587
16 1.0 0.5 9.5 0.387184882959355 0.00018711995393638593
16 1.0 0.5 10.0 0.38677472478556063 0.00020069045171010962
16 1.0 0.5 10.5 0.3865402270997121 0.0002164880710970306
16 1.0 0.5 11.0 0.3861335717770358 0.0002211722734653884
16 1.0 0.5 11.5 0.3856685955898849 0.00023534038088647116
16 1.0 0.5 12.0 0.3855614231416502 0.00024536946793399505
16 1.0 0.5 12.5 0.3852416816274592 0.00024676773579351314
16 1.0 0.5 13.0 0.38480589481411975 0.0002947227348953979
16 1.0 0.5 13.5 0.38444228297319727 0.0003184289335419767
16 1.0 0.5 14.0 0.3842671006785909 0.0003421432018653341
16 1.0 0.5 14.5 0.38424602728138796 0.0003477457395093749
16 1.0 0.5 15.0 0.38449794782715874 0.0003435266193729791
16 1.0 0.8 0.5 0.5292464443720593 8.52016754511093e-5
16 1.0 0.8 1.0 0.5217952379376641 0.0004096411519073378
16 1.0 0.8 1.5 0.492910277517406 0.000764029178474473
16 1.0 0.8 2.0 0.4585453034802116 0.0008370786311107577
16 1.0 0.8 2.5 0.4315746051815047 0.0007200674737488621
16 1.0 0.8 3.0 0.4147285227590738 0.0005807155106488215
16 1.0 0.8 3.5 0.4051127013453624 0.00045331592838886647
16 1.0 0.8 4.0 0.39893959710107635 0.00033547430415825934
16 1.0 0.8 4.5 0.3954994685779325 0.00027322969701039753
16 1.0 0.8 5.0 0.39309275067742416 0.00019236978013483554
16 1.0 0.8 5.5 0.391402352859735 0.00016188459496783089
16 1.0 0.8 6.0 0.39041054269717285 0.00013374683491614492
16 1.0 0.8 6.5 0.3898716977493298 0.00013479542815312588
16 1.0 0.8 7.0 0.38925131897853227 0.00013843580724980865
16 1.0 0.8 7.5 0.38868951883647684 0.00015044319042358475
16 1.0 0.8 8.0 0.3884168388131925 0.00015316138112657945
16 1.0 0.8 8.5 0.38781610264270927 0.0001628646756342545
16 1.0 0.8 9.0 0.38766079039127993 0.00016870726393637602
16 1.0 0.8 9.5 0.38715657775641116 0.00018876728080259545
16 1.0 0.8 10.0 0.3868850352640789 0.00020937702586156805
16 1.0 0.8 10.5 0.38635183670171935 0.00022069141680854156
16 1.0 0.8 11.0 0.38589431289973314 0.00021127480255553208
16 1.0 0.8 11.5 0.38589056808280586 0.000241547136641293
16 1.0 0.8 12.0 0.38544671237746453 0.00025834959325832945
16 1.0 0.8 12.5 0.385560714343437 0.0002604808513001903
16 1.0 0.8 13.0 0.3852686055963375 0.00025888736187462967
16 1.0 0.8 13.5 0.38520781511402985 0.0002738100145882971
16 1.0 0.8 14.0 0.38474654565858324 0.0003205142226081962
16 1.0 0.8 14.5 0.3844242087591914 0.0003140310612729677
16 1.0 0.8 15.0 0.38385382781018523 0.0003400257867502945
16 1.0 1.0 0.5 0.5280324970482123 0.0001337338943858303
16 1.0 1.0 1.0 0.5175790049877995 0.0005246819007113149
16 1.0 1.0 1.5 0.4957481698739105 0.0007900401527067558
16 1.0 1.0 2.0 0.46962543887054126 0.0007670045117199332
16 1.0 1.0 2.5 0.4439562575001578 0.0006913568236274572
16 1.0 1.0 3.0 0.4243876980417042 0.0006128853023230818
16 1.0 1.0 3.5 0.41167674476462396 0.0004981363967438885
16 1.0 1.0 4.0 0.4036955426621182 0.0003815164356200204
16 1.0 1.0 4.5 0.39781838900522554 0.0002551812506143194
16 1.0 1.0 5.0 0.395114976276921 0.00021809924834718418
16 1.0 1.0 5.5 0.3925979769975827 0.00017385027443521029
16 1.0 1.0 6.0 0.39144405445203967 0.00015722728915052434
16 1.0 1.0 6.5 0.39027883390655804 0.0001404226034403142
16 1.0 1.0 7.0 0.3896927251741888 0.00015433228109274397
16 1.0 1.0 7.5 0.389357634831595 0.00015275348708165568
16 1.0 1.0 8.0 0.3884570114163764 0.0002218159742331519
16 1.0 1.0 8.5 0.38763629081670326 0.00037301632896959884
16 1.0 1.0 9.0 0.3865229511046776 0.0006910475859226612
16 1.0 1.0 9.5 0.3860874535052155 0.0006559799404250393
16 1.0 1.0 10.0 0.38576833048831566 0.0006585955966289895
16 1.0 1.0 10.5 0.3837199829214944 0.0009683575716408134
16 1.0 1.0 11.0 0.3814770765554192 0.001139408645302391
16 1.0 1.0 11.5 0.3797166008257364 0.0013637315280347559
16 1.0 1.0 12.0 0.37694691420719306 0.0015968186580533773
16 1.0 1.0 12.5 0.3713094229487148 0.00198659613196965
16 1.0 1.0 13.0 0.3698012863945075 0.002104616127615797
16 1.0 1.0 13.5 0.37076084426263456 0.0020074924866039846
16 1.0 1.0 14.0 0.3699987979418349 0.002095624774544541
16 1.0 1.0 14.5 0.3659329824850069 0.002334183938366101
16 1.0 1.0 15.0 0.3645270362388303 0.0022363130561036883
14 0.5 0.1 0.5 0.5300032952175732 0.00016746623130571505
14 0.5 0.1 1.0 0.5270130816836297 0.00020111658918496938
14 0.5 0.1 1.5 0.5000955699533551 0.0007483019574206419
14 0.5 0.1 2.0 0.46477589535737523 0.0009248682454445725
14 0.5 0.1 2.5 0.44257904510459634 0.0008817335606775709
14 0.5 0.1 3.0 0.42672350288348 0.0007319694542533498
14 0.5 0.1 3.5 0.4168357582086918 0.000658971883514341
14 0.5 0.1 4.0 0.41010412348111086 0.0005350333691450472
14 0.5 0.1 4.5 0.4046658700317088 0.0004772537272785743
14 0.5 0.1 5.0 0.40054529965366514 0.00039685782844790584
14 0.5 0.1 5.5 0.39850392357256964 0.0004003007470807188
14 0.5 0.1 6.0 0.39596530836432103 0.000332100336365931
14 0.5 0.1 6.5 0.39442501884880193 0.00029205046312756475
14 0.5 0.1 7.0 0.39289550992464795 0.0003185758395821779
14 0.5 0.1 7.5 0.39174582751780557 0.0003163685149161369
14 0.5 0.1 8.0 0.3903661504279893 0.000328982961315877
14 0.5 0.1 8.5 0.38904167317467436 0.0003595509594308354
14 0.5 0.1 9.0 0.38826926469775846 0.0003744650342579501
14 0.5 0.1 9.5 0.3871010743365985 0.0003736576392034601
14 0.5 0.1 10.0 0.3863000401484946 0.00038594920179484295
14 0.5 0.1 10.5 0.3863426591431597 0.00038000182353240284
14 0.5 0.1 11.0 0.3843649513143208 0.00039692642891540425
14 0.5 0.1 11.5 0.38430107563011057 0.0004375404193854109
14 0.5 0.1 12.0 0.38318199809188824 0.0004542569962615519
14 0.5 0.1 12.5 0.3831783981966142 0.0004822624745064508
14 0.5 0.1 13.0 0.382790874100828 0.0004999156121081464
14 0.5 0.1 13.5 0.3827725011657874 0.00047489609220308245
14 0.5 0.1 14.0 0.3818438541666452 0.000538893436506312
14 0.5 0.1 14.5 0.3812169351333867 0.0005491286175664396
14 0.5 0.1 15.0 0.38054388632277625 0.000577843962720552
14 0.5 0.3 0.5 0.529768080860031 0.0001625363504690566
14 0.5 0.3 1.0 0.5270648309949755 0.00022846144695034154
14 0.5 0.3 1.5 0.49968831296346305 0.0007733874299120585
14 0.5 0.3 2.0 0.46742809826345816 0.0009028159799915394
14 0.5 0.3 2.5 0.4440629760073349 0.0008206839727755317
14 0.5 0.3 3.0 0.4296234501999497 0.0007612535568797131
14 0.5 0.3 3.5 0.4189793086670331 0.0006522219753698533
14 0.5 0.3 4.0 0.4120575561334017 0.0005585890761077883
14 0.5 0.3 4.5 0.40581496578082066 0.000468655040598509
14 0.5 0.3 5.0 0.4028344757005035 0.0004510745361268251
14 0.5 0.3 5.5 0.3994762558281198 0.00036894453903083636
14 0.5 0.3 6.0 0.3971500883534189 0.0003346072384067237
14 0.5 0.3 6.5 0.39459525311072285 0.0003217266324247351
14 0.5 0.3 7.0 0.393246894257957 0.00032596653354241095
14 0.5 0.3 7.5 0.3915627730468529 0.00032287538572149194
14 0.5 0.3 8.0 0.3904589802360406 0.00031871928623873754
14 0.5 0.3 8.5 0.3894218683271184 0.00031982917816063456
14 0.5 0.3 9.0 0.3883425767364607 0.0003404156621068996
14 0.5 0.3 9.5 0.387142234814815 0.0003701438931676278
14 0.5 0.3 10.0 0.38704597329403406 0.00036246192587015616
14 0.5 0.3 10.5 0.3863360032297266 0.000393095449876071
14 0.5 0.3 11.0 0.3848023711647824 0.00043773230591901595
14 0.5 0.3 11.5 0.3842813065383717 0.0004327446847586325
14 0.5 0.3 12.0 0.38347364222591873 0.00044807216436059153
14 0.5 0.3 12.5 0.3833211758591356 0.00046487453059105335
14 0.5 0.3 13.0 0.3827515994941169 0.0004904666595421213
14 0.5 0.3 13.5 0.382818310522563 0.0005149180192389668
14 0.5 0.3 14.0 0.38220606667488927 0.0005100527968031715
14 0.5 0.3 14.5 0.38111644429554487 0.0005655056964394658
14 0.5 0.3 15.0 0.38152656548134306 0.000534450759293513
14 0.5 0.5 0.5 0.5293382960177203 0.00016196734587078018
14 0.5 0.5 1.0 0.5213979579505665 0.0003946905634515082
14 0.5 0.5 1.5 0.4938248959406711 0.0007697565417097111
14 0.5 0.5 2.0 0.4691901540738504 0.0008522337885871699
14 0.5 0.5 2.5 0.44976443103068714 0.0008143255763036056
14 0.5 0.5 3.0 0.43331612791625373 0.0007860590672111705
14 0.5 0.5 3.5 0.4233059110103181 0.0006790975938483853
14 0.5 0.5 4.0 0.4148016583987893 0.0005774577388026933
14 0.5 0.5 4.5 0.40839505390157327 0.0005034071191616408
14 0.5 0.5 5.0 0.404226791679093 0.00043369185245671193
14 0.5 0.5 5.5 0.4010813248587427 0.00040074772874769627
14 0.5 0.5 6.0 0.39814389170474157 0.0003569991449943841
14 0.5 0.5 6.5 0.3961638258255133 0.00034208894476534267
14 0.5 0.5 7.0 0.39444564011766264 0.0003272442311752153
14 0.5 0.5 7.5 0.392529793959724 0.00032900937013793566
14 0.5 0.5 8.0 0.39174659045557 0.00032407860573853046
14 0.5 0.5 8.5 0.3901073889274901 0.0003123281858766642
14 0.5 0.5 9.0 0.3891873648679229 0.00034708049161677587
14 0.5 0.5 9.5 0.3877350270746827 0.00034378748856953923
14 0.5 0.5 10.0 0.38700916174032596 0.00037018273509047643
14 0.5 0.5 10.5 0.38684917799986235 0.0003835694126112205
14 0.5 0.5 11.0 0.38510384529887115 0.0004068300480515811
14 0.5 0.5 11.5 0.3849141189508528 0.00043380590174522954
14 0.5 0.5 12.0 0.38459158388472575 0.00045001407120538414
14 0.5 0.5 12.5 0.3838188206481343 0.000463234377731303
14 0.5 0.5 13.0 0.3834230782630719 0.0004891019576425403
14 0.5 0.5 13.5 0.38346471017094363 0.0005241651547290209
14 0.5 0.5 14.0 0.3826109526548646 0.00048543060860202557
14 0.5 0.5 14.5 0.3812104587563617 0.0005758325309227695
14 0.5 0.5 15.0 0.38148209533662325 0.0005299471819098299
14 0.5 0.8 0.5 0.5266447752517199 0.00017589212667612524
14 0.5 0.8 1.0 0.5111951790329502 0.0006386525618788599
14 0.5 0.8 1.5 0.4877343274863514 0.0007946388586499917
14 0.5 0.8 2.0 0.4725128957261301 0.0007535491965130205
14 0.5 0.8 2.5 0.4581106317163763 0.0007727593442849772
14 0.5 0.8 3.0 0.4451200386672146 0.0007398933032756412
14 0.5 0.8 3.5 0.43096411702930454 0.00067268308195582
14 0.5 0.8 4.0 0.4211108507973437 0.0005871569555081489
14 0.5 0.8 4.5 0.4141887095600875 0.0005346486949825285
14 0.5 0.8 5.0 0.40847488927855713 0.000490682231100517
14 0.5 0.8 5.5 0.40397042076356876 0.0004095810261850097
14 0.5 0.8 6.0 0.3998777942438669 0.00038639772482993763
14 0.5 0.8 6.5 0.39789756996391734 0.0003643118375812473
14 0.5 0.8 7.0 0.3951731957334627 0.0003375242212566479
14 0.5 0.8 7.5 0.3930698079684069 0.00034253739747180896
14 0.5 0.8 8.0 0.3923320077152616 0.0003197744838105517
14 0.5 0.8 8.5 0.39071969222301794 0.00034732389011121436
14 0.5 0.8 9.0 0.3896685666417801 0.000334912686351303
14 0.5 0.8 9.5 0.38833375823343497 0.00036269287316706287
14 0.5 0.8 10.0 0.38720569626520474 0.0003815984727746048
14 0.5 0.8 10.5 0.38680155050047577 0.0003756049072580762
14 0.5 0.8 11.0 0.3862476694296207 0.00038825509843170295
14 0.5 0.8 11.5 0.385327784602143 0.0004020510141194789
14 0.5 0.8 12.0 0.3848141130390504 0.00045345805884599303
14 0.5 0.8 12.5 0.38397174707550913 0.0004551534836134316
14 0.5 0.8 13.0 0.3830188089816235 0.0004854470615995942
14 0.5 0.8 13.5 0.3829876826684296 0.0004692723360043358
14 0.5 0.8 14.0 0.382364752839694 0.0004925782092960322
14 0.5 0.8 14.5 0.38261411498892833 0.0005160885346097083
14 0.5 0.8 15.0 0.3814591770815153 0.0005251340591146351
14 0.5 1.0 0.5 0.5216595677144867 0.0002797447684444171
14 0.5 1.0 1.0 0.5075451267821832 0.0006932835923724159
14 0.5 1.0 1.5 0.48889198182285964 0.0007862681786863308
14 0.5 1.0 2.0 0.4749035570096395 0.000765686201329287
14 0.5 1.0 2.5 0.46203460080049225 0.0007149246378619161
14 0.5 1.0 3.0 0.4502362756791769 0.0006867041866297101
14 0.5 1.0 3.5 0.43879619601604264 0.000652645733573434
14 0.5 1.0 4.0 0.4284888301612623 0.0006101649870760801
14 0.5 1.0 4.5 0.4199245409998578 0.0005473153570907214
14 0.5 1.0 5.0 0.4129954014502798 0.000513074990401546
14 0.5 1.0 5.5 0.40674264521245196 0.0005579524590727961
14 0.5 1.0 6.0 0.402584832842945 0.0004073187363008663
14 0.5 1.0 6.5 0.39956760241816025 0.00045603636212486487
14 0.5 1.0 7.0 0.397163225817914 0.0004514237666827551
14 0.5 1.0 7.5 0.3942608050389333 0.0004481195747141185
14 0.5 1.0 8.0 0.39286498235264306 0.0004759024232947721
14 0.5 1.0 8.5 0.39076870949615977 0.0006230980478825174
14 0.5 1.0 9.0 0.3886839617049153 0.000730614666274296
14 0.5 1.0 9.5 0.3878369927630321 0.0007353010918773837
14 0.5 1.0 10.0 0.3854084918809204 0.0008441726107169323
14 0.5 1.0 10.5 0.38425240914771475 0.0009687922351205888
14 0.5 1.0 11.0 0.382882030480844 0.0009780925055524058
14 0.5 1.0 11.5 0.3799613905315557 0.0012639865630630022
14 0.5 1.0 12.0 0.37757753210465045 0.001528538120315226
14 0.5 1.0 12.5 0.37721871952105646 0.0014795130974661471
14 0.5 1.0 13.0 0.37313654047876915 0.0017698746801881372
14 0.5 1.0 13.5 0.37202688461662864 0.0017098701591013316
14 0.5 1.0 14.0 0.3718196367647786 0.0017366822115434017
14 0.5 1.0 14.5 0.36795791043710024 0.0019637242698695204
14 0.5 1.0 15.0 0.3654910806750463 0.002008663944049926
12 0.5 0.1 0.5 0.5295711963675941 0.0003161487602234009
12 0.5 0.1 1.0 0.5232580121884097 0.0003878958415236352
12 0.5 0.1 1.5 0.4951308627157418 0.0007977055057015426
12 0.5 0.1 2.0 0.46626202720247173 0.0009052839982416442
12 0.5 0.1 2.5 0.4476831394231047 0.00084331519688422
12 0.5 0.1 3.0 0.43386796630674096 0.0007940659396463562
12 0.5 0.1 3.5 0.42550639314002625 0.0007206275549140609
12 0.5 0.1 4.0 0.4181995878825767 0.0006524015848010019
12 0.5 0.1 4.5 0.4114200140201005 0.0006152549505019944
12 0.5 0.1 5.0 0.40658820412579144 0.0005926889449232014
12 0.5 0.1 5.5 0.4036996550405085 0.0005613125846156237
12 0.5 0.1 6.0 0.39947187141588136 0.0005835095763611242
12 0.5 0.1 6.5 0.39649431792555867 0.0005750423517008795
12 0.5 0.1 7.0 0.39510769966554327 0.00057040306201014
12 0.5 0.1 7.5 0.39164510922986967 0.0005928614920467214
12 0.5 0.1 8.0 0.3892213964916624 0.0006246672852740867
12 0.5 0.1 8.5 0.3880493168772815 0.0005981616154768141
12 0.5 0.1 9.0 0.386043868384708 0.0006145840288788047
12 0.5 0.1 9.5 0.38477383365115386 0.0006423871480351945
12 0.5 0.1 10.0 0.3833033160943985 0.0006614314417593093
12 0.5 0.1 10.5 0.3820764583715968 0.0007048248361625884
12 0.5 0.1 11.0 0.38118513264125614 0.0006846407527082658
12 0.5 0.1 11.5 0.38022632703105447 0.0007357565772243253
12 0.5 0.1 12.0 0.37966867754105144 0.0007535819357491322
12 0.5 0.1 12.5 0.378437040031694 0.000775092921125046
12 0.5 0.1 13.0 0.37786455036314087 0.0008413781748020219
12 0.5 0.1 13.5 0.37685966908906765 0.0008235863513500927
12 0.5 0.1 14.0 0.3772959714539063 0.0008161532068260787
12 0.5 0.1 14.5 0.37542280233207037 0.0008352253355320228
12 0.5 0.1 15.0 0.37371629813640383 0.0009135418366910294
12 0.5 0.3 0.5 0.5276580181599035 0.0003201116555808364
12 0.5 0.3 1.0 0.5219035845574742 0.0004321920239395531
12 0.5 0.3 1.5 0.49388894402320577 0.0007785154667668366
12 0.5 0.3 2.0 0.46685987935518325 0.0008614020140617461
12 0.5 0.3 2.5 0.4494422600850925 0.0008359647604238143
12 0.5 0.3 3.0 0.43798151796373247 0.0008257211034223889
12 0.5 0.3 3.5 0.4266306712089161 0.0007372935438818766
12 0.5 0.3 4.0 0.4211410920582649 0.0007155902210950951
12 0.5 0.3 4.5 0.4153755489869592 0.0006393362084577091
12 0.5 0.3 5.0 0.4093298849911222 0.0006283814956269994
12 0.5 0.3 5.5 0.4035734166790364 0.0005769272487983618
12 0.5 0.3 6.0 0.40150572705024473 0.0005891158503914419
12 0.5 0.3 6.5 0.39725806424563015 0.0005753680162102876
12 0.5 0.3 7.0 0.39400631087372306 0.0005944909710186954
12 0.5 0.3 7.5 0.3934029600697244 0.0005493240925644091
12 0.5 0.3 8.0 0.3893243694892904 0.0006068581904737325
12 0.5 0.3 8.5 0.38766187549888054 0.0005828386080416689
12 0.5 0.3 9.0 0.3870147178991244 0.0006164642203340493
12 0.5 0.3 9.5 0.3849585049410176 0.0006520607063327552
12 0.5 0.3 10.0 0.3829637710461663 0.0006653830914620033
12 0.5 0.3 10.5 0.38272928540799694 0.0006992429315962388
12 0.5 0.3 11.0 0.3814832259551 0.0007252486339305959
12 0.5 0.3 11.5 0.38031947142078715 0.0007071606209265613
12 0.5 0.3 12.0 0.3794256221257782 0.0007735150389764761
12 0.5 0.3 12.5 0.37863940920497413 0.0007197301350640551
12 0.5 0.3 13.0 0.3774336572475233 0.0007791967642189647
12 0.5 0.3 13.5 0.3744545989819819 0.0008546086536741039
12 0.5 0.3 14.0 0.37658950377183564 0.0007956549047826023
12 0.5 0.3 14.5 0.3748782173280577 0.0008797878811932603
12 0.5 0.3 15.0 0.37589184140607695 0.0008148772770629475
12 0.5 0.5 0.5 0.5264753144015644 0.0003084637815563367
12 0.5 0.5 1.0 0.5136335080109055 0.0005702668612720272
12 0.5 0.5 1.5 0.49007158280447405 0.0007668618953015356
12 0.5 0.5 2.0 0.47088588489190913 0.0008271849809219275
12 0.5 0.5 2.5 0.4541390254769177 0.0007879566237932155
12 0.5 0.5 3.0 0.44114593705447264 0.0008009608652749789
12 0.5 0.5 3.5 0.4298809796539497 0.0007207521378394466
12 0.5 0.5 4.0 0.42136831464768776 0.0006866587408295405
12 0.5 0.5 4.5 0.4166875525504317 0.0006297965955875021
12 0.5 0.5 5.0 0.41006186820480345 0.0006116512068190371
12 0.5 0.5 5.5 0.4076468060278495 0.000618930741274336
12 0.5 0.5 6.0 0.4019785990650509 0.0005703765247560476
12 0.5 0.5 6.5 0.39838111968739426 0.0005984007881925901
12 0.5 0.5 7.0 0.3954384787266828 0.0005825840836797797
12 0.5 0.5 7.5 0.3934114206911744 0.0006040254657717342
12 0.5 0.5 8.0 0.3912330172012229 0.0005806759362906794
12 0.5 0.5 8.5 0.388292407315412 0.0006076941823864405
12 0.5 0.5 9.0 0.38713337940238945 0.0006272991165967468
12 0.5 0.5 9.5 0.38482388182620536 0.0006671538643100064
12 0.5 0.5 10.0 0.3837510690371908 0.0006307205353010721
12 0.5 0.5 10.5 0.38200052087105857 0.0007025004155281515
12 0.5 0.5 11.0 0.38202553969891406 0.000675491394238715
12 0.5 0.5 11.5 0.38068873702578476 0.000731082514469987
12 0.5 0.5 12.0 0.37957069167505136 0.0007290055800551635
12 0.5 0.5 12.5 0.37862775950873895 0.000730644293024678
12 0.5 0.5 13.0 0.3768275976309445 0.000825690179585517
12 0.5 0.5 13.5 0.37698718569884865 0.0007816068567104706
12 0.5 0.5 14.0 0.3750210491874893 0.0008774027982899705
12 0.5 0.5 14.5 0.3754905396885024 0.0008099546514521936
12 0.5 0.5 15.0 0.3749211979969287 0.0008575458202528082
12 0.5 0.8 0.5 0.521010280862571 0.0003410797032365925
12 0.5 0.8 1.0 0.5055619242137871 0.0007237140371876939
12 0.5 0.8 1.5 0.48473486071984484 0.0007439417170815126
12 0.5 0.8 2.0 0.4729297922015524 0.0007476670304162352
12 0.5 0.8 2.5 0.46103187881974544 0.0007424104165923267
12 0.5 0.8 3.0 0.449853492862272 0.0007455663949790604
12 0.5 0.8 3.5 0.43936544621554935 0.0007011452406575486
12 0.5 0.8 4.0 0.4295422037201293 0.0006869706616994167
12 0.5 0.8 4.5 0.4217458732390679 0.0006920756665643023
12 0.5 0.8 5.0 0.4147388464921087 0.0006390330049805537
12 0.5 0.8 5.5 0.40899073846914985 0.0006036947633106071
12 0.5 0.8 6.0 0.404594185624849 0.0006343826274431515
12 0.5 0.8 6.5 0.40081602865797006 0.0005817768320714163
12 0.5 0.8 7.0 0.3977099567872017 0.0006265238634135153
12 0.5 0.8 7.5 0.394267511621067 0.000564727666219398
12 0.5 0.8 8.0 0.3922473156261109 0.0006506459963424055
12 0.5 0.8 8.5 0.39057173226023506 0.0006243514680042012
12 0.5 0.8 9.0 0.38785156027694434 0.0006009043421770397
12 0.5 0.8 9.5 0.38610901833882033 0.0006186017243634793
12 0.5 0.8 10.0 0.38422379378751575 0.0006789647133435746
12 0.5 0.8 10.5 0.38392586621439195 0.0006507672896979673
12 0.5 0.8 11.0 0.3824478767220714 0.0006806316857627244
12 0.5 0.8 11.5 0.3814412653250486 0.0006746537219503598
12 0.5 0.8 12.0 0.3798131343303362 0.0007003103015914549
12 0.5 0.8 12.5 0.3797964439134384 0.0007133743064619978
12 0.5 0.8 13.0 0.37802182408987284 0.0007640959694974502
12 0.5 0.8 13.5 0.37679156117020945 0.0007763985865301121
12 0.5 0.8 14.0 0.37684505879972363 0.0007944111452217193
12 0.5 0.8 14.5 0.37561411743951695 0.0008530649581194301
12 0.5 0.8 15.0 0.37460593211095056 0.0008546652484257419
12 0.5 1.0 0.5 0.5140132977751369 0.00043403007774296437
12 0.5 1.0 1.0 0.5023066428625906 0.0007592829256672247
12 0.5 1.0 1.5 0.4847632371726569 0.0008241409139090486
12 0.5 1.0 2.0 0.47246003801908876 0.0007664846192874355
12 0.5 1.0 2.5 0.4634399057377207 0.0007358989587006556
12 0.5 1.0 3.0 0.4552966785681072 0.0007128128234235838
12 0.5 1.0 3.5 0.4442786631689644 0.0006880763890134426
12 0.5 1.0 4.0 0.43568855005212764 0.0007229272469854077
12 0.5 1.0 4.5 0.42750366667091094 0.0006752289567919365
12 0.5 1.0 5.0 0.41985114883105423 0.0006358813970898879
12 0.5 1.0 5.5 0.41342140134312744 0.0006546465665522955
12 0.5 1.0 6.0 0.40819402018303913 0.0006109393504660083
12 0.5 1.0 6.5 0.40398407063552483 0.000597614272932138
12 0.5 1.0 7.0 0.39967002623125436 0.0005978836606734557
12 0.5 1.0 7.5 0.39644061188226465 0.0006366583353846732
12 0.5 1.0 8.0 0.3929438831645479 0.0005952414004248195
12 0.5 1.0 8.5 0.3907065276508604 0.0006269604682032086
12 0.5 1.0 9.0 0.38891085728231684 0.0006972770908424386
12 0.5 1.0 9.5 0.385504718109932 0.0009967007686643903
12 0.5 1.0 10.0 0.3844632831041035 0.0009048150295500874
12 0.5 1.0 10.5 0.3820216653467293 0.0009957310176928458
12 0.5 1.0 11.0 0.38010357868904254 0.0010329097876601832
12 0.5 1.0 11.5 0.3791026743935323 0.0010516828912255488
12 0.5 1.0 12.0 0.37784104674962343 0.0010731205421609259
12 0.5 1.0 12.5 0.37415449512216364 0.0013426650981633312
12 0.5 1.0 13.0 0.3734117721391365 0.0013160386299159903
12 0.5 1.0 13.5 0.3701675137912688 0.0015230710416983951
12 0.5 1.0 14.0 0.36490841058913015 0.0017250305148759101
12 0.5 1.0 14.5 0.3668306424157835 0.0016461780200611332
12 0.5 1.0 15.0 0.3622457044187479 0.0019148359051652576
10 0.1 0.1 0.5 0.5013822101060674 0.000719499051721624
10 0.1 0.1 1.0 0.5059754197414409 0.0006784774835473101
10 0.1 0.1 1.5 0.4893654418987404 0.0007469454483720916
10 0.1 0.1 2.0 0.478938894991101 0.0007498320522340335
10 0.1 0.1 2.5 0.47411731428345966 0.000801967320807553
10 0.1 0.1 3.0 0.46730927932399396 0.000873786018755437
10 0.1 0.1 3.5 0.45887270860442303 0.0009594535331551297
10 0.1 0.1 4.0 0.4511939070993233 0.0010650311465159848
10 0.1 0.1 4.5 0.4425114417668525 0.0011523560545869521
10 0.1 0.1 5.0 0.4335364555034199 0.0011709138617297056
10 0.1 0.1 5.5 0.4242402025572851 0.001203125613407666
10 0.1 0.1 6.0 0.420619489051635 0.0012484443382570452
10 0.1 0.1 6.5 0.41091465266541627 0.001253115692508301
10 0.1 0.1 7.0 0.4012007732418844 0.0013059909107204872
10 0.1 0.1 7.5 0.3981721548429947 0.0012778069683258059
10 0.1 0.1 8.0 0.390804288761885 0.0013191371091079227
10 0.1 0.1 8.5 0.3870420191648894 0.0012840309524569484
10 0.1 0.1 9.0 0.38256210653486805 0.0013011219010662953
10 0.1 0.1 9.5 0.3793448157003594 0.0012587841576401529
10 0.1 0.1 10.0 0.37377517881466504 0.001302630662635224
10 0.1 0.1 10.5 0.37292786453059407 0.0013613599183386607
10 0.1 0.1 11.0 0.36769735932722236 0.0012968592566073053
10 0.1 0.1 11.5 0.36538013018047893 0.0013027964390767395
10 0.1 0.1 12.0 0.3656125673391804 0.0013030750369112676
10 0.1 0.1 12.5 0.36471897892125266 0.0013184668459161422
10 0.1 0.1 13.0 0.35886395917355285 0.0013280324603836679
10 0.1 0.1 13.5 0.35864878536719547 0.001277380744844494
10 0.1 0.1 14.0 0.3580389510331716 0.001254929542553079
10 0.1 0.1 14.5 0.3558368445702047 0.0013110120839800764
10 0.1 0.1 15.0 0.3557618901030205 0.0013180207139548627
10 0.1 0.3 0.5 0.50366146577711 0.000640858089856663
10 0.1 0.3 1.0 0.49440621136219354 0.0007402299069253415
10 0.1 0.3 1.5 0.48478392873779275 0.0008129961245043211
10 0.1 0.3 2.0 0.4790898287752089 0.000795925189279931
10 0.1 0.3 2.5 0.4755561539472863 0.0007855711685944836
10 0.1 0.3 3.0 0.4691763242995339 0.0008697624936889905
10 0.1 0.3 3.5 0.4612442964383486 0.0009241186997043557
10 0.1 0.3 4.0 0.45479411826954713 0.0010361723860247455
10 0.1 0.3 4.5 0.44413535072953175 0.0010960233872159132
10 0.1 0.3 5.0 0.4356576931263814 0.001116514781719418
10 0.1 0.3 5.5 0.4283044080327966 0.0012364257189918942
10 0.1 0.3 6.0 0.4175446706378419 0.0012647069679511532
10 0.1 0.3 6.5 0.4125565274030065 0.0013093156920325354
10 0.1 0.3 7.0 0.40487184815960625 0.0013138126130406904
10 0.1 0.3 7.5 0.39868288133380203 0.001317029784534295
10 0.1 0.3 8.0 0.3950625364918976 0.0013411667350403346
10 0.1 0.3 8.5 0.3873509135425294 0.001263758567745115
10 0.1 0.3 9.0 0.38400790340366986 0.0013109423969034745
10 0.1 0.3 9.5 0.38070175017330093 0.001314832282663144
10 0.1 0.3 10.0 0.3792158825261605 0.0012694598894150003
10 0.1 0.3 10.5 0.3731237175979341 0.001309725966626692
10 0.1 0.3 11.0 0.37199829989716854 0.001286419914551091
10 0.1 0.3 11.5 0.367390956718751 0.0012822343923214673
10 0.1 0.3 12.0 0.3645123180081445 0.00128493937675582
10 0.1 0.3 12.5 0.36352661836626543 0.0012848820382237492
10 0.1 0.3 13.0 0.36190547616411983 0.0013036717582856532
10 0.1 0.3 13.5 0.3598692086461152 0.0012776235532147573
10 0.1 0.3 14.0 0.3604278488301579 0.0012726180105808278
10 0.1 0.3 14.5 0.35704622265759656 0.0013043951136722347
10 0.1 0.3 15.0 0.35477611306601553 0.0012710356248825955
10 0.1 0.5 0.5 0.5040947175174753 0.0006621728048824173
10 0.1 0.5 1.0 0.48299527004536597 0.0008283880287316369
10 0.1 0.5 1.5 0.4732244173543597 0.0008286833606468976
10 0.1 0.5 2.0 0.47329803873175397 0.0008108854231433513
10 0.1 0.5 2.5 0.4734714485789275 0.0008264753324545331
10 0.1 0.5 3.0 0.4706323987859607 0.0008027885697760928
10 0.1 0.5 3.5 0.4635488248398223 0.0008999143615019346
10 0.1 0.5 4.0 0.4555335509276032 0.0010015201511185045
10 0.1 0.5 4.5 0.44919544816438245 0.0010720647302583635
10 0.1 0.5 5.0 0.43848616211695046 0.0011638861325210669
10 0.1 0.5 5.5 0.4316208204188693 0.001211726892279457
10 0.1 0.5 6.0 0.4216159212392998 0.0012139374866326977
10 0.1 0.5 6.5 0.4152803406123436 0.0012413390840992301
10 0.1 0.5 7.0 0.40607133436773696 0.0012096564461412448
10 0.1 0.5 7.5 0.4029817421486458 0.0013114981544202976
10 0.1 0.5 8.0 0.394795864182399 0.001323886934827639
10 0.1 0.5 8.5 0.39179652602432413 0.0012671064967683873
10 0.1 0.5 9.0 0.3869729595727997 0.00136677329540254
10 0.1 0.5 9.5 0.38322366319291534 0.0013074939572770019
10 0.1 0.5 10.0 0.37668541895653385 0.001304833947540622
10 0.1 0.5 10.5 0.3744480264737735 0.0013010953646207756
10 0.1 0.5 11.0 0.3722387501274713 0.0013115646746853671
10 0.1 0.5 11.5 0.36933903979920735 0.0012221039568893436
10 0.1 0.5 12.0 0.3692022175475969 0.0012540623176863375
10 0.1 0.5 12.5 0.36465755494041596 0.0012984102342284932
10 0.1 0.5 13.0 0.3618649064458983 0.0012811702114311917
10 0.1 0.5 13.5 0.3609033489757804 0.0013031668402195096
10 0.1 0.5 14.0 0.36023429187152445 0.0012440278360397246
10 0.1 0.5 14.5 0.358971862382739 0.0013514347429407518
10 0.1 0.5 15.0 0.35718889702992673 0.0013262888603203312
10 0.1 0.8 0.5 0.4896107851658645 0.0007679289961279746
10 0.1 0.8 1.0 0.4747042630202833 0.0009097386978058942
10 0.1 0.8 1.5 0.4618155913259929 0.000830073677224681
10 0.1 0.8 2.0 0.4604850495253595 0.0008200084685490102
10 0.1 0.8 2.5 0.46370363253639607 0.000825180841646952
10 0.1 0.8 3.0 0.46485255138663384 0.0008315558442652906
10 0.1 0.8 3.5 0.46293309372990904 0.0008943822149500829
10 0.1 0.8 4.0 0.45881477794375175 0.0009414593564015213
10 0.1 0.8 4.5 0.45130506163824463 0.0010558315127795841
10 0.1 0.8 5.0 0.44368701998048493 0.0011134631512446458
10 0.1 0.8 5.5 0.4363622660300917 0.0011444235291268503
10 0.1 0.8 6.0 0.428977058788204 0.0011776865931811351
10 0.1 0.8 6.5 0.42040457290885447 0.0012111135476821305
10 0.1 0.8 7.0 0.4126261912038453 0.0012425008353082235
10 0.1 0.8 7.5 0.4054042094649925 0.0012919675047798405
10 0.1 0.8 8.0 0.3983463580859184 0.00130800669430642
10 0.1 0.8 8.5 0.3950875302112681 0.001260712819834481
10 0.1 0.8 9.0 0.3887518335861683 0.0013338663621594523
10 0.1 0.8 9.5 0.3825349179127513 0.0013058333654376918
10 0.1 0.8 10.0 0.38098133628198844 0.0012706943348896537
10 0.1 0.8 10.5 0.37797107553669096 0.0013153238771415345
10 0.1 0.8 11.0 0.3756351000316246 0.0012394005234708499
10 0.1 0.8 11.5 0.37296102087674726 0.0012686606491828494
10 0.1 0.8 12.0 0.3705458702980685 0.0012437335368866492
10 0.1 0.8 12.5 0.3677691046132249 0.0012215295031706732
10 0.1 0.8 13.0 0.3641289103372259 0.0012957923703539125
10 0.1 0.8 13.5 0.364277721713203 0.001287522131584078
10 0.1 0.8 14.0 0.3609983342202142 0.0012671898664629653
10 0.1 0.8 14.5 0.36012644856497406 0.001271239107065974
10 0.1 0.8 15.0 0.35802376881421916 0.0013260068890229904
10 0.1 1.0 0.5 0.4784470499411933 0.000804260654078282
10 0.1 1.0 1.0 0.46940610968318636 0.0009479095672059967
10 0.1 1.0 1.5 0.4613768334669912 0.0008971433397186846
10 0.1 1.0 2.0 0.45534627889353196 0.0008458732792532746
10 0.1 1.0 2.5 0.457607179559278 0.0008028827828775972
10 0.1 1.0 3.0 0.4610855939007639 0.0008221839818310754
10 0.1 1.0 3.5 0.4604903215001069 0.000830727495444105
10 0.1 1.0 4.0 0.45709802451695514 0.0008861961746601159
10 0.1 1.0 4.5 0.45292091227394066 0.0009360426281996873
10 0.1 1.0 5.0 0.4470772763829795 0.001068410037112247
10 0.1 1.0 5.5 0.43904033103267887 0.0011035296162000229
10 0.1 1.0 6.0 0.43218826759623324 0.0011604863902188475
10 0.1 1.0 6.5 0.42530898409342516 0.0011880379911663262
10 0.1 1.0 7.0 0.4190437229124824 0.0012267626034688534
10 0.1 1.0 7.5 0.41058816031061185 0.0012650629489809658
10 0.1 1.0 8.0 0.40480380262149435 0.001266222714101597
10 0.1 1.0 8.5 0.3988298193937445 0.0012685026058456856
10 0.1 1.0 9.0 0.39279600617222993 0.0013066866880633026
10 0.1 1.0 9.5 0.38802313131499344 0.0013464443803416814
10 0.1 1.0 10.0 0.38535681168153474 0.0012990607730588302
10 0.1 1.0 10.5 0.3798531375616145 0.0014088877794432076
10 0.1 1.0 11.0 0.37517516825376723 0.0013813379288643882
10 0.1 1.0 11.5 0.3689713866448265 0.0015364489843936785
10 0.1 1.0 12.0 0.36565839677978856 0.0016247459028846953
10 0.1 1.0 12.5 0.36293723516461407 0.0015259954611879245
10 0.1 1.0 13.0 0.36230451079044373 0.0015428911981468052
10 0.1 1.0 13.5 0.35816212963829286 0.0016752098183176565
10 0.1 1.0 14.0 0.3546271023386418 0.0016800504338553457
10 0.1 1.0 14.5 0.35233289079235686 0.0018365006695232357
10 0.1 1.0 15.0 0.3493526952459168 0.0017774291379163937
10 0.3 0.1 0.5 0.5273923579664797 0.0006219247926637385
10 0.3 0.1 1.0 0.5219596102967906 0.000639669264124315
10 0.3 0.1 1.5 0.49940441423678017 0.0008305359431061526
10 0.3 0.1 2.0 0.481923659597953 0.0009162140594354486
10 0.3 0.1 2.5 0.4694466085403398 0.000941644447055853
10 0.3 0.1 3.0 0.46056467964024295 0.0009419450547577085
10 0.3 0.1 3.5 0.4490976115023923 0.0010196642273888614
10 0.3 0.1 4.0 0.4393886738909473 0.0009999998125384752
10 0.3 0.1 4.5 0.43005694773928976 0.001048609182093688
10 0.3 0.1 5.0 0.422303751650425 0.0010571349422307497
10 0.3 0.1 5.5 0.41405171810413105 0.001090467811737109
10 0.3 0.1 6.0 0.4089594285614243 0.0011237917711482556
10 0.3 0.1 6.5 0.40249462034661937 0.001142511004084839
10 0.3 0.1 7.0 0.39647259966175313 0.0010763965637402614
10 0.3 0.1 7.5 0.39306506992290197 0.0010946417128564537
10 0.3 0.1 8.0 0.38691087672373053 0.0011212119773419914
10 0.3 0.1 8.5 0.38571574526096514 0.0011363424806975573
10 0.3 0.1 9.0 0.3794837367644327 0.0011309320957566392
10 0.3 0.1 9.5 0.3777166197153045 0.0011275461538160585
10 0.3 0.1 10.0 0.3737068051540406 0.0011722849456836757
10 0.3 0.1 10.5 0.3720729809404268 0.0011394087131009617
10 0.3 0.1 11.0 0.37058255890733843 0.0011515375522500274
10 0.3 0.1 11.5 0.3689743907508657 0.0012260927241015509
10 0.3 0.1 12.0 0.36710775003889334 0.0012253066418486118
10 0.3 0.1 12.5 0.36746274468405676 0.0011484872493554858
10 0.3 0.1 13.0 0.36450157008890355 0.0012465906482745516
10 0.3 0.1 13.5 0.3634317738104961 0.001295192981284199
10 0.3 0.1 14.0 0.36070275812853647 0.001297057748081626
10 0.3 0.1 14.5 0.36322335317927945 0.0012672532643112206
10 0.3 0.1 15.0 0.36018433268542 0.001278196568974196
10 0.3 0.3 0.5 0.5205462641331808 0.0005867060140921979
10 0.3 0.3 1.0 0.5143563970655581 0.0006896464213444423
10 0.3 0.3 1.5 0.4964158612499734 0.0008231476244172772
10 0.3 0.3 2.0 0.48280478865001203 0.0008989057348750915
10 0.3 0.3 2.5 0.4722149159415652 0.0009222909760852326
10 0.3 0.3 3.0 0.46184199660812253 0.0009126398635326755
10 0.3 0.3 3.5 0.45277906497869197 0.0009763958508560956
10 0.3 0.3 4.0 0.4411722062877767 0.0010627148639549293
10 0.3 0.3 4.5 0.43394706520259235 0.0010259389235027373
10 0.3 0.3 5.0 0.4254282526632711 0.0010668621443089767
10 0.3 0.3 5.5 0.41682190818228854 0.0011127478890687722
10 0.3 0.3 6.0 0.40878925493158047 0.001123139832921682
10 0.3 0.3 6.5 0.4037605743978088 0.0011362701396664958
10 0.3 0.3 7.0 0.3981116836558915 0.0011686945978441428
10 0.3 0.3 7.5 0.39234652354606125 0.0011352617729445892
10 0.3 0.3 8.0 0.38750941948103074 0.0010685982541365157
10 0.3 0.3 8.5 0.3843386336752272 0.001133115040804522
10 0.3 0.3 9.0 0.38145310550041645 0.0011501522222501952
10 0.3 0.3 9.5 0.37984592573395176 0.0011786770728837717
10 0.3 0.3 10.0 0.37445461617688536 0.0011871745359116098
10 0.3 0.3 10.5 0.3737913992460597 0.0011645024742091901
10 0.3 0.3 11.0 0.3708331228606685 0.0011905514932052236
10 0.3 0.3 11.5 0.3691012345210836 0.0011949235621755354
10 0.3 0.3 12.0 0.3697065380882416 0.0011852897496876821
10 0.3 0.3 12.5 0.3642341723887582 0.0012221117980751597
10 0.3 0.3 13.0 0.367092153437986 0.0012471148041658057
10 0.3 0.3 13.5 0.36224762731583254 0.0012593659353644189
10 0.3 0.3 14.0 0.36292046789254506 0.0012949845428097296
10 0.3 0.3 14.5 0.3640268726579412 0.0011939825769096718
10 0.3 0.3 15.0 0.3600577293932738 0.0012852096884427605
10 0.3 0.5 0.5 0.5179173464977116 0.000607440963874964
10 0.3 0.5 1.0 0.502676312168043 0.0008180677001562244
10 0.3 0.5 1.5 0.4902071044159584 0.0008565489365746383
10 0.3 0.5 2.0 0.48159630831957295 0.0008813471686511599
10 0.3 0.5 2.5 0.47465924014672384 0.0008739938189033302
10 0.3 0.5 3.0 0.4632081384407862 0.0009226071707146516
10 0.3 0.5 3.5 0.4527826525919292 0.0010132438492366353
10 0.3 0.5 4.0 0.4454817025704668 0.0010043569873522187
10 0.3 0.5 4.5 0.4346630614838796 0.0010337571218481266
10 0.3 0.5 5.0 0.4263100871782986 0.0010881431111077796
10 0.3 0.5 5.5 0.41854289347653595 0.0010909344507891046
10 0.3 0.5 6.0 0.41056870817752705 0.0011245678315238822
10 0.3 0.5 6.5 0.40426066141751454 0.0010988158814687207
10 0.3 0.5 7.0 0.3985963604424513 0.001134049776760487
10 0.3 0.5 7.5 0.3944088466291614 0.0011308911034676533
10 0.3 0.5 8.0 0.388524501099027 0.0010730976717774176
10 0.3 0.5 8.5 0.3856532434660612 0.00115158961308769
10 0.3 0.5 9.0 0.3840970521886976 0.0010960707640397345
10 0.3 0.5 9.5 0.3782566902166755 0.0011136707745387422
10 0.3 0.5 10.0 0.37696597456547604 0.0011684656497091006
10 0.3 0.5 10.5 0.3746325687499714 0.0011823580154033731
10 0.3 0.5 11.0 0.37367266802657306 0.0012113690748895526
10 0.3 0.5 11.5 0.36857303722532186 0.00114831685463126
10 0.3 0.5 12.0 0.37076731612420594 0.0011555395865753217
10 0.3 0.5 12.5 0.3660504069072719 0.0012851584408126446
10 0.3 0.5 13.0 0.36485934390196123 0.0012241040514281406
10 0.3 0.5 13.5 0.36542423636028226 0.0011771213111233297
10 0.3 0.5 14.0 0.36230253309740434 0.001228041456360221
10 0.3 0.5 14.5 0.36179418372303884 0.0012486190160339713
10 0.3 0.5 15.0 0.36074055555822543 0.001288454658131748
10 0.3 0.8 0.5 0.5059182256655453 0.000679609982950521
10 0.3 0.8 1.0 0.492701362320317 0.0008841401032557508
10 0.3 0.8 1.5 0.4807051029456359 0.0009039169322803412
10 0.3 0.8 2.0 0.47714356541273484 0.0008778065051719286
10 0.3 0.8 2.5 0.47287781217044295 0.0008569202840070054
10 0.3 0.8 3.0 0.46564101460877033 0.0009103887365007928
10 0.3 0.8 3.5 0.45990012435762456 0.0009104033429137461
10 0.3 0.8 4.0 0.45387414102709905 0.0009929186692679726
10 0.3 0.8 4.5 0.44285336619002197 0.0010863700052205984
10 0.3 0.8 5.0 0.4335521251461466 0.001042723537888921
10 0.3 0.8 5.5 0.4238918212613424 0.0010433712260155023
10 0.3 0.8 6.0 0.41649807544829304 0.0010994766982140726
10 0.3 0.8 6.5 0.4069840987725473 0.0011359834670667413
10 0.3 0.8 7.0 0.4021498325689551 0.0010830731542083695
10 0.3 0.8 7.5 0.3955934528610697 0.0011068767616944977
10 0.3 0.8 8.0 0.3905512550076821 0.001148353902136126
10 0.3 0.8 8.5 0.3894048946480906 0.001114730346332814
10 0.3 0.8 9.0 0.38266903494247717 0.0011356707721569413
10 0.3 0.8 9.5 0.3823280088748999 0.0011094889852022683
10 0.3 0.8 10.0 0.3783000176650461 0.0011239430236493623
10 0.3 0.8 10.5 0.37365604029348476 0.0011984116465324243
10 0.3 0.8 11.0 0.37364792564813804 0.0011255679628755359
10 0.3 0.8 11.5 0.3711245562681116 0.0011391003059289095
10 0.3 0.8 12.0 0.37074153561220113 0.0011014836721797297
10 0.3 0.8 12.5 0.36758308486962304 0.00119342560794909
10 0.3 0.8 13.0 0.36483922027094834 0.0012280976323954
10 0.3 0.8 13.5 0.3657468630067841 0.0012220928811450041
10 0.3 0.8 14.0 0.362250773498433 0.0012568677769234278
10 0.3 0.8 14.5 0.36365438800592687 0.0012280000459089547
10 0.3 0.8 15.0 0.3612921775073801 0.0012565118622780756
10 0.3 1.0 0.5 0.4966419283175304 0.0007550020683251016
10 0.3 1.0 1.0 0.4909974267914347 0.0009465719434394369
10 0.3 1.0 1.5 0.47842396997320646 0.0009105157165401543
10 0.3 1.0 2.0 0.4721714653511513 0.0008896172971490689
10 0.3 1.0 2.5 0.46971445189626204 0.0008566938407508704
10 0.3 1.0 3.0 0.4681358115276463 0.0008630297708220895
10 0.3 1.0 3.5 0.4615715502132637 0.0009321954625235889
10 0.3 1.0 4.0 0.4540525218550931 0.0009226005325124344
10 0.3 1.0 4.5 0.4480823132519667 0.0009974004611147118
10 0.3 1.0 5.0 0.43643094261459875 0.001038440666490451
10 0.3 1.0 5.5 0.4294703093451436 0.001065482835937851
10 0.3 1.0 6.0 0.421200340105948 0.0011400437501053473
10 0.3 1.0 6.5 0.4110754743311834 0.0010679809742344365
10 0.3 1.0 7.0 0.4061250521838808 0.0010934321849676667
10 0.3 1.0 7.5 0.3996493721608486 0.001116835632836301
10 0.3 1.0 8.0 0.3920860588839571 0.0010757107515053021
10 0.3 1.0 8.5 0.3899390116129289 0.0011443608501989176
10 0.3 1.0 9.0 0.3834369601465192 0.0011971895501023204
10 0.3 1.0 9.5 0.3814286164212859 0.0010999678458547706
10 0.3 1.0 10.0 0.37858299983950083 0.0011659319960445579
10 0.3 1.0 10.5 0.3753712249756039 0.001131044430879025
10 0.3 1.0 11.0 0.37063568423282617 0.0013140321621479137
10 0.3 1.0 11.5 0.3684211065484131 0.0013616462905951384
10 0.3 1.0 12.0 0.368272717030424 0.0013155207859192977
10 0.3 1.0 12.5 0.36479733549537274 0.0015148299772120319
10 0.3 1.0 13.0 0.3620874248397081 0.0014852467336785521
10 0.3 1.0 13.5 0.360033954819869 0.0016607615450449182
10 0.3 1.0 14.0 0.3568725832761043 0.0016986818698070897
10 0.3 1.0 14.5 0.35357828829594207 0.0018569681289005238
10 0.3 1.0 15.0 0.3503470392917238 0.0018788275469496963
10 0.5 0.1 0.5 0.5271978899344797 0.00061206767561975
10 0.5 0.1 1.0 0.5190371025191419 0.0006530348920976857
10 0.5 0.1 1.5 0.493421878785348 0.0008614058859545557
10 0.5 0.1 2.0 0.4729717182538317 0.0009476353418198898
10 0.5 0.1 2.5 0.45806506136053765 0.0009383682505927756
10 0.5 0.1 3.0 0.4466991932768215 0.0009662728747918268
10 0.5 0.1 3.5 0.438173852856604 0.000940652836073595
10 0.5 0.1 4.0 0.42802601897524273 0.000955272116143968
10 0.5 0.1 4.5 0.4208053868474284 0.0009738137304647228
10 0.5 0.1 5.0 0.41309332710802615 0.0009516942029118275
10 0.5 0.1 5.5 0.40776830601225944 0.0009827321449740727
10 0.5 0.1 6.0 0.40097978333110934 0.0010069414643222084
10 0.5 0.1 6.5 0.3983469540681138 0.0010129880246120848
10 0.5 0.1 7.0 0.3949493579308789 0.001046427666202893
10 0.5 0.1 7.5 0.3891747396043331 0.0010054022207500017
10 0.5 0.1 8.0 0.38731006126070855 0.0010465756437976878
10 0.5 0.1 8.5 0.38379546625641714 0.0010427384765608035
10 0.5 0.1 9.0 0.3781817655367893 0.0011308065640511923
10 0.5 0.1 9.5 0.37924775080122425 0.001048462584074887
10 0.5 0.1 10.0 0.37644058350151505 0.0011127996284374722
10 0.5 0.1 10.5 0.37370477341973574 0.0011135110991107072
10 0.5 0.1 11.0 0.37406507977954334 0.0011564339247000903
10 0.5 0.1 11.5 0.3709468873650882 0.0011652238666196239
10 0.5 0.1 12.0 0.37074078873051886 0.0011802654124569915
10 0.5 0.1 12.5 0.36618985473945703 0.0012713935451748929
10 0.5 0.1 13.0 0.36631251631586065 0.0011814724983241047
10 0.5 0.1 13.5 0.363432191095194 0.001246274286395837
10 0.5 0.1 14.0 0.36337648517486754 0.0012591307133220935
10 0.5 0.1 14.5 0.36012575027666893 0.001272060836720001
10 0.5 0.1 15.0 0.3600489284433946 0.0013369524234770423
10 0.5 0.3 0.5 0.5208552833518363 0.0006159730119421227
10 0.5 0.3 1.0 0.5158033220795165 0.0006959567896090734
10 0.5 0.3 1.5 0.4925024552225496 0.0008946925095769772
10 0.5 0.3 2.0 0.47429971387261294 0.0009348359320691432
10 0.5 0.3 2.5 0.4604820066864219 0.0009548886513688521
10 0.5 0.3 3.0 0.4510663118852785 0.0009703133284539137
10 0.5 0.3 3.5 0.43899406986414363 0.0009723236842269337
10 0.5 0.3 4.0 0.43030674530162777 0.0009728074073897692
10 0.5 0.3 4.5 0.42227578439105135 0.0009850553178004514
10 0.5 0.3 5.0 0.41540507985791 0.0010309131094092638
10 0.5 0.3 5.5 0.41067683145557393 0.0010060347887931725
10 0.5 0.3 6.0 0.4028477550960031 0.0009901910300020506
10 0.5 0.3 6.5 0.399140091986145 0.0010388461204067787
10 0.5 0.3 7.0 0.3961524527590567 0.0010452902116228594
10 0.5 0.3 7.5 0.39035662809433713 0.0010255968141427284
10 0.5 0.3 8.0 0.38438934567203276 0.0010448528829816125
10 0.5 0.3 8.5 0.38356512404186494 0.001076035909540252
10 0.5 0.3 9.0 0.3801822229665717 0.0010557084727856251
10 0.5 0.3 9.5 0.3786215414538058 0.0010908308483960993
10 0.5 0.3 10.0 0.37456241779210403 0.0010968324803715779
10 0.5 0.3 10.5 0.3756793399526362 0.001130964355978167
10 0.5 0.3 11.0 0.372119402313487 0.0011707536282479197
10 0.5 0.3 11.5 0.37174547415330755 0.0011148738388664326
10 0.5 0.3 12.0 0.3696202364855355 0.001169739293736158
10 0.5 0.3 12.5 0.36939207775980576 0.001217987947496059
10 0.5 0.3 13.0 0.3671581390573639 0.0012508874465759446
10 0.5 0.3 13.5 0.3627712601420625 0.0012457384366926672
10 0.5 0.3 14.0 0.3652924454627449 0.001213160450219501
10 0.5 0.3 14.5 0.3662997005297745 0.0012368536183564368
10 0.5 0.3 15.0 0.3616080704217851 0.001248055548542005
10 0.5 0.5 0.5 0.5200712072565357 0.0006159814053317415
10 0.5 0.5 1.0 0.5058267559825059 0.000788691463981047
10 0.5 0.5 1.5 0.4898533570523458 0.0008921832163132205
10 0.5 0.5 2.0 0.47645052969793494 0.000880154233171456
10 0.5 0.5 2.5 0.46344878747917584 0.0009565939006800879
10 0.5 0.5 3.0 0.4541533165006423 0.0009357679751431529
10 0.5 0.5 3.5 0.441500704466488 0.0009290861530855024
10 0.5 0.5 4.0 0.4346111761915715 0.0009386550556082878
10 0.5 0.5 4.5 0.4241831594201052 0.0009662156753925082
10 0.5 0.5 5.0 0.41785602664375837 0.0010029315215470244
10 0.5 0.5 5.5 0.40922161527848755 0.0009625669961345728
10 0.5 0.5 6.0 0.40405948002245373 0.0010016735271930987
10 0.5 0.5 6.5 0.3979208752336859 0.0010645200394656454
10 0.5 0.5 7.0 0.3928947216829656 0.0010204715103363112
10 0.5 0.5 7.5 0.3890417844932725 0.0009870141646565384
10 0.5 0.5 8.0 0.38851600225465993 0.0010308150380136589
10 0.5 0.5 8.5 0.38438848293256855 0.0010723424108959117
10 0.5 0.5 9.0 0.38224806938690314 0.0010825914728740625
10 0.5 0.5 9.5 0.38046678570710285 0.0011326161883744924
10 0.5 0.5 10.0 0.37820336550087 0.00111835256760195
10 0.5 0.5 10.5 0.37664039780308345 0.001112492689035893
10 0.5 0.5 11.0 0.3733639466302547 0.0011436650181867658
10 0.5 0.5 11.5 0.36921034390287594 0.0011712486207399902
10 0.5 0.5 12.0 0.37034921649308084 0.0011546344204911689
10 0.5 0.5 12.5 0.36748451569109314 0.0011597270658817418
10 0.5 0.5 13.0 0.36481238500261365 0.0012594996697023815
10 0.5 0.5 13.5 0.365044065011691 0.001194373020408346
10 0.5 0.5 14.0 0.3637942352843275 0.0012595972230925107
10 0.5 0.5 14.5 0.36451043499305785 0.0012409442542926567
10 0.5 0.5 15.0 0.3608132195394967 0.0012474720353553848
10 0.5 0.8 0.5 0.5094205587329991 0.000673392943144927
10 0.5 0.8 1.0 0.49698162652667677 0.0008642647467575713
10 0.5 0.8 1.5 0.4818836295571735 0.0009011628608384584
10 0.5 0.8 2.0 0.47520867351789137 0.0009001659322660294
10 0.5 0.8 2.5 0.4694519436925878 0.0008642783170395763
10 0.5 0.8 3.0 0.45842783164266704 0.0008964517635774843
10 0.5 0.8 3.5 0.44912778566553535 0.000974600515971084
10 0.5 0.8 4.0 0.4379949749444353 0.0009743597574412526
10 0.5 0.8 4.5 0.4303794994680416 0.0009993590346597284
10 0.5 0.8 5.0 0.4215365379633833 0.0010099120687523
10 0.5 0.8 5.5 0.413500130801964 0.001006043149840499
10 0.5 0.8 6.0 0.4097363849751132 0.0009822277165208225
10 0.5 0.8 6.5 0.40220109473102 0.000993785175814293
10 0.5 0.8 7.0 0.39566993555437197 0.0009910034020854865
10 0.5 0.8 7.5 0.3923742130731894 0.001013518912697814
10 0.5 0.8 8.0 0.3887915593080221 0.001073204216704723
10 0.5 0.8 8.5 0.3843934408661444 0.001093258650248208
10 0.5 0.8 9.0 0.38394699084834816 0.0010529029121320215
10 0.5 0.8 9.5 0.38096490752378454 0.0010741135647025545
10 0.5 0.8 10.0 0.37729233838288095 0.0011324953698728939
10 0.5 0.8 10.5 0.37557328405805734 0.0011187103125701228
10 0.5 0.8 11.0 0.37293534591405436 0.0010963033082631746
10 0.5 0.8 11.5 0.3720038245996787 0.001129369764576429
10 0.5 0.8 12.0 0.36909979504383955 0.001131990224128978
10 0.5 0.8 12.5 0.3655560268199836 0.0012391544784203625
10 0.5 0.8 13.0 0.36571233972936995 0.001149104995209144
10 0.5 0.8 13.5 0.3652233642681931 0.0012293316995821907
10 0.5 0.8 14.0 0.36338377627212803 0.0012878422530915301
10 0.5 0.8 14.5 0.3601333069833986 0.0012689903897020363
10 0.5 0.8 15.0 0.36418170051420373 0.001282607427409841
10 0.5 1.0 0.5 0.5027299333654615 0.0007070972193717581
10 0.5 1.0 1.0 0.4971355763168914 0.0008729239423449094
10 0.5 1.0 1.5 0.48081817247419434 0.0008926369313605468
10 0.5 1.0 2.0 0.47549851064640536 0.0008409361896878912
10 0.5 1.0 2.5 0.4691168038717321 0.0008659649720087404
10 0.5 1.0 3.0 0.46167683947668225 0.0008720323456525358
10 0.5 1.0 3.5 0.45428472091861094 0.0009076921888823707
10 0.5 1.0 4.0 0.4443933759796055 0.0009388453332498961
10 0.5 1.0 4.5 0.4356255365612257 0.0009671173146253546
10 0.5 1.0 5.0 0.4268984854331186 0.0010031368102110198
10 0.5 1.0 5.5 0.41848059977291036 0.0009915990566220767
10 0.5 1.0 6.0 0.4095156814937325 0.000989089034131475
10 0.5 1.0 6.5 0.4037526281292505 0.0010036524353615307
10 0.5 1.0 7.0 0.3988056894587053 0.0010293535314422385
10 0.5 1.0 7.5 0.3940451605141761 0.0010326095768790114
10 0.5 1.0 8.0 0.3914855714329239 0.0010200152711982056
10 0.5 1.0 8.5 0.38725888809639114 0.0010565288723910792
10 0.5 1.0 9.0 0.3842055219550266 0.0011097987992667428
10 0.5 1.0 9.5 0.37876758426372636 0.0011472593533043134
10 0.5 1.0 10.0 0.37777663425573527 0.001136703637115005
10 0.5 1.0 10.5 0.37339896568350206 0.0012831997710013006
10 0.5 1.0 11.0 0.3722520762816742 0.0012895764417037404
10 0.5 1.0 11.5 0.36974770946402086 0.0012979437819601472
10 0.5 1.0 12.0 0.3693849980295706 0.0012771462631630864
10 0.5 1.0 12.5 0.3653020863219368 0.0014514418202595854
10 0.5 1.0 13.0 0.36194969422877743 0.0015673399600523686
10 0.5 1.0 13.5 0.35920004069189476 0.001673723381902748
10 0.5 1.0 14.0 0.3582759711848945 0.0016712922966233802
10 0.5 1.0 14.5 0.35901983600888404 0.0016433835022270562
10 0.5 1.0 15.0 0.3509976945754936 0.0019339551884205882
10 0.8 0.1 0.5 0.518187516668889 0.0007607955095583965
10 0.8 0.1 1.0 0.5027305489067735 0.0008168984874525294
10 0.8 0.1 1.5 0.4782477138345746 0.0009888613863689188
10 0.8 0.1 2.0 0.45572938396355056 0.0009763403173274346
10 0.8 0.1 2.5 0.4440414669934098 0.0009514928657753777
10 0.8 0.1 3.0 0.4310406821623006 0.0009185593171173005
10 0.8 0.1 3.5 0.42239024624151883 0.0008786411908719745
10 0.8 0.1 4.0 0.4172184584983304 0.000888327895368602
10 0.8 0.1 4.5 0.41275930776088593 0.0009098414529192034
10 0.8 0.1 5.0 0.40644472799850034 0.0008860520369542648
10 0.8 0.1 5.5 0.401603452094499 0.0009014766179924459
10 0.8 0.1 6.0 0.3967388246474575 0.0009184938524610769
10 0.8 0.1 6.5 0.393918190073411 0.0009529259663326091
10 0.8 0.1 7.0 0.3911420366090308 0.0009526254959651435
10 0.8 0.1 7.5 0.3887934096100195 0.0010042779154208446
10 0.8 0.1 8.0 0.3858964234966537 0.0010045095149917894
10 0.8 0.1 8.5 0.3836097395172259 0.0010532666080344485
10 0.8 0.1 9.0 0.3811017765717754 0.001035245882410821
10 0.8 0.1 9.5 0.3787550691800045 0.0010764460875759064
10 0.8 0.1 10.0 0.3748059970710688 0.0011162608973553482
10 0.8 0.1 10.5 0.37418073276255825 0.0011407748217041808
10 0.8 0.1 11.0 0.37268505839848215 0.0011708042268544147
10 0.8 0.1 11.5 0.36906617093507693 0.0012310805572531705
10 0.8 0.1 12.0 0.36923110042955026 0.0012372698368567933
10 0.8 0.1 12.5 0.3671858970715209 0.001227733224067569
10 0.8 0.1 13.0 0.3690466924208475 0.001252512433166526
10 0.8 0.1 13.5 0.36638393892453225 0.0012644272570688695
10 0.8 0.1 14.0 0.3653208655334172 0.0012444721199794985
10 0.8 0.1 14.5 0.36642670824161316 0.0012435456575026346
10 0.8 0.1 15.0 0.3636846756482517 0.0012937201480768613
10 0.8 0.3 0.5 0.516374925455897 0.0006533445819892804
10 0.8 0.3 1.0 0.5033571210755625 0.0008093350273126688
10 0.8 0.3 1.5 0.47887565132755905 0.0009612377893014556
10 0.8 0.3 2.0 0.4568249573796863 0.0010016861847304238
10 0.8 0.3 2.5 0.4450655899182836 0.0009541339923373318
10 0.8 0.3 3.0 0.43416111912380784 0.0008951632007573728
10 0.8 0.3 3.5 0.42499436830491316 0.0008604645094786489
10 0.8 0.3 4.0 0.4191353795354884 0.0009295763387671993
10 0.8 0.3 4.5 0.4126299229395096 0.0009007982712827662
10 0.8 0.3 5.0 0.4070441770718583 0.0009013198315485521
10 0.8 0.3 5.5 0.40236247023762317 0.0008942349522955844
10 0.8 0.3 6.0 0.39756233383943335 0.0008902271661325589
10 0.8 0.3 6.5 0.39342252441691145 0.0009499184944395657
10 0.8 0.3 7.0 0.390819034425496 0.0009458708790409118
10 0.8 0.3 7.5 0.38746099428953756 0.0009611307388173869
10 0.8 0.3 8.0 0.38389918112198124 0.0009970291823792278
10 0.8 0.3 8.5 0.38268928936899493 0.0010137720184163427
10 0.8 0.3 9.0 0.380984409620877 0.0010673370861457566
10 0.8 0.3 9.5 0.3782013306442051 0.0011132191731815602
10 0.8 0.3 10.0 0.37486033993026346 0.0011626970641314596
10 0.8 0.3 10.5 0.37637896108556296 0.0010919377682004656
10 0.8 0.3 11.0 0.3747444064505335 0.0011518566882719992
10 0.8 0.3 11.5 0.37137381189418933 0.001116871180051365
10 0.8 0.3 12.0 0.37074054442200394 0.0012165600525808151
10 0.8 0.3 12.5 0.3673586648733338 0.0012119861148029772
10 0.8 0.3 13.0 0.3660231756269217 0.0012593902405922217
10 0.8 0.3 13.5 0.3677826205784189 0.0012432069552144993
10 0.8 0.3 14.0 0.3658677692622532 0.0012424682303230792
10 0.8 0.3 14.5 0.3620921144054749 0.0013121728995093447
10 0.8 0.3 15.0 0.36373034328435333 0.0013022022066756223
10 0.8 0.5 0.5 0.517876394357638 0.0005815500341339886
10 0.8 0.5 1.0 0.4977170022430875 0.0007989467752178138
10 0.8 0.5 1.5 0.47879441197365774 0.0009091253492114177
10 0.8 0.5 2.0 0.45999848350384664 0.0009416479160797886
10 0.8 0.5 2.5 0.4473051014670893 0.0009233014485667422
10 0.8 0.5 3.0 0.4364448337500712 0.0009211372413785863
10 0.8 0.5 3.5 0.4268147199984341 0.0008780937953342113
10 0.8 0.5 4.0 0.4213855649523807 0.0009161586384163099
10 0.8 0.5 4.5 0.412911540861833 0.0009087847521954179
10 0.8 0.5 5.0 0.40601296353042726 0.0009174796653956022
10 0.8 0.5 5.5 0.4031120054532332 0.0008944326363331854
10 0.8 0.5 6.0 0.39932238053402985 0.000898081556381976
10 0.8 0.5 6.5 0.3942897601086832 0.000995168169706159
10 0.8 0.5 7.0 0.39059399538579365 0.0010006342697174418
10 0.8 0.5 7.5 0.38894549296133246 0.0009810027830725804
10 0.8 0.5 8.0 0.3871051661069892 0.0009728679644925899
10 0.8 0.5 8.5 0.38250049432396827 0.001049063793331196
10 0.8 0.5 9.0 0.3802276413534873 0.0010999477855886896
10 0.8 0.5 9.5 0.37807356019580257 0.0011216398795965959
10 0.8 0.5 10.0 0.378740742525205 0.0010538606740912294
10 0.8 0.5 10.5 0.37418928863996365 0.0011086197713988165
10 0.8 0.5 11.0 0.3725251209591457 0.0010944986460147952
10 0.8 0.5 11.5 0.3711959128063208 0.0011152532186245942
10 0.8 0.5 12.0 0.369024396765792 0.0011477444636641835
10 0.8 0.5 12.5 0.3685940107612005 0.001205746944649405
10 0.8 0.5 13.0 0.3673993027664654 0.0012146570402521203
10 0.8 0.5 13.5 0.36674814326553934 0.001242225958613456
10 0.8 0.5 14.0 0.3650459510196515 0.0012266785938820667
10 0.8 0.5 14.5 0.3641553055148575 0.0013263279473197294
10 0.8 0.5 15.0 0.36460474450608776 0.0012591646489241886
10 0.8 0.8 0.5 0.5107477631235123 0.00064780422637946
10 0.8 0.8 1.0 0.49808459669686894 0.0008365264917641638
10 0.8 0.8 1.5 0.47753259898502554 0.0008784563271552707
10 0.8 0.8 2.0 0.46650784927965716 0.0008922829358362611
10 0.8 0.8 2.5 0.4536707808660075 0.0009239372137858003
10 0.8 0.8 3.0 0.4454656432773856 0.0008917019031953058
10 0.8 0.8 3.5 0.434688742631196 0.0009515408281187304
10 0.8 0.8 4.0 0.4256783836284612 0.0009039032128800544
10 0.8 0.8 4.5 0.4174573583452199 0.000890352182794216
10 0.8 0.8 5.0 0.4115282064855268 0.0008872608908471953
10 0.8 0.8 5.5 0.40562823480637006 0.0009397531382257267
10 0.8 0.8 6.0 0.39966246337668665 0.0009404338214175707
10 0.8 0.8 6.5 0.3969003546516097 0.0009504488286753191
10 0.8 0.8 7.0 0.39202699854944334 0.0009692062662407221
10 0.8 0.8 7.5 0.39048473920655863 0.0010205104500149217
10 0.8 0.8 8.0 0.3866179738873361 0.0010432627220310915
10 0.8 0.8 8.5 0.38408704037564056 0.000983712243608124
10 0.8 0.8 9.0 0.3805488224350432 0.001054471075218159
10 0.8 0.8 9.5 0.3798968528494297 0.0010281238847973052
10 0.8 0.8 10.0 0.37671701626461035 0.0010615528202219185
10 0.8 0.8 10.5 0.3740586457145843 0.0010645469518922258
10 0.8 0.8 11.0 0.37552627597906263 0.001094888557725181
10 0.8 0.8 11.5 0.3732658828151248 0.0011903928957718705
10 0.8 0.8 12.0 0.370880055933237 0.0011718013584619865
10 0.8 0.8 12.5 0.36843867693325827 0.001249354932612046
10 0.8 0.8 13.0 0.36841214425094826 0.001179240709074252
10 0.8 0.8 13.5 0.3657400446453866 0.0013044198782628392
10 0.8 0.8 14.0 0.3666200402342288 0.0012594701134706007
10 0.8 0.8 14.5 0.3662869067501089 0.001257521404281293
10 0.8 0.8 15.0 0.36280667119778 0.0013206028045553392
10 0.8 1.0 0.5 0.5046647437533377 0.0007008608531528322
10 0.8 1.0 1.0 0.49792748060476427 0.0008475557111307382
10 0.8 1.0 1.5 0.47961151417856107 0.0008839748234115078
10 0.8 1.0 2.0 0.4669375186286425 0.0008910670627807141
10 0.8 1.0 2.5 0.4582099444568816 0.000884615401151383
10 0.8 1.0 3.0 0.44897825947074016 0.0008552126336035392
10 0.8 1.0 3.5 0.439916073177767 0.0009351498557438626
10 0.8 1.0 4.0 0.4301332321972579 0.0009184691892081083
10 0.8 1.0 4.5 0.4232623858938184 0.0009135001931169648
10 0.8 1.0 5.0 0.4135470613291419 0.0008911351371599344
10 0.8 1.0 5.5 0.4073645757498971 0.000923602265296213
10 0.8 1.0 6.0 0.40308945846337546 0.0009550531852635485
10 0.8 1.0 6.5 0.3973068028443427 0.0009061234313353939
10 0.8 1.0 7.0 0.3935538754351949 0.0009397114263612067
10 0.8 1.0 7.5 0.391228341375539 0.0009856407885018915
10 0.8 1.0 8.0 0.3858483215693486 0.001032162403334916
10 0.8 1.0 8.5 0.38471364403843245 0.000954058618756878
10 0.8 1.0 9.0 0.38086999393730686 0.0011660452454280237
10 0.8 1.0 9.5 0.3784633322501541 0.0011126612274127597
10 0.8 1.0 10.0 0.3745559486159437 0.001096242385797345
10 0.8 1.0 10.5 0.3733883942989118 0.0011260412563777124
10 0.8 1.0 11.0 0.3706910891587121 0.0012527113757302539
10 0.8 1.0 11.5 0.37097186461355813 0.001381210418347282
10 0.8 1.0 12.0 0.3653943102685783 0.0015259741002213883
10 0.8 1.0 12.5 0.36799546457064797 0.0014976470580261175
10 0.8 1.0 13.0 0.3632022922770248 0.0014588709602070698
10 0.8 1.0 13.5 0.36215736010012606 0.0014722251284238583
10 0.8 1.0 14.0 0.3599819355052996 0.0016515606842044945
10 0.8 1.0 14.5 0.35771319299954424 0.0017533423891860243
10 0.8 1.0 15.0 0.35676443688184784 0.0018557604055049427
10 1.0 0.1 0.5 0.5009786018719422 0.0009554156950394718
10 1.0 0.1 1.0 0.4884963078924165 0.0010015380012531481
10 1.0 0.1 1.5 0.4644461779462014 0.000995288828777655
10 1.0 0.1 2.0 0.44532372339445847 0.0009204716287523672
10 1.0 0.1 2.5 0.4322493025440589 0.0008961007921556388
10 1.0 0.1 3.0 0.42520781060724727 0.0008916464103053072
10 1.0 0.1 3.5 0.41785664821544305 0.0008418704283317581
10 1.0 0.1 4.0 0.41222025723911754 0.0008421649631161741
10 1.0 0.1 4.5 0.4081086271130055 0.0008428041200333304
10 1.0 0.1 5.0 0.40433774849575665 0.0008330573870281911
10 1.0 0.1 5.5 0.3978838831563018 0.0008962439803678161
10 1.0 0.1 6.0 0.3952842765488887 0.0008431059223966326
10 1.0 0.1 6.5 0.39340039447268915 0.0009568714647257464
10 1.0 0.1 7.0 0.3896612807443912 0.0009468841381750848
10 1.0 0.1 7.5 0.38716683006739633 0.0009303495910096121
10 1.0 0.1 8.0 0.38584613179222854 0.0009939060439817327
10 1.0 0.1 8.5 0.38229475066076546 0.0009550858199297195
10 1.0 0.1 9.0 0.38175848990448574 0.0010229308960911939
10 1.0 0.1 9.5 0.37834474471841534 0.0010943074158854009
10 1.0 0.1 10.0 0.3748323205771138 0.0011366708435514058
10 1.0 0.1 10.5 0.3744462087147111 0.0011196187809912321
10 1.0 0.1 11.0 0.3717663282744208 0.0012096716045266436
10 1.0 0.1 11.5 0.3722547143068299 0.00119549250614095
10 1.0 0.1 12.0 0.3696732866494949 0.0012559343465476452
10 1.0 0.1 12.5 0.37028526614402046 0.001239151468984729
10 1.0 0.1 13.0 0.3674641371064974 0.0012507575731701386
10 1.0 0.1 13.5 0.3682786153791404 0.0012656285772996677
10 1.0 0.1 14.0 0.3693845435282303 0.0012356998115171515
10 1.0 0.1 14.5 0.36418218734877045 0.0013148871005065398
10 1.0 0.1 15.0 0.3670272893146271 0.0012709962923161012
10 1.0 0.3 0.5 0.5105827226850848 0.0007075450355862816
10 1.0 0.3 1.0 0.4880607408897265 0.0009486534661925202
10 1.0 0.3 1.5 0.46380966112182975 0.0009667681589518377
10 1.0 0.3 2.0 0.44876196882413955 0.0009681963482770956
10 1.0 0.3 2.5 0.4338398933749415 0.0008837635296089504
10 1.0 0.3 3.0 0.42459733077346273 0.0008739319365026159
10 1.0 0.3 3.5 0.42089164888088765 0.0008871818856140693
10 1.0 0.3 4.0 0.41552678374184027 0.0008291430609963525
10 1.0 0.3 4.5 0.4082277785933868 0.0008273137950031311
10 1.0 0.3 5.0 0.4049026109033378 0.0008517061114958691
10 1.0 0.3 5.5 0.4003921855511302 0.0008368825527599305
10 1.0 0.3 6.0 0.3965181245045714 0.0008848528324904283
10 1.0 0.3 6.5 0.39259739319350023 0.0009163139113785341
10 1.0 0.3 7.0 0.38910231827893527 0.0009725851092245681
10 1.0 0.3 7.5 0.3872099125899058 0.0009700761372442353
10 1.0 0.3 8.0 0.3860930392598135 0.001019352544307097
10 1.0 0.3 8.5 0.3811499185366003 0.001002046617558561
10 1.0 0.3 9.0 0.3797004362757149 0.0010187155282518003
10 1.0 0.3 9.5 0.3780802039964071 0.0010909914483195296
10 1.0 0.3 10.0 0.37623105404260127 0.0010845787025546354
10 1.0 0.3 10.5 0.3746749695667046 0.0011590370805132574
10 1.0 0.3 11.0 0.373589127041804 0.0011525609521173437
10 1.0 0.3 11.5 0.37358388580927315 0.0011257137576643663
10 1.0 0.3 12.0 0.37321098274671455 0.0011117541248536176
10 1.0 0.3 12.5 0.36968100424857064 0.0012181077622460679
10 1.0 0.3 13.0 0.3705175894238661 0.00124672031092255
10 1.0 0.3 13.5 0.36822687628805845 0.0011840410964527731
10 1.0 0.3 14.0 0.36373568765805364 0.0013010698231405518
10 1.0 0.3 14.5 0.36540260799920843 0.0012430356146356843
10 1.0 0.3 15.0 0.36073710051378793 0.001360961994779949
10 1.0 0.5 0.5 0.516535802798989 0.0006665167624407577
10 1.0 0.5 1.0 0.4899214177399276 0.000794627401889421
10 1.0 0.5 1.5 0.4678148552496853 0.0008906118459654961
10 1.0 0.5 2.0 0.45077987799513 0.0009332922461790928
10 1.0 0.5 2.5 0.4393974781383991 0.0008812283532604182
10 1.0 0.5 3.0 0.42914229340029797 0.0008823120587141549
10 1.0 0.5 3.5 0.42161682089470315 0.0008055679954941098
10 1.0 0.5 4.0 0.4142538079007289 0.0008441950978801368
10 1.0 0.5 4.5 0.40873899103731154 0.0008675364789241012
10 1.0 0.5 5.0 0.4031332866115089 0.0008756895526968442
10 1.0 0.5 5.5 0.3993698127145755 0.0008881713716598429
10 1.0 0.5 6.0 0.39591495520233394 0.000901496636457212
10 1.0 0.5 6.5 0.39347341701851557 0.0009071056507083398
10 1.0 0.5 7.0 0.3885464562016598 0.0009487530657166935
10 1.0 0.5 7.5 0.38588516516449733 0.0009813152882696336
10 1.0 0.5 8.0 0.38551782296048165 0.001000817338534697
10 1.0 0.5 8.5 0.381220202055904 0.0010471679236209862
10 1.0 0.5 9.0 0.37939825140542754 0.0010616386513500433
10 1.0 0.5 9.5 0.37680620237664303 0.0011306229070973033
10 1.0 0.5 10.0 0.3774443186300859 0.0011378911096035802
10 1.0 0.5 10.5 0.37563115465171926 0.0011594608293530341
10 1.0 0.5 11.0 0.3715510725918795 0.00114938550948169
10 1.0 0.5 11.5 0.3720187911278932 0.0011874299835697064
10 1.0 0.5 12.0 0.3715850796509212 0.0011305149330045616
10 1.0 0.5 12.5 0.366154277451777 0.0012844675949053295
10 1.0 0.5 13.0 0.364421472369497 0.0012854096139360712
10 1.0 0.5 13.5 0.3678063632638531 0.001286338998371369
10 1.0 0.5 14.0 0.3671407559735108 0.0012588978008094534
10 1.0 0.5 14.5 0.3650974693467081 0.0012871862523558552
10 1.0 0.5 15.0 0.36304775758453905 0.0013324674205075857
10 1.0 0.8 0.5 0.5077649156602375 0.0006786183765527608
10 1.0 0.8 1.0 0.4984939566169515 0.000797061682420835
10 1.0 0.8 1.5 0.47311818721828547 0.0008373129974495919
10 1.0 0.8 2.0 0.4574088322220151 0.0008940732323704235
10 1.0 0.8 2.5 0.44598251599874256 0.0008854275817409635
10 1.0 0.8 3.0 0.43508355024863477 0.0008940027475466581
10 1.0 0.8 3.5 0.4278043097417955 0.0008775686769290859
10 1.0 0.8 4.0 0.41920946712770796 0.0008322777188473598
10 1.0 0.8 4.5 0.4135281383723547 0.0008578616440967393
10 1.0 0.8 5.0 0.4073220072362264 0.0009295918630234968
10 1.0 0.8 5.5 0.40185222476867066 0.0009364142661060118
10 1.0 0.8 6.0 0.3978218841284498 0.0008972719483312219
10 1.0 0.8 6.5 0.3948979098649393 0.0009543701112953015
10 1.0 0.8 7.0 0.39076382962571965 0.0009605821271305775
10 1.0 0.8 7.5 0.38745878124774524 0.0010173648391255963
10 1.0 0.8 8.0 0.3863158284054861 0.0010110584042096744
10 1.0 0.8 8.5 0.38263850207712674 0.0010091287084309632
10 1.0 0.8 9.0 0.37987195696085657 0.0010027193830238292
10 1.0 0.8 9.5 0.3808271519414504 0.0010134954521335386
10 1.0 0.8 10.0 0.37577305357674823 0.0011078098440301155
10 1.0 0.8 10.5 0.37504670269956164 0.001095276255252834
10 1.0 0.8 11.0 0.3730042701033742 0.0011433541097532081
10 1.0 0.8 11.5 0.37109627256376626 0.0011729481448009987
10 1.0 0.8 12.0 0.3695329743890691 0.0012187931712344306
10 1.0 0.8 12.5 0.3684889360472383 0.0012320760031319068
10 1.0 0.8 13.0 0.36668102359768223 0.001275147994099795
10 1.0 0.8 13.5 0.3661565571036822 0.0012250208504483262
10 1.0 0.8 14.0 0.36360671633597935 0.0012646531929149816
10 1.0 0.8 14.5 0.3631643963477589 0.0012953706946369843
10 1.0 0.8 15.0 0.36277003769050054 0.0012478285048340904
10 1.0 1.0 0.5 0.5019184197636009 0.0007151317790451232
10 1.0 1.0 1.0 0.4962555848265455 0.0008581483054558388
10 1.0 1.0 1.5 0.47668403942414833 0.0008423626527289183
10 1.0 1.0 2.0 0.4618533608253372 0.0008656281060009246
10 1.0 1.0 2.5 0.45115724634516885 0.0008571510707809315
10 1.0 1.0 3.0 0.44111430000732216 0.000856543596609325
10 1.0 1.0 3.5 0.4321066128602871 0.0008929678624351685
10 1.0 1.0 4.0 0.42342251458972807 0.000828616173783521
10 1.0 1.0 4.5 0.4183409591805532 0.0008902005855919782
10 1.0 1.0 5.0 0.4081791795568457 0.000873172634963674
10 1.0 1.0 5.5 0.4035254587577641 0.0008428411806588346
10 1.0 1.0 6.0 0.3984705578742 0.0009138387457069972
10 1.0 1.0 6.5 0.39553748530996596 0.0009481570152212971
10 1.0 1.0 7.0 0.39078074161000753 0.0009482847628527134
10 1.0 1.0 7.5 0.38821350408620237 0.000971568146466784
10 1.0 1.0 8.0 0.3861028405950925 0.0010194045908322263
10 1.0 1.0 8.5 0.3828786236033703 0.0010204697760676897
10 1.0 1.0 9.0 0.381925955767411 0.0010728581932299634
10 1.0 1.0 9.5 0.3773691396132754 0.0012206622125076666
10 1.0 1.0 10.0 0.37630358035626355 0.0010422124973589347
10 1.0 1.0 10.5 0.373654692508105 0.0012066780524584769
10 1.0 1.0 11.0 0.3689616107792532 0.001268606298905784
10 1.0 1.0 11.5 0.3686649249898186 0.0013426405359218544
10 1.0 1.0 12.0 0.3668593575488703 0.0014473470879210284
10 1.0 1.0 12.5 0.3655438318520533 0.0014220543830977385
10 1.0 1.0 13.0 0.3608918267650529 0.0014886821585219311
10 1.0 1.0 13.5 0.3597965133959369 0.0016681349460047
10 1.0 1.0 14.0 0.3602168665716188 0.0016303656224287474
10 1.0 1.0 14.5 0.35703013862629435 0.0017172519732791425
10 1.0 1.0 15.0 0.35625064837731535 0.0018094612519684472
