# This file contains the mean r-statistics values and standard errors for the spin 1 generalized Haldane-Shastry model with arbitrary interaction range α 
 for various parameters in (m,k)=(0,1) for clean systems and m=0 for disordered systems.
# Here N is the system size, hj is the magnetic field strength, δ is the position disorder strength and α is the interaction range parameter.
# Columns: N, hj, δ, α, mean_r_statistic, std_error
 
N, hj, δ, α, mean_r_statistic, std_error
 
14 0.0 0.0 0.0 1.9374190489618297e-14 0.0
14 0.0 0.0 0.2 0.48577500595425016 0.0
14 0.0 0.0 0.4 0.4330386270385498 0.0
14 0.0 0.0 0.6 0.4098738106052959 0.0
14 0.0 0.0 0.8 0.4000534543040433 0.0
14 0.0 0.0 1.0 0.3975183901546979 0.0
14 0.0 0.0 1.2 0.39387069255142754 0.0
14 0.0 0.0 1.4 0.3893179934775088 0.0
14 0.0 0.0 1.6 0.3898997806795512 0.0
14 0.0 0.0 1.8 0.39223409169755985 0.0
14 0.0 0.0 2.0 0.3907941785041665 0.0
14 0.0 0.0 2.2 0.38822858781895825 0.0
14 0.0 0.0 2.4 0.3908184227763327 0.0
14 0.0 0.0 2.6 0.38861785570427065 0.0
14 0.0 0.0 2.8 0.3932234432283111 0.0
14 0.0 0.0 3.0 0.389970608451445 0.0
10 0.0 0.0 0.0 2.9717087553759243e-15 0.0
10 0.0 0.0 0.2 0.49826384340083274 0.0
10 0.0 0.0 0.4 0.4573484871642625 0.0
10 0.0 0.0 0.6 0.43726551955046566 0.0
10 0.0 0.0 0.8 0.41769506607784934 0.0
10 0.0 0.0 1.0 0.4135721977565346 0.0
10 0.0 0.0 1.2 0.41748998754337613 0.0
10 0.0 0.0 1.4 0.3904975562266707 0.0
10 0.0 0.0 1.6 0.40445743075554796 0.0
10 0.0 0.0 1.8 0.3970705730848822 0.0
10 0.0 0.0 2.0 0.39627652881202124 0.0
10 0.0 0.0 2.2 0.3928699521273043 0.0
10 0.0 0.0 2.4 0.3880408028646484 0.0
10 0.0 0.0 2.6 0.3879733087242854 0.0
10 0.0 0.0 2.8 0.39147015292311743 0.0
10 0.0 0.0 3.0 0.39203771659306846 0.0
10 0.0 0.1 0.0 6.243180231865017e-15 4.930380657631324e-32
10 0.0 0.1 0.2 0.4837953062233724 0.00039671370823149643
10 0.0 0.1 0.4 0.4491354115426995 0.0001704120876106858
10 0.0 0.1 0.6 0.42530600964206255 0.0001239401532918382
10 0.0 0.1 0.8 0.4122867138011586 0.00010648564808090793
10 0.0 0.1 1.0 0.4052374569239526 0.00010804389939975738
10 0.0 0.1 1.2 0.4009335339803861 0.00010659397626561758
10 0.0 0.1 1.4 0.39848641261299744 0.00010794836093114834
10 0.0 0.1 1.6 0.39709075127135585 0.00010589957152626754
10 0.0 0.1 1.8 0.3960600892925159 0.0001069974750080174
10 0.0 0.1 2.0 0.39527940586315496 0.00010773507037051174
10 0.0 0.1 2.2 0.394706229397681 0.00010704629009089556
10 0.0 0.1 2.4 0.39374850223925373 0.0001093317007806355
10 0.0 0.1 2.6 0.3935420122248451 0.00010190609552466169
10 0.0 0.1 2.8 0.39345819519539016 0.00010629209831905486
10 0.0 0.1 3.0 0.3932645493972553 0.0001059631162062931
10 0.0 0.3 0.0 6.243180231865017e-15 4.930380657631324e-32
10 0.0 0.3 0.2 0.5010821469995741 0.00012301104317989238
10 0.0 0.3 0.4 0.4560465809380977 0.00011346873895143232
10 0.0 0.3 0.6 0.4273004464634367 0.00010964057475236384
10 0.0 0.3 0.8 0.4123161730667859 0.00010452851903702668
10 0.0 0.3 1.0 0.40488338325552603 0.00010741659442557162
10 0.0 0.3 1.2 0.40026416318839847 0.00010716364062309266
10 0.0 0.3 1.4 0.3979294178049261 0.00010962237707489437
10 0.0 0.3 1.6 0.3962008503596311 0.00010716238626619042
10 0.0 0.3 1.8 0.3953499346715148 0.00010941427190756117
10 0.0 0.3 2.0 0.39462369648607787 0.00011217351461492778
10 0.0 0.3 2.2 0.39402966304297526 0.00010727541859105547
10 0.0 0.3 2.4 0.3936070887319054 0.00010416894853328964
10 0.0 0.3 2.6 0.3933823720853005 0.00010487221651220466
10 0.0 0.3 2.8 0.3932727347262945 0.0001115593039807284
10 0.0 0.3 3.0 0.3933145170958232 0.00010953783269622277
10 0.0 0.5 0.0 6.243180231865017e-15 4.930380657631324e-32
10 0.0 0.5 0.2 0.5005162194037219 0.00011498748016377307
10 0.0 0.5 0.4 0.45321708794392157 0.0001286627463530661
10 0.0 0.5 0.6 0.42476402731039536 0.00012794638305377827
10 0.0 0.5 0.8 0.41020545707940687 0.00011255236574763177
10 0.0 0.5 1.0 0.4034088943715953 0.00010763199334342919
10 0.0 0.5 1.2 0.39965510760160994 0.00010934433905256225
10 0.0 0.5 1.4 0.39732165199233105 0.0001088545124843625
10 0.0 0.5 1.6 0.3958965857369988 0.00010463554911462678
10 0.0 0.5 1.8 0.3953770786622626 0.00010964175676728132
10 0.0 0.5 2.0 0.39470561640242086 0.00010557623074855197
10 0.0 0.5 2.2 0.3943503050480851 0.0001135241284235705
10 0.0 0.5 2.4 0.3943028584854211 0.00011107878748259629
10 0.0 0.5 2.6 0.3940365608233728 0.00010780792701159613
10 0.0 0.5 2.8 0.39406377149396127 0.00010829239251163691
10 0.0 0.5 3.0 0.39380969113608283 0.00011303969576911418
10 0.0 0.8 0.0 6.243180231865017e-15 4.930380657631324e-32
10 0.0 0.8 0.2 0.4917582349309731 0.0003212473827353914
10 0.0 0.8 0.4 0.44167569482540814 0.0003278317193411818
10 0.0 0.8 0.6 0.41655566256079507 0.0002167326926965792
10 0.0 0.8 0.8 0.4059400003521118 0.0001451947720323375
10 0.0 0.8 1.0 0.4005343408172394 0.0001270403291338735
10 0.0 0.8 1.2 0.3978325705958935 0.00012210271849261826
10 0.0 0.8 1.4 0.3962187773090945 0.00011915339355670012
10 0.0 0.8 1.6 0.395243463234509 0.00011365892795539254
10 0.0 0.8 1.8 0.39452289097728654 0.00011359337981117438
10 0.0 0.8 2.0 0.3943552026838295 0.00012060960628842858
10 0.0 0.8 2.2 0.39379971801270236 0.00011565100969201231
10 0.0 0.8 2.4 0.3937690351624367 0.00011447879713628143
10 0.0 0.8 2.6 0.3933507387444505 0.00011749601805148033
10 0.0 0.8 2.8 0.39346545933632915 0.0001152246321439545
10 0.0 0.8 3.0 0.39325957246469245 0.00011221554609734662
10 0.0 1.0 0.0 6.243180231865017e-15 4.930380657631324e-32
10 0.0 1.0 0.2 0.47323357311529274 0.0007819455018093404
10 0.0 1.0 0.4 0.4308404066729986 0.00047443663732545327
10 0.0 1.0 0.6 0.4113493653124495 0.0002588123943929997
10 0.0 1.0 0.8 0.40274739124924863 0.00017219236889434004
10 0.0 1.0 1.0 0.3987154948220131 0.0001380471864694152
10 0.0 1.0 1.2 0.39666062535058966 0.00013050864273758534
10 0.0 1.0 1.4 0.3954280486876912 0.0001210050819717765
10 0.0 1.0 1.6 0.39464762505363693 0.0001225725390617264
10 0.0 1.0 1.8 0.39427333339630005 0.00011876741875558497
10 0.0 1.0 2.0 0.3939365989096169 0.00011977539722128065
10 0.0 1.0 2.2 0.39361853163796734 0.00012001047956272717
10 0.0 1.0 2.4 0.39363977693677915 0.0001220807182056507
10 0.0 1.0 2.6 0.3937249765010281 0.00011655011386195429
10 0.0 1.0 2.8 0.39367441054815033 0.00012222904988911992
10 0.0 1.0 3.0 0.39383197854799035 0.00012419222315134226
10 0.1 0.0 0.0 0.3862825411075513 0.0001269251661540588
10 0.1 0.0 0.2 0.3837975478152385 0.0012207684736779355
10 0.1 0.0 0.4 0.39001736034277357 0.0009448434308301245
10 0.1 0.0 0.6 0.43286646794266104 0.0007087590713091114
10 0.1 0.0 0.8 0.46780241644568865 0.0005085956421297252
10 0.1 0.0 1.0 0.4901290426874052 0.00038375738085930414
10 0.1 0.0 1.2 0.503778835536024 0.0003442389555700225
10 0.1 0.0 1.4 0.5107896387156146 0.0002836371933013671
10 0.1 0.0 1.6 0.5150692965391162 0.0002389505546964078
10 0.1 0.0 1.8 0.5181400956106071 0.00020994476622919996
10 0.1 0.0 2.0 0.5193026674702197 0.00021916951283746852
10 0.1 0.0 2.2 0.5205796857436584 0.00021585053468497356
10 0.1 0.0 2.4 0.5212481946128165 0.00021307054395397119
10 0.1 0.0 2.6 0.5221637581881666 0.0001987491817178089
10 0.1 0.0 2.8 0.5225964742997466 0.0001865911726115492
10 0.1 0.0 3.0 0.5224601453666725 0.00019749720977672297
10 0.1 0.1 0.0 0.38618658555539304 0.0001349152790562741
10 0.1 0.1 0.2 0.499484217104469 0.0002659544276754987
10 0.1 0.1 0.4 0.4926001111502789 0.00019748511702945252
10 0.1 0.1 0.6 0.5066656044479897 0.00017722032368810533
10 0.1 0.1 0.8 0.5170325614942778 0.00015296961345412363
10 0.1 0.1 1.0 0.5223886632313492 0.00012661841151056518
10 0.1 0.1 1.2 0.5249380237465023 0.00011393203162660178
10 0.1 0.1 1.4 0.5263383507767101 0.00011174108580348962
10 0.1 0.1 1.6 0.5269491699896001 0.00010584432266167078
10 0.1 0.1 1.8 0.5270526939275817 0.00011179037210033822
10 0.1 0.1 2.0 0.5271272367584575 0.00010906795323428764
10 0.1 0.1 2.2 0.5278674854406298 0.00010800644379510468
10 0.1 0.1 2.4 0.5278748561333417 0.00010860822318927198
10 0.1 0.1 2.6 0.5277107726142617 0.0001069713274866805
10 0.1 0.1 2.8 0.5277885830874478 0.00011535531710056573
10 0.1 0.1 3.0 0.5282139539584727 0.00010764579056650709
10 0.1 0.3 0.0 0.38624399607635646 0.0001320536180196218
10 0.1 0.3 0.2 0.513333001029296 0.0001128502718200565
10 0.1 0.3 0.4 0.5015045785655615 0.0001440651312612403
10 0.1 0.3 0.6 0.5114703849270603 0.00017375317880346313
10 0.1 0.3 0.8 0.520323161548921 0.00014701573529868708
10 0.1 0.3 1.0 0.5248526193173171 0.00012444078680273724
10 0.1 0.3 1.2 0.5267046421687052 0.00011960830244557168
10 0.1 0.3 1.4 0.5273732993815116 0.00010960666569577438
10 0.1 0.3 1.6 0.5276367813792446 0.00011214910436135898
10 0.1 0.3 1.8 0.5277559975755783 0.00011517214661278353
10 0.1 0.3 2.0 0.5277956514379286 0.00011158442571988347
10 0.1 0.3 2.2 0.5274855510643357 0.00012174531096694041
10 0.1 0.3 2.4 0.5275231622833142 0.00012087349341100802
10 0.1 0.3 2.6 0.5277238252893518 0.00011284818273822259
10 0.1 0.3 2.8 0.5274566924770381 0.00012520046157906147
10 0.1 0.3 3.0 0.527463794322958 0.00012878339443714393
10 0.1 0.5 0.0 0.3861209568867128 0.000144953575380692
10 0.1 0.5 0.2 0.5131387470391536 0.00011146076386502362
10 0.1 0.5 0.4 0.5015410691136933 0.00016401265666557532
10 0.1 0.5 0.6 0.5124781786174533 0.00018394011065340018
10 0.1 0.5 0.8 0.5209848044309702 0.00015726191715804264
10 0.1 0.5 1.0 0.5249454559239124 0.00012784899794786246
10 0.1 0.5 1.2 0.525965215453557 0.00013323415660942476
10 0.1 0.5 1.4 0.5258518766682104 0.00017035873078470736
10 0.1 0.5 1.6 0.5241110602588157 0.0002686555374858576
10 0.1 0.5 1.8 0.5221568737984724 0.000333471972457103
10 0.1 0.5 2.0 0.5189347658416398 0.0004638768736247363
10 0.1 0.5 2.2 0.5162355643600819 0.0005338712480919258
10 0.1 0.5 2.4 0.5122569379586567 0.0005975186691438394
10 0.1 0.5 2.6 0.5093169947903144 0.0006916334579829751
10 0.1 0.5 2.8 0.5055282545070561 0.0007466415532265433
10 0.1 0.5 3.0 0.50338808567111 0.0007688645646384255
10 0.1 0.8 0.0 0.3860143148981494 0.0001421802403640324
10 0.1 0.8 0.2 0.5065325074563085 0.0003097907088564671
10 0.1 0.8 0.4 0.49845946360569376 0.00028260434088487273
10 0.1 0.8 0.6 0.5081860160611575 0.00041886744782420725
10 0.1 0.8 0.8 0.5077026801764131 0.0006954408293832417
10 0.1 0.8 1.0 0.5042659058250827 0.0008238781042718215
10 0.1 0.8 1.2 0.49865533304486537 0.0008966918602196519
10 0.1 0.8 1.4 0.49175746687263966 0.0009198848172685331
10 0.1 0.8 1.6 0.48950231675928485 0.0009446099064575201
10 0.1 0.8 1.8 0.485717249651161 0.0009586334076501235
10 0.1 0.8 2.0 0.48204697928553863 0.0010120779752377633
10 0.1 0.8 2.2 0.4803915473538806 0.0009598947887685279
10 0.1 0.8 2.4 0.4771313933226017 0.0009427043500550549
10 0.1 0.8 2.6 0.4753801691920174 0.0009499675119249569
10 0.1 0.8 2.8 0.4726027636902703 0.0009601453635473479
10 0.1 0.8 3.0 0.4690104612439679 0.0009481362835343968
10 0.1 1.0 0.0 0.3863062012044403 0.00012932626395441247
10 0.1 1.0 0.2 0.4918127204353271 0.0006499521696615859
10 0.1 1.0 0.4 0.48854705640611196 0.000551465003078959
10 0.1 1.0 0.6 0.4908865935215074 0.0008707616197261559
10 0.1 1.0 0.8 0.4894223117100864 0.0009801042071212593
10 0.1 1.0 1.0 0.48313886704844305 0.0010368048807773043
10 0.1 1.0 1.2 0.48064148464344647 0.0010359759703425688
10 0.1 1.0 1.4 0.4773486708052852 0.0010204836876494283
10 0.1 1.0 1.6 0.47480501407375686 0.0010170916606521857
10 0.1 1.0 1.8 0.47191427558244436 0.001008839876471694
10 0.1 1.0 2.0 0.4684213095470038 0.0009679185459203759
10 0.1 1.0 2.2 0.4664258204399193 0.0009631323578222346
10 0.1 1.0 2.4 0.4650834281484887 0.0009705287247375077
10 0.1 1.0 2.6 0.4637325173429312 0.0009576580819567736
10 0.1 1.0 2.8 0.46241922158937904 0.0009200850295759928
10 0.1 1.0 3.0 0.46167234582174366 0.0009197634294655089
10 0.3 0.0 0.0 0.38577587997761953 0.0001917564392936779
10 0.3 0.0 0.2 0.502255085661054 0.0004953439763920624
10 0.3 0.0 0.4 0.49011957467353695 0.0005248105390160344
10 0.3 0.0 0.6 0.500672045107257 0.0003565904100251507
10 0.3 0.0 0.8 0.512770134260313 0.00024052687339054356
10 0.3 0.0 1.0 0.5189611794062013 0.0001654837898592613
10 0.3 0.0 1.2 0.523796211636502 0.0001338083427377141
10 0.3 0.0 1.4 0.5265729601044766 0.00012154959166871473
10 0.3 0.0 1.6 0.527130089446337 0.00010900899972762462
10 0.3 0.0 1.8 0.5283691150956111 0.00010834298413396518
10 0.3 0.0 2.0 0.5280739913394151 0.00010708141707408039
10 0.3 0.0 2.2 0.5290903357723657 0.00010712885631287107
10 0.3 0.0 2.4 0.5289903878068136 0.0001070530689176514
10 0.3 0.0 2.6 0.529228729190141 0.00010398385802523263
10 0.3 0.0 2.8 0.5294879456932087 9.626465163730871e-5
10 0.3 0.0 3.0 0.5294296781775866 0.00010304721202896317
10 0.3 0.1 0.0 0.38592865665799664 0.0001261308485299
10 0.3 0.1 0.2 0.5149607487446596 0.00018381020319782767
10 0.3 0.1 0.4 0.5078284010576553 0.0001826422605475253
10 0.3 0.1 0.6 0.5172390821120815 0.0001398716578304531
10 0.3 0.1 0.8 0.5240068028284584 0.00010682180474891808
10 0.3 0.1 1.0 0.526602300134293 0.00010124630895135484
10 0.3 0.1 1.2 0.527990651307048 0.00010209923614975051
10 0.3 0.1 1.4 0.5289687498602461 0.00010024073005444858
10 0.3 0.1 1.6 0.5294936927237754 9.907022089450734e-5
10 0.3 0.1 1.8 0.5294312511714533 0.00010116689877010067
10 0.3 0.1 2.0 0.5295318750149438 0.00010075675316761777
10 0.3 0.1 2.2 0.5298956224412468 0.00010321446278212853
10 0.3 0.1 2.4 0.5298763367939703 0.00010306789119222339
10 0.3 0.1 2.6 0.5298531706136624 0.00010442201540025641
10 0.3 0.1 2.8 0.5299712214215462 0.00010155528133551803
10 0.3 0.1 3.0 0.5299479993150039 0.0001018754247289877
10 0.3 0.3 0.0 0.38613242551293636 0.00012122563944157242
10 0.3 0.3 0.2 0.5211413331854462 0.00013283064159468953
10 0.3 0.3 0.4 0.5138352183464117 0.000153428017846871
10 0.3 0.3 0.6 0.5209475644063324 0.00012313498731799145
10 0.3 0.3 0.8 0.5269077815729701 0.00010726407851102114
10 0.3 0.3 1.0 0.5286370264371698 0.00010557550295253818
10 0.3 0.3 1.2 0.5296405576225511 0.00010390393214912533
10 0.3 0.3 1.4 0.5299547518994563 0.0001024790985191184
10 0.3 0.3 1.6 0.5299363761830032 0.00010211392293440261
10 0.3 0.3 1.8 0.529942279798166 0.00010184791693829985
10 0.3 0.3 2.0 0.5301516928680554 0.00010404796076318814
10 0.3 0.3 2.2 0.5298048749462976 0.00010335176109192004
10 0.3 0.3 2.4 0.5300635760254353 0.00010155082741358521
10 0.3 0.3 2.6 0.5300817435003388 0.00010520177990588606
10 0.3 0.3 2.8 0.5298521115326015 0.00010186664087834524
10 0.3 0.3 3.0 0.529959926610162 0.00010131623756255755
10 0.3 0.5 0.0 0.38626915348070556 0.00013594807647522475
10 0.3 0.5 0.2 0.5210531388287291 0.00013413898518397488
10 0.3 0.5 0.4 0.5136732741100762 0.000139938977246948
10 0.3 0.5 0.6 0.5216525958072773 0.00012956030366285064
10 0.3 0.5 0.8 0.527299494729039 0.00011190601717573683
10 0.3 0.5 1.0 0.5291752858571834 0.00010873816679200383
10 0.3 0.5 1.2 0.5295427619417872 0.00010448104207291403
10 0.3 0.5 1.4 0.5294357861482736 0.0001212522501238374
10 0.3 0.5 1.6 0.5283055799061963 0.0001931986430002964
10 0.3 0.5 1.8 0.5265157236991 0.0002904123951594549
10 0.3 0.5 2.0 0.5243751930244764 0.00040067908915283066
10 0.3 0.5 2.2 0.52010409627532 0.0005097058143086277
10 0.3 0.5 2.4 0.5175594606233171 0.0005780095712583624
10 0.3 0.5 2.6 0.513722883675425 0.0006382309878520478
10 0.3 0.5 2.8 0.5108490182687189 0.000713152072152379
10 0.3 0.5 3.0 0.5076786429771885 0.0007517324577872094
10 0.3 0.8 0.0 0.3862514369936212 0.00014998248810704862
10 0.3 0.8 0.2 0.5169225141064673 0.00025756510273045003
10 0.3 0.8 0.4 0.5098338789856309 0.00022293808368734443
10 0.3 0.8 0.6 0.5201898098095397 0.00023464198526341434
10 0.3 0.8 0.8 0.5204457652133812 0.0004818290336104918
10 0.3 0.8 1.0 0.514353030670793 0.0007204557688232901
10 0.3 0.8 1.2 0.5077222152598286 0.0008208067861648294
10 0.3 0.8 1.4 0.5032341599248703 0.0008921946681508606
10 0.3 0.8 1.6 0.4976453318410815 0.000914599388258253
10 0.3 0.8 1.8 0.49428038823802145 0.0009483969110643133
10 0.3 0.8 2.0 0.492088345394648 0.0009596530897820965
10 0.3 0.8 2.2 0.4870466346121363 0.0009639704835618421
10 0.3 0.8 2.4 0.4848164655859506 0.0009751098779184967
10 0.3 0.8 2.6 0.48244885681522276 0.0009654625555982119
10 0.3 0.8 2.8 0.47933880554324787 0.0009830099547925308
10 0.3 0.8 3.0 0.47958742247337194 0.000955191528304471
10 0.3 1.0 0.0 0.38625900323533463 0.0001433676111996851
10 0.3 1.0 0.2 0.506330296854056 0.0005180088009322316
10 0.3 1.0 0.4 0.5050343526631949 0.0003774862994650699
10 0.3 1.0 0.6 0.509222743429995 0.000663896686807215
10 0.3 1.0 0.8 0.5030482156782365 0.0008862849379964215
10 0.3 1.0 1.0 0.4944888892153301 0.0009744572306143435
10 0.3 1.0 1.2 0.4905342308807191 0.001000595187461034
10 0.3 1.0 1.4 0.4871122526607308 0.0010060788630679033
10 0.3 1.0 1.6 0.4823812105393699 0.000984332746970791
10 0.3 1.0 1.8 0.4837625399171252 0.001006060635828423
10 0.3 1.0 2.0 0.48010284760377053 0.0009974486596184592
10 0.3 1.0 2.2 0.4788121718668452 0.0009980422125692395
10 0.3 1.0 2.4 0.47560651772811646 0.0009809987005066404
10 0.3 1.0 2.6 0.4759458334908796 0.0009805608216122892
10 0.3 1.0 2.8 0.47227847987432225 0.0009689881480995554
10 0.3 1.0 3.0 0.47137505613190767 0.0009498277214993322
10 0.5 0.0 0.0 0.3861964635227997 0.00014047114553847177
10 0.5 0.0 0.2 0.5195362952375004 0.00019510741658436653
10 0.5 0.0 0.4 0.5108759672920901 0.0003028746845841167
10 0.5 0.0 0.6 0.5156835506644165 0.00024144861044869686
10 0.5 0.0 0.8 0.5220272024577719 0.00016525946187895363
10 0.5 0.0 1.0 0.5250063483955274 0.0001314025851835054
10 0.5 0.0 1.2 0.527108058057842 0.0001124703122100476
10 0.5 0.0 1.4 0.5286162463343351 0.00010584351674679104
10 0.5 0.0 1.6 0.5290102971167085 0.00010473258463445451
10 0.5 0.0 1.8 0.5293665862587618 0.00010479130095243689
10 0.5 0.0 2.0 0.5293206503841233 0.00010387364851557994
10 0.5 0.0 2.2 0.5298981045277501 0.00010037442532819058
10 0.5 0.0 2.4 0.5298490092732872 0.00010142756854552961
10 0.5 0.0 2.6 0.5299824658067602 0.00010128528829875382
10 0.5 0.0 2.8 0.5300175831052539 0.00010694840876878582
10 0.5 0.0 3.0 0.5301077681753434 0.00010113577940135553
10 0.5 0.1 0.0 0.386244564822793 0.00013088371904113977
10 0.5 0.1 0.2 0.522052298938975 0.0001354344393629173
10 0.5 0.1 0.4 0.5157318832648077 0.0001620249846135138
10 0.5 0.1 0.6 0.5209178651608053 0.00011788562434009526
10 0.5 0.1 0.8 0.5258603452353996 0.00011096218517015793
10 0.5 0.1 1.0 0.52808712079361 0.00010243978725027402
10 0.5 0.1 1.2 0.528905484757777 0.0001030863634513925
10 0.5 0.1 1.4 0.5295674347587136 0.00010601488173587022
10 0.5 0.1 1.6 0.5299693729194555 0.00010232600902461819
10 0.5 0.1 1.8 0.5299102377910343 9.964674862545063e-5
10 0.5 0.1 2.0 0.5300788727894605 0.00010186369917749153
10 0.5 0.1 2.2 0.5301407458286622 0.00010279154415498999
10 0.5 0.1 2.4 0.530173668079768 0.00010107030845537472
10 0.5 0.1 2.6 0.5301696960005462 9.970491166946744e-5
10 0.5 0.1 2.8 0.5303955983027133 0.00010266646456992686
10 0.5 0.1 3.0 0.5302125639619493 9.99887510684198e-5
10 0.5 0.3 0.0 0.38612322955957856 0.00012347222130445256
10 0.5 0.3 0.2 0.5239493406650076 0.0001157614313212828
10 0.5 0.3 0.4 0.5187635257840977 0.00012901337524495713
10 0.5 0.3 0.6 0.523624918670627 0.0001197105611299914
10 0.5 0.3 0.8 0.5280767754354005 0.00010494217552391712
10 0.5 0.3 1.0 0.529403181971775 0.00010174735787276655
10 0.5 0.3 1.2 0.5299872085572541 0.00010179153404219437
10 0.5 0.3 1.4 0.5303062295843562 0.00010513909501258825
10 0.5 0.3 1.6 0.5301888805391439 0.0001017745988120205
10 0.5 0.3 1.8 0.5304690738707559 0.00010399595033668762
10 0.5 0.3 2.0 0.5301480072186988 0.00010433819117314142
10 0.5 0.3 2.2 0.530274835090119 0.00010163155243143351
10 0.5 0.3 2.4 0.5302049418396753 0.00010176054232474557
10 0.5 0.3 2.6 0.5302604732738294 0.00010151184724105338
10 0.5 0.3 2.8 0.5302369687145935 9.94150984558306e-5
10 0.5 0.3 3.0 0.5299136700141288 0.00010663064159780807
10 0.5 0.5 0.0 0.38622039845362877 0.0001384358290072
10 0.5 0.5 0.2 0.524221276922235 0.0001137313467056741
10 0.5 0.5 0.4 0.5183478344441002 0.00012832608206240982
10 0.5 0.5 0.6 0.5244070662810166 0.0001199292810950024
10 0.5 0.5 0.8 0.5285004420281723 0.00011190936355252012
10 0.5 0.5 1.0 0.529628636840396 0.00010280320073076975
10 0.5 0.5 1.2 0.5298908498604394 0.00010076073783285844
10 0.5 0.5 1.4 0.5298476003454414 0.00011255863840897753
10 0.5 0.5 1.6 0.5291136558056786 0.00017328847314804582
10 0.5 0.5 1.8 0.5278544588971168 0.00025277525067926777
10 0.5 0.5 2.0 0.5252932180802413 0.0003436503729878459
10 0.5 0.5 2.2 0.5234488408376451 0.0004147537310504448
10 0.5 0.5 2.4 0.5200783749794242 0.0005134881945044539
10 0.5 0.5 2.6 0.5168482487546648 0.0005983390855399379
10 0.5 0.5 2.8 0.5135302209197845 0.0006770532216788696
10 0.5 0.5 3.0 0.5090732780187126 0.000738030413782677
10 0.5 0.8 0.0 0.3861179584026172 0.0001636220781482471
10 0.5 0.8 0.2 0.520430792582779 0.00022226650222576883
10 0.5 0.8 0.4 0.5150876928803811 0.00019921620022237844
10 0.5 0.8 0.6 0.5234239651780972 0.0001724756612831255
10 0.5 0.8 0.8 0.5247716369628843 0.0003181370958823828
10 0.5 0.8 1.0 0.5181566842311929 0.0006254871215243118
10 0.5 0.8 1.2 0.5104960907248802 0.0007963461717385611
10 0.5 0.8 1.4 0.5059548854458151 0.0008666783390446433
10 0.5 0.8 1.6 0.5009859110529856 0.0008998494206332829
10 0.5 0.8 1.8 0.49802142147177814 0.0009166309329081009
10 0.5 0.8 2.0 0.49324356217075693 0.0009612723309323709
10 0.5 0.8 2.2 0.49038024081543036 0.0010018588094160294
10 0.5 0.8 2.4 0.48684300615686044 0.0009968123955503812
10 0.5 0.8 2.6 0.4825540373490419 0.0009722107591956271
10 0.5 0.8 2.8 0.48307014232957113 0.0009684990330123038
10 0.5 0.8 3.0 0.4808184801522374 0.0009928299007105747
10 0.5 1.0 0.0 0.38602697939428765 0.0001266192497098534
10 0.5 1.0 0.2 0.5127662888624551 0.00042621597354397956
10 0.5 1.0 0.4 0.5116793187799091 0.00032883609918988465
10 0.5 1.0 0.6 0.5160302386182309 0.0005258175245259516
10 0.5 1.0 0.8 0.5106549635308593 0.000762226064330019
10 0.5 1.0 1.0 0.501332199592104 0.0009150844556103245
10 0.5 1.0 1.2 0.4957203515842017 0.0009548561749948734
10 0.5 1.0 1.4 0.4912932592275535 0.0009721915075337352
10 0.5 1.0 1.6 0.4867671172831552 0.0009955158611713159
10 0.5 1.0 1.8 0.48433116849210534 0.0010399842212745105
10 0.5 1.0 2.0 0.48191293362461474 0.000981526691463829
10 0.5 1.0 2.2 0.480343306046363 0.0009718930591912176
10 0.5 1.0 2.4 0.47908079800479464 0.0009864102150883094
10 0.5 1.0 2.6 0.47434710146531556 0.0009898425973089348
10 0.5 1.0 2.8 0.47535048326514917 0.0009671601423644144
10 0.5 1.0 3.0 0.4723406211328875 0.0009484615700207066
10 0.8 0.0 0.0 0.38612385369148045 0.00016426153841321814
10 0.8 0.0 0.2 0.5235028606726558 0.00012435343053793872
10 0.8 0.0 0.4 0.5213524163804453 0.00016988397680167173
10 0.8 0.0 0.6 0.5234354031834785 0.00014080719701276193
10 0.8 0.0 0.8 0.5266521984199269 0.0001240526029815735
10 0.8 0.0 1.0 0.5283186309836099 0.00010528167645693166
10 0.8 0.0 1.2 0.5288416295448933 0.00010881860054944211
10 0.8 0.0 1.4 0.5298436316966405 9.996064035151264e-5
10 0.8 0.0 1.6 0.5297431478774102 0.00010182874953261971
10 0.8 0.0 1.8 0.5300286015968987 0.00010050442411394931
10 0.8 0.0 2.0 0.5300691651615774 0.00010049056366873846
10 0.8 0.0 2.2 0.5302376068870454 0.00010235205832365278
10 0.8 0.0 2.4 0.530246315288335 9.967204451394138e-5
10 0.8 0.0 2.6 0.530297388442514 0.0001021912002949476
10 0.8 0.0 2.8 0.5303833165334066 0.00010265606567431233
10 0.8 0.0 3.0 0.530408511626151 0.00010131151475889163
10 0.8 0.1 0.0 0.38574339802206226 0.0001582311344719868
10 0.8 0.1 0.2 0.5239364129157951 0.00011390598971381797
10 0.8 0.1 0.4 0.5221988143612907 0.00014046077831883423
10 0.8 0.1 0.6 0.5246322568216683 0.00011582292900584814
10 0.8 0.1 0.8 0.5275596419022837 0.0001054066171303829
10 0.8 0.1 1.0 0.5289370861388383 0.00010506850982629535
10 0.8 0.1 1.2 0.529494046827778 0.00010326225231000034
10 0.8 0.1 1.4 0.5299183035899352 0.00010281813889790769
10 0.8 0.1 1.6 0.530083449425804 0.0001015768080399383
10 0.8 0.1 1.8 0.5301926724707138 0.00010122408791744744
10 0.8 0.1 2.0 0.530321727961391 0.00010289268577917413
10 0.8 0.1 2.2 0.530167795101254 0.00010484069500889162
10 0.8 0.1 2.4 0.5304516474488828 0.00010347575688121289
10 0.8 0.1 2.6 0.5302913352951837 0.00010055424291146682
10 0.8 0.1 2.8 0.5304294511993568 0.00010377131882162023
10 0.8 0.1 3.0 0.5304256985001368 0.00010148917532544611
10 0.8 0.3 0.0 0.3861530532623346 0.00013060184216131984
10 0.8 0.3 0.2 0.5243737967407652 0.0001120248830480992
10 0.8 0.3 0.4 0.5228650199573694 0.00012554744022307777
10 0.8 0.3 0.6 0.5259092937789465 0.00011408413222516753
10 0.8 0.3 0.8 0.5287467035889449 0.00010240110024956871
10 0.8 0.3 1.0 0.5298393079476957 0.00010148356078988495
10 0.8 0.3 1.2 0.5298883729006785 0.00010073925752172906
10 0.8 0.3 1.4 0.5302719417983411 0.00010172234844907213
10 0.8 0.3 1.6 0.5303192613408615 0.00010198821257861613
10 0.8 0.3 1.8 0.5303541486846786 0.00010361510470757393
10 0.8 0.3 2.0 0.5302205287826673 0.00010452734077770233
10 0.8 0.3 2.2 0.5302434738776985 0.00010088742690536686
10 0.8 0.3 2.4 0.5304223582840797 0.00010166788036533914
10 0.8 0.3 2.6 0.5307075149552626 0.00010540362038399597
10 0.8 0.3 2.8 0.5304433670350703 0.00010478185152772516
10 0.8 0.3 3.0 0.5304635079945441 0.00010416136413477684
10 0.8 0.5 0.0 0.38630572927195783 0.00013781947213701613
10 0.8 0.5 0.2 0.5245072210621515 0.00011522738103891408
10 0.8 0.5 0.4 0.5229462236960922 0.000130812430818631
10 0.8 0.5 0.6 0.526232596863577 0.00010935027545840411
10 0.8 0.5 0.8 0.5289595804354343 0.00010062565493470797
10 0.8 0.5 1.0 0.5298472143654097 0.00010379605015118126
10 0.8 0.5 1.2 0.5300486721185433 0.00010065640559199924
10 0.8 0.5 1.4 0.5301831764302136 0.00010777045107517323
10 0.8 0.5 1.6 0.5296098489853502 0.0001291645047350579
10 0.8 0.5 1.8 0.5285179879274351 0.000201715489058011
10 0.8 0.5 2.0 0.5265406127329416 0.0002927740917455147
10 0.8 0.5 2.2 0.5245856641396618 0.00039389001790232674
10 0.8 0.5 2.4 0.5206890076482684 0.0005155179189634621
10 0.8 0.5 2.6 0.5182214238683859 0.0005538564243172098
10 0.8 0.5 2.8 0.5148677729209152 0.0006664065346621466
10 0.8 0.5 3.0 0.5108284303427488 0.0007047382577171599
10 0.8 0.8 0.0 0.38616368106050203 0.0001209333229546413
10 0.8 0.8 0.2 0.522380130287476 0.000161082626579182
10 0.8 0.8 0.4 0.5205131633103416 0.0001747523290155142
10 0.8 0.8 0.6 0.5252428040068777 0.0001492575575509924
10 0.8 0.8 0.8 0.5266764079105942 0.00025847160029109946
10 0.8 0.8 1.0 0.5233860240088568 0.00048729528619943
10 0.8 0.8 1.2 0.5164949420177183 0.0006847061397995981
10 0.8 0.8 1.4 0.5093372799556711 0.0008043390455279765
10 0.8 0.8 1.6 0.5039098284373407 0.0008696024545725276
10 0.8 0.8 1.8 0.4987534014361056 0.00092281602869737
10 0.8 0.8 2.0 0.49465631230261986 0.0009435913260440688
10 0.8 0.8 2.2 0.49178288159466205 0.0009824473250699517
10 0.8 0.8 2.4 0.4853372261976176 0.0009908455266696061
10 0.8 0.8 2.6 0.48444151424753906 0.0009595471465788663
10 0.8 0.8 2.8 0.481085959932152 0.0009746178211234792
10 0.8 0.8 3.0 0.4771079423257445 0.0009990674250554244
10 0.8 1.0 0.0 0.38584564781987335 0.00014853718246391392
10 0.8 1.0 0.2 0.5185103927606108 0.0003395448887360848
10 0.8 1.0 0.4 0.5175780349274717 0.000267561035526618
10 0.8 1.0 0.6 0.519708350002764 0.0004539025158075499
10 0.8 1.0 0.8 0.5158715666630452 0.0006643933770284094
10 0.8 1.0 1.0 0.507710845512655 0.0008286961582292427
10 0.8 1.0 1.2 0.5030236836670158 0.0008995635531025934
10 0.8 1.0 1.4 0.4952027913499988 0.0009643721864328465
10 0.8 1.0 1.6 0.49014534956549505 0.0009841408322789134
10 0.8 1.0 1.8 0.48795448051421286 0.0009803690635671125
10 0.8 1.0 2.0 0.48351780976218206 0.0010257736081786565
10 0.8 1.0 2.2 0.481265594676497 0.000985829844224726
10 0.8 1.0 2.4 0.47900584673675134 0.0009714722975222951
10 0.8 1.0 2.6 0.4769270818675512 0.001007367313175082
10 0.8 1.0 2.8 0.4731448631893326 0.0010057272150814376
10 0.8 1.0 3.0 0.46931199855088174 0.0009900019679787732
10 1.0 0.0 0.0 0.3858748744585562 0.00014546084265738092
10 1.0 0.0 0.2 0.523299937088845 0.00013048351089174585
10 1.0 0.0 0.4 0.5235860103901289 0.0001335919498052136
10 1.0 0.0 0.6 0.5255358180186152 0.00011924354194871649
10 1.0 0.0 0.8 0.5279330125849026 0.00011495021038305632
10 1.0 0.0 1.0 0.5290321583626765 0.00010999291384216759
10 1.0 0.0 1.2 0.5294651771304832 0.00010523636359274315
10 1.0 0.0 1.4 0.5296910759142692 0.00010244338300663515
10 1.0 0.0 1.6 0.5299654903218822 0.0001000004731151925
10 1.0 0.0 1.8 0.5300981295269914 0.00010232244546712005
10 1.0 0.0 2.0 0.5301157753768484 9.697933925870436e-5
10 1.0 0.0 2.2 0.5301046345542795 0.00010619177457483781
10 1.0 0.0 2.4 0.5302435900813873 0.00010386399015522327
10 1.0 0.0 2.6 0.5301642389617534 0.00010724246614625494
10 1.0 0.0 2.8 0.5301665397005478 0.00010438599660108922
10 1.0 0.0 3.0 0.5304250852229867 0.00010178685013833883
10 1.0 0.1 0.0 0.3862272543342635 0.00013552640255971605
10 1.0 0.1 0.2 0.5235914208256767 0.00013325566023213796
10 1.0 0.1 0.4 0.5241206940744791 0.00011973672179503911
10 1.0 0.1 0.6 0.5262349150377923 0.00011310141894250375
10 1.0 0.1 0.8 0.5281932237880737 0.00010280953539793485
10 1.0 0.1 1.0 0.529216234378715 0.0001069919125224381
10 1.0 0.1 1.2 0.5295778581672742 0.00010661604952784341
10 1.0 0.1 1.4 0.530141889854259 0.00010449572882389881
10 1.0 0.1 1.6 0.5301282822184512 0.00010135152161650902
10 1.0 0.1 1.8 0.5302234022208216 0.0001010798565549106
10 1.0 0.1 2.0 0.53015153118926 0.00010358821536636627
10 1.0 0.1 2.2 0.5303299791041771 0.00010656540126124509
10 1.0 0.1 2.4 0.5301670838962124 0.00010145579790946262
10 1.0 0.1 2.6 0.530269281576132 0.00010074812943616112
10 1.0 0.1 2.8 0.5304846172211996 0.00010129091284953914
10 1.0 0.1 3.0 0.5303964137569104 0.00010338102090333724
10 1.0 0.3 0.0 0.3861830772688387 0.00011589000907629384
10 1.0 0.3 0.2 0.5238863254693397 0.00012883136130628826
10 1.0 0.3 0.4 0.524313791955719 0.00012272593995942983
10 1.0 0.3 0.6 0.5267336831124019 0.00010108247781112485
10 1.0 0.3 0.8 0.5288567688926574 0.00010480126220507356
10 1.0 0.3 1.0 0.5297469575227 0.00010341945066310774
10 1.0 0.3 1.2 0.5298496314163784 0.00010308095744879417
10 1.0 0.3 1.4 0.5302536290616674 0.00010240501176896965
10 1.0 0.3 1.6 0.5302371380522193 9.856124988020737e-5
10 1.0 0.3 1.8 0.5302663467724436 0.00010031853506189413
10 1.0 0.3 2.0 0.530216094861634 0.0001033659343230116
10 1.0 0.3 2.2 0.5300460315329862 0.00010557529364043767
10 1.0 0.3 2.4 0.5299241428636958 0.00010278179343597243
10 1.0 0.3 2.6 0.5301600749817399 0.00010559380857756001
10 1.0 0.3 2.8 0.530241053086338 0.00010467781801015252
10 1.0 0.3 3.0 0.5301358114198045 0.00010452534926761677
10 1.0 0.5 0.0 0.38608051877029304 0.0001344985251796886
10 1.0 0.5 0.2 0.5235720892261914 0.00013563884630215232
10 1.0 0.5 0.4 0.5241690285148088 0.00012372762027449175
10 1.0 0.5 0.6 0.5268013751648859 0.00010676483091285555
10 1.0 0.5 0.8 0.5291338024703838 0.00010285841978487256
10 1.0 0.5 1.0 0.5298547509232796 0.00010484917857138705
10 1.0 0.5 1.2 0.5301405420920455 9.867569593018854e-5
10 1.0 0.5 1.4 0.5303252926470148 0.00010835670365284945
10 1.0 0.5 1.6 0.5297929935226351 0.00011447650964119607
10 1.0 0.5 1.8 0.5291275805600903 0.00016195838633649334
10 1.0 0.5 2.0 0.5272051472938859 0.0002546056962214888
10 1.0 0.5 2.2 0.5247736976751338 0.0003711687946371019
10 1.0 0.5 2.4 0.5206466823164649 0.0005143000590936392
10 1.0 0.5 2.6 0.5181286563795691 0.0006053850024567051
10 1.0 0.5 2.8 0.5136333345292575 0.00067264225857327
10 1.0 0.5 3.0 0.510474865260371 0.0007279463860353994
10 1.0 0.8 0.0 0.3860212734415584 0.00013818630195194532
10 1.0 0.8 0.2 0.5221819105574717 0.00017956813599180683
10 1.0 0.8 0.4 0.5221197143632631 0.0001663767937501571
10 1.0 0.8 0.6 0.5262439152961198 0.00012808274417624172
10 1.0 0.8 0.8 0.527404958619498 0.00023478764743162952
10 1.0 0.8 1.0 0.5246600850121277 0.0004162775094586395
10 1.0 0.8 1.2 0.5172951665615166 0.0006510576195666234
10 1.0 0.8 1.4 0.5120657030636615 0.0007637067648923065
10 1.0 0.8 1.6 0.5045302642963735 0.0008608544044694162
10 1.0 0.8 1.8 0.5017610538972603 0.0008869666185580817
10 1.0 0.8 2.0 0.4954663355457649 0.0009122743896776057
10 1.0 0.8 2.2 0.4891700338903673 0.0010025425980958876
10 1.0 0.8 2.4 0.48746703719357276 0.0009644892437073555
10 1.0 0.8 2.6 0.48308502049833124 0.0009787550628770911
10 1.0 0.8 2.8 0.4796868943095549 0.0009929493007539664
10 1.0 0.8 3.0 0.4763782407238276 0.001028154050918181
10 1.0 1.0 0.0 0.386194847227819 0.00013577244984919014
10 1.0 1.0 0.2 0.5188163789024832 0.0002902570311023637
10 1.0 1.0 0.4 0.5200899785000606 0.0002699439295665666
10 1.0 1.0 0.6 0.5220311136543117 0.00040875461647753026
10 1.0 1.0 0.8 0.5188577983782381 0.0005894185988235282
10 1.0 1.0 1.0 0.5110613322239578 0.0008098077985579756
10 1.0 1.0 1.2 0.5036221483364081 0.000899195994640892
10 1.0 1.0 1.4 0.49810584620862963 0.0009371047206812522
10 1.0 1.0 1.6 0.49282897421516425 0.0009567446929942314
10 1.0 1.0 1.8 0.48596044638156816 0.0009894704177489057
10 1.0 1.0 2.0 0.48416482760561763 0.0009979624762582553
10 1.0 1.0 2.2 0.48000030349905537 0.00102026317122556
10 1.0 1.0 2.4 0.47655308686389364 0.0010065758906112772
10 1.0 1.0 2.6 0.47411758769930235 0.0010039690091074769
10 1.0 1.0 2.8 0.4702762992346994 0.0009828848964757624
10 1.0 1.0 3.0 0.46696668055049906 0.0010089849925433447
10 1.5 0.0 0.0 0.386229295477183 0.00012860827332699667
10 1.5 0.0 0.2 0.5191111598940181 0.00020357693666216592
10 1.5 0.0 0.4 0.5249447230942877 0.00011456201243730392
10 1.5 0.0 0.6 0.5271480654182754 0.0001113277217787425
10 1.5 0.0 0.8 0.5286712659825056 0.00010257090932489578
10 1.5 0.0 1.0 0.5297306737760391 0.00010453185997229962
10 1.5 0.0 1.2 0.5296379853162074 0.00010712113658503327
10 1.5 0.0 1.4 0.5297446972017277 0.00010582170965951208
10 1.5 0.0 1.6 0.5297438244528365 0.00010773224671487755
10 1.5 0.0 1.8 0.5295844439231676 0.0001076198492569648
10 1.5 0.0 2.0 0.5294865595605149 0.00011148852113214734
10 1.5 0.0 2.2 0.5291733229927101 0.0001166700540160776
10 1.5 0.0 2.4 0.5291567238537915 0.00012418324524157123
10 1.5 0.0 2.6 0.5290458922666947 0.0001239750436705966
10 1.5 0.0 2.8 0.5289250588962975 0.00013964160385677359
10 1.5 0.0 3.0 0.5288794795347597 0.00014728937461945288
10 1.5 0.1 0.0 0.3859613081155224 0.00015236167211201527
10 1.5 0.1 0.2 0.5189519422660211 0.0002035456227945049
10 1.5 0.1 0.4 0.5250439880380374 0.00011473838391127296
10 1.5 0.1 0.6 0.5273921043817493 0.00010788638186932062
10 1.5 0.1 0.8 0.5287916972590623 0.00010489207871838157
10 1.5 0.1 1.0 0.5295372488723051 0.00010594299866316177
10 1.5 0.1 1.2 0.5295024642234548 0.00010328602715610193
10 1.5 0.1 1.4 0.5296828084404959 0.0001047631024458552
10 1.5 0.1 1.6 0.5296246199859029 0.00010361807252685615
10 1.5 0.1 1.8 0.5295568671346982 0.000109954361357066
10 1.5 0.1 2.0 0.5292565124744324 0.0001128751318978755
10 1.5 0.1 2.2 0.5291425015591298 0.00011246422063830357
10 1.5 0.1 2.4 0.5291967160041728 0.00011778689359487316
10 1.5 0.1 2.6 0.5288589860932146 0.00013910200230317943
10 1.5 0.1 2.8 0.5287581237516338 0.00013917564420966677
10 1.5 0.1 3.0 0.5289360576895871 0.0001441412132546932
10 1.5 0.3 0.0 0.3863291429906868 0.00011058393592704182
10 1.5 0.3 0.2 0.5191969201397215 0.00021454142764075834
10 1.5 0.3 0.4 0.5253573993017799 0.00011373517158647575
10 1.5 0.3 0.6 0.5274495858812551 0.00010320451353041471
10 1.5 0.3 0.8 0.5289242102297576 0.00010473503108729769
10 1.5 0.3 1.0 0.529600485499464 0.00010647659517445937
10 1.5 0.3 1.2 0.5296777908613988 0.00010678769812236205
10 1.5 0.3 1.4 0.5296515431636712 0.00010590663113950897
10 1.5 0.3 1.6 0.5295812440384197 0.00010612928541704169
10 1.5 0.3 1.8 0.5293916194394304 0.00010911510169149861
10 1.5 0.3 2.0 0.5291338788830893 0.00012073791219381048
10 1.5 0.3 2.2 0.5291011578102501 0.00011693422141125716
10 1.5 0.3 2.4 0.5287297094499548 0.0001291609851534264
10 1.5 0.3 2.6 0.5283162309850319 0.000155393194990142
10 1.5 0.3 2.8 0.5283184522690207 0.00015541166159672531
10 1.5 0.3 3.0 0.5278605413966709 0.00016471628718234155
10 1.5 0.5 0.0 0.3860731544808877 0.00013074751711119717
10 1.5 0.5 0.2 0.5188984222432571 0.0002308781182391891
10 1.5 0.5 0.4 0.5252323561406054 0.00011931184236472899
10 1.5 0.5 0.6 0.527341543391689 0.0001072019110949066
10 1.5 0.5 0.8 0.5290464789851296 0.00011027540624594796
10 1.5 0.5 1.0 0.5295868593651551 0.00010681858001964105
10 1.5 0.5 1.2 0.5296065761244053 0.00010555282652379176
10 1.5 0.5 1.4 0.5296323599980179 0.00010277762904474894
10 1.5 0.5 1.6 0.5292329836663632 0.00011263281722887104
10 1.5 0.5 1.8 0.5285452753509952 0.00014029883394359993
10 1.5 0.5 2.0 0.5270056618295356 0.00024212032026844592
10 1.5 0.5 2.2 0.5241368550948735 0.0003393770818080161
10 1.5 0.5 2.4 0.5202897012971892 0.0004726632829610139
10 1.5 0.5 2.6 0.515919058540824 0.0006052937687570174
10 1.5 0.5 2.8 0.5121988045457526 0.0006749888794156437
10 1.5 0.5 3.0 0.506206320824984 0.0008096127785624192
10 1.5 0.8 0.0 0.38596765058022287 0.00015275421182169775
10 1.5 0.8 0.2 0.5185680633254878 0.00024309526367932135
10 1.5 0.8 0.4 0.524386876384909 0.0001333028923778896
10 1.5 0.8 0.6 0.5270723568199667 0.00011100536536448304
10 1.5 0.8 0.8 0.5281661416777794 0.00017039082557375435
10 1.5 0.8 1.0 0.526055576180506 0.00034535554065473966
10 1.5 0.8 1.2 0.521492293109554 0.0005207260651914744
10 1.5 0.8 1.4 0.5137144574515833 0.0007292406475752583
10 1.5 0.8 1.6 0.508645375293231 0.0007934471194631715
10 1.5 0.8 1.8 0.5018082847434325 0.0008790553364692803
10 1.5 0.8 2.0 0.4942385575080086 0.0009625420303356257
10 1.5 0.8 2.2 0.4901477987173288 0.0009758959807377864
10 1.5 0.8 2.4 0.48210784948109253 0.001022464940426725
10 1.5 0.8 2.6 0.47740488882135396 0.0010461247420997305
10 1.5 0.8 2.8 0.47356549350997923 0.0010566301203434863
10 1.5 0.8 3.0 0.4686852280527982 0.0010764682633242239
10 1.5 1.0 0.0 0.38621501314565865 0.00012722998087404109
10 1.5 1.0 0.2 0.5175912053341849 0.00028679581998570933
10 1.5 1.0 0.4 0.5226568446043318 0.00023998996350904923
10 1.5 1.0 0.6 0.5252726318552817 0.00026133046439951005
10 1.5 1.0 0.8 0.5203936868137121 0.0005451903507176537
10 1.5 1.0 1.0 0.5135567560850918 0.0007259992113169121
10 1.5 1.0 1.2 0.5055393062331031 0.0008876752283531205
10 1.5 1.0 1.4 0.5003987630694674 0.0009432522334898488
10 1.5 1.0 1.6 0.49317453903327213 0.0009981351716819675
10 1.5 1.0 1.8 0.48817558538589045 0.0010073604337661355
10 1.5 1.0 2.0 0.4819147140773478 0.001016125032291294
10 1.5 1.0 2.2 0.47690054491181844 0.0010019919039017265
10 1.5 1.0 2.4 0.4708990481132207 0.0010164880422539654
10 1.5 1.0 2.6 0.4656179768161506 0.0010235639529450062
10 1.5 1.0 2.8 0.4614422713177121 0.0010022982226437886
10 1.5 1.0 3.0 0.45743766424258087 0.0010206905223548595
10 2.0 0.0 0.0 0.3859966048022223 0.0001478095989457066
10 2.0 0.0 0.2 0.5112617242235422 0.0003530081986951397
10 2.0 0.0 0.4 0.5236735958447776 0.00016588500804723665
10 2.0 0.0 0.6 0.5268721747409809 0.00013160825704078464
10 2.0 0.0 0.8 0.5280529225383013 0.0001279300482725676
10 2.0 0.0 1.0 0.52848519597785 0.00012780428924686973
10 2.0 0.0 1.2 0.5286414889285419 0.0001313184054508267
10 2.0 0.0 1.4 0.5285917984076951 0.000133925095398107
10 2.0 0.0 1.6 0.5279389934667315 0.0001575628064346826
10 2.0 0.0 1.8 0.5272746336463386 0.00018004508606529702
10 2.0 0.0 2.0 0.5267211855649667 0.00019006345701339954
10 2.0 0.0 2.2 0.5261163615822322 0.00021475331288052868
10 2.0 0.0 2.4 0.5253911632037154 0.00023041094061618288
10 2.0 0.0 2.6 0.5242098833897444 0.00027146192474912897
10 2.0 0.0 2.8 0.5236665286762608 0.00031763760282829613
10 2.0 0.0 3.0 0.5224697863545891 0.00037118685574646503
10 2.0 0.1 0.0 0.3861529524032528 0.00011191269568005669
10 2.0 0.1 0.2 0.5116772699123197 0.00034301968006848364
10 2.0 0.1 0.4 0.5239525951143118 0.0001601865921230059
10 2.0 0.1 0.6 0.5267495471925467 0.00013880181696485696
10 2.0 0.1 0.8 0.5282672929546424 0.00012083946823560167
10 2.0 0.1 1.0 0.5285856838425943 0.0001298230465698438
10 2.0 0.1 1.2 0.528570712611822 0.00013932625114965492
10 2.0 0.1 1.4 0.528513747100225 0.00013535396348842346
10 2.0 0.1 1.6 0.5283643835135741 0.00013242213511346687
10 2.0 0.1 1.8 0.5276780730425125 0.00015956430720775569
10 2.0 0.1 2.0 0.527073793523144 0.00017972786611124674
10 2.0 0.1 2.2 0.5259137963791393 0.0002050923476920465
10 2.0 0.1 2.4 0.5246097860930116 0.00028994832685545746
10 2.0 0.1 2.6 0.5236277842146783 0.0003114245402602766
10 2.0 0.1 2.8 0.5229243039009058 0.00033845603689738944
10 2.0 0.1 3.0 0.5219999952077843 0.0003882986217451303
10 2.0 0.3 0.0 0.38622215522615705 0.00011577062714759949
10 2.0 0.3 0.2 0.5117458474746552 0.000340193975091781
10 2.0 0.3 0.4 0.5236506242989019 0.0001646344160894584
10 2.0 0.3 0.6 0.5268285179456298 0.00012499958667497934
10 2.0 0.3 0.8 0.5281189632157055 0.00012588074003040548
10 2.0 0.3 1.0 0.52860751218846 0.00012344364688771626
10 2.0 0.3 1.2 0.5286868470542501 0.00013616687826983062
10 2.0 0.3 1.4 0.5283621252698459 0.00013419627492841914
10 2.0 0.3 1.6 0.5279203618328834 0.00014082666058579785
10 2.0 0.3 1.8 0.5270984651185726 0.000159054858094368
10 2.0 0.3 2.0 0.5265306170537392 0.00019070926437592573
10 2.0 0.3 2.2 0.5257381175242886 0.0002014315404900601
10 2.0 0.3 2.4 0.5244837695022011 0.0002631241347553246
10 2.0 0.3 2.6 0.5224813093603657 0.00032622849631071667
10 2.0 0.3 2.8 0.521838998084468 0.00036404407236825885
10 2.0 0.3 3.0 0.5208749030490119 0.0003799329250582939
10 2.0 0.5 0.0 0.3861027840020571 0.00011344408314173016
10 2.0 0.5 0.2 0.5122391665542481 0.000342164047531968
10 2.0 0.5 0.4 0.523679307712259 0.00016378429203401434
10 2.0 0.5 0.6 0.526888834211337 0.00013460016881403167
10 2.0 0.5 0.8 0.5280905079256722 0.00013519253325565953
10 2.0 0.5 1.0 0.5286602046298707 0.0001264770874546015
10 2.0 0.5 1.2 0.528607362057519 0.00012125406866972482
10 2.0 0.5 1.4 0.5282969668789497 0.0001318436177608589
10 2.0 0.5 1.6 0.5272488547228376 0.00015814864378210365
10 2.0 0.5 1.8 0.5262660639936357 0.0001860004618675107
10 2.0 0.5 2.0 0.5242210022603743 0.0002442403041485052
10 2.0 0.5 2.2 0.5198900694413104 0.0003865273399856242
10 2.0 0.5 2.4 0.5159423906252687 0.0005065050582018989
10 2.0 0.5 2.6 0.5097427553774472 0.0006544805922481397
10 2.0 0.5 2.8 0.5047494752881193 0.0007478206905970928
10 2.0 0.5 3.0 0.49896984298288904 0.0008479398587497155
10 2.0 0.8 0.0 0.38617835765910236 0.00010978125072398932
10 2.0 0.8 0.2 0.5123868891308662 0.00036566132767712733
10 2.0 0.8 0.4 0.5233834486214461 0.00017479195147563714
10 2.0 0.8 0.6 0.5263823818626769 0.00015240370376622827
10 2.0 0.8 0.8 0.5274967828094539 0.0001521419089096006
10 2.0 0.8 1.0 0.5264560936815976 0.00028711890398963586
10 2.0 0.8 1.2 0.5220072371164167 0.0004946391998074212
10 2.0 0.8 1.4 0.5158890535603705 0.0006596086161993732
10 2.0 0.8 1.6 0.5081885705593651 0.000797853114252347
10 2.0 0.8 1.8 0.4991165540755607 0.0009161385007708578
10 2.0 0.8 2.0 0.49009101745280925 0.000989638170779991
10 2.0 0.8 2.2 0.4828285295290234 0.0010105846057192954
10 2.0 0.8 2.4 0.47741471378482325 0.0010276007526320717
10 2.0 0.8 2.6 0.4688869273963238 0.001062744278443946
10 2.0 0.8 2.8 0.4630889822942036 0.0010794148013254267
10 2.0 0.8 3.0 0.45943491481997806 0.001062822736992825
10 2.0 1.0 0.0 0.3860361485141292 0.00011326527124435263
10 2.0 1.0 0.2 0.5127694357510532 0.00039488327490991087
10 2.0 1.0 0.4 0.522215818155236 0.00024232919056676688
10 2.0 1.0 0.6 0.5245911033429749 0.0002925069144448704
10 2.0 1.0 0.8 0.5205879245101888 0.0005113191789004666
10 2.0 1.0 1.0 0.5155486838189974 0.0006778350964049039
10 2.0 1.0 1.2 0.5088308988918954 0.0007995486152047901
10 2.0 1.0 1.4 0.501332748530109 0.0008893928537827126
10 2.0 1.0 1.6 0.4916039440429827 0.0009834262677939306
10 2.0 1.0 1.8 0.4842873671715116 0.001005046122852562
10 2.0 1.0 2.0 0.4780405859978897 0.0010188083005485296
10 2.0 1.0 2.2 0.47103664693428027 0.001013106234431252
10 2.0 1.0 2.4 0.46291618721812444 0.0010407770203917242
10 2.0 1.0 2.6 0.45786945201763884 0.000987018137575454
10 2.0 1.0 2.8 0.4516377201605683 0.0009768498993500839
10 2.0 1.0 3.0 0.44684244566992304 0.000976722699948834
10 4.0 0.0 0.0 0.38613363109038923 0.00011280401363222233
10 4.0 0.0 0.2 0.46456375399628264 0.0007862777784048487
10 4.0 0.0 0.4 0.49317972477064087 0.0007285106038036771
10 4.0 0.0 0.6 0.5009265994299016 0.0007339546827896174
10 4.0 0.0 0.8 0.5033101218013527 0.0007316316458665102
10 4.0 0.0 1.0 0.5034478841935457 0.0007511976771918409
10 4.0 0.0 1.2 0.5016097462443663 0.000761291334116569
10 4.0 0.0 1.4 0.49812329695044866 0.0008269647060612199
10 4.0 0.0 1.6 0.4940439608751255 0.0008994198044444296
10 4.0 0.0 1.8 0.4867608954544721 0.0009505687508582351
10 4.0 0.0 2.0 0.4816956607756811 0.0009572335144216332
10 4.0 0.0 2.2 0.4752894204526853 0.0009965993972896581
10 4.0 0.0 2.4 0.4697993904289044 0.0010396580081996872
10 4.0 0.0 2.6 0.4634094335211911 0.0010887874660843687
10 4.0 0.0 2.8 0.4589816249184735 0.0011041849791827607
10 4.0 0.0 3.0 0.4536230027199002 0.0011315400455157072
10 4.0 0.1 0.0 0.3862635647917081 0.00011231478895083244
10 4.0 0.1 0.2 0.4645798087957375 0.000778474776926593
10 4.0 0.1 0.4 0.4931227494018499 0.0007682300648600314
10 4.0 0.1 0.6 0.5009882163230401 0.0007114769406357974
10 4.0 0.1 0.8 0.5041660120476099 0.0007100206988469443
10 4.0 0.1 1.0 0.5037517342002433 0.0007172404637154297
10 4.0 0.1 1.2 0.5009232171317045 0.0007930821640101434
10 4.0 0.1 1.4 0.4979643002316122 0.0008292276094758492
10 4.0 0.1 1.6 0.4921818592520197 0.0009016486346186424
10 4.0 0.1 1.8 0.48743052699147355 0.0009276369370867979
10 4.0 0.1 2.0 0.483198963287546 0.0009663126916493984
10 4.0 0.1 2.2 0.47600924778958686 0.000999237944498065
10 4.0 0.1 2.4 0.4701947969904066 0.0010184045602339505
10 4.0 0.1 2.6 0.4640744774036869 0.0010542311002084465
10 4.0 0.1 2.8 0.45732111555213 0.0011059927230354558
10 4.0 0.1 3.0 0.4542269733210473 0.0011233326369627058
10 4.0 0.3 0.0 0.38630375163657676 0.00011599332892019577
10 4.0 0.3 0.2 0.4648836346216405 0.0007957530655132042
10 4.0 0.3 0.4 0.49261362921846674 0.0007248222349485556
10 4.0 0.3 0.6 0.5028571235816528 0.0006950228938235072
10 4.0 0.3 0.8 0.5057094880252161 0.0006667551294361805
10 4.0 0.3 1.0 0.5023564005178249 0.0007456631736366343
10 4.0 0.3 1.2 0.5030163853038815 0.0007788909401994343
10 4.0 0.3 1.4 0.4981149954468402 0.0008147259732003633
10 4.0 0.3 1.6 0.49487554094064645 0.0008812536326505442
10 4.0 0.3 1.8 0.4885021843141826 0.0008962890582894537
10 4.0 0.3 2.0 0.48366216044087357 0.0009471493964855312
10 4.0 0.3 2.2 0.4771754967519716 0.0010065482466109783
10 4.0 0.3 2.4 0.4681897649730604 0.0010543012207148324
10 4.0 0.3 2.6 0.4627661890832675 0.0010609453903396096
10 4.0 0.3 2.8 0.4577046985214757 0.0010615919598658875
10 4.0 0.3 3.0 0.4521986141625045 0.0010710408964359995
10 4.0 0.5 0.0 0.38623205244701403 0.00010950299062344987
10 4.0 0.5 0.2 0.4654777747299137 0.0008063229267886398
10 4.0 0.5 0.4 0.4935421797370049 0.0007634554095786375
10 4.0 0.5 0.6 0.5040761424529479 0.000672845049882544
10 4.0 0.5 0.8 0.5052695013911787 0.0007219484207140612
10 4.0 0.5 1.0 0.506197008788518 0.000705053353112848
10 4.0 0.5 1.2 0.5023692577476588 0.000753524334039119
10 4.0 0.5 1.4 0.5004182166286211 0.0008080324828894737
10 4.0 0.5 1.6 0.4943781726128963 0.0008513040497407213
10 4.0 0.5 1.8 0.48741331481053507 0.0008818688693832838
10 4.0 0.5 2.0 0.48192898911652526 0.0009291128701378986
10 4.0 0.5 2.2 0.47361442708471757 0.0009516288491975837
10 4.0 0.5 2.4 0.4640200805717105 0.000954500011988165
10 4.0 0.5 2.6 0.4553793608238491 0.0009582147164074108
10 4.0 0.5 2.8 0.4488391567952127 0.0009577153876677607
10 4.0 0.5 3.0 0.4430531699440158 0.0009644360773775645
10 4.0 0.8 0.0 0.38618629212487177 0.00010656721455637601
10 4.0 0.8 0.2 0.4674629870078884 0.0008097773496839599
10 4.0 0.8 0.4 0.49599576585963123 0.0007395352382200071
10 4.0 0.8 0.6 0.5060617011155999 0.0006928142099102391
10 4.0 0.8 0.8 0.5070883367372805 0.0006861185684579392
10 4.0 0.8 1.0 0.50745910413252 0.0006703382583758651
10 4.0 0.8 1.2 0.502485094734734 0.0007288151877488404
10 4.0 0.8 1.4 0.4940475233164556 0.0008273635229184226
10 4.0 0.8 1.6 0.4861602175602187 0.0008919790191658793
10 4.0 0.8 1.8 0.47190170853922714 0.0009666658785012646
10 4.0 0.8 2.0 0.45898256195448817 0.0009789033520120462
10 4.0 0.8 2.2 0.44934421021537196 0.0009411661709391032
10 4.0 0.8 2.4 0.43960968739156 0.0008854667723453805
10 4.0 0.8 2.6 0.4326300551675878 0.0008508764288056266
10 4.0 0.8 2.8 0.42589173953682796 0.0007922870841619298
10 4.0 0.8 3.0 0.4187855901841231 0.0006911744801018988
10 4.0 1.0 0.0 0.3863111151522731 0.0001099056238430788
10 4.0 1.0 0.2 0.47196474078689443 0.0008220776674037249
10 4.0 1.0 0.4 0.49875650961533835 0.0007292857990114508
10 4.0 1.0 0.6 0.5076018173082854 0.0006535062728639799
10 4.0 1.0 0.8 0.5058443780304883 0.0006994119471564667
10 4.0 1.0 1.0 0.5012410523520763 0.00076930611735259
10 4.0 1.0 1.2 0.49314640898155365 0.0008732134568132738
10 4.0 1.0 1.4 0.4803736014650489 0.000987652360964282
10 4.0 1.0 1.6 0.46954354732614756 0.0010327955083079703
10 4.0 1.0 1.8 0.4574067138219447 0.0009932411350311273
10 4.0 1.0 2.0 0.4466550731933504 0.0009208526242055224
10 4.0 1.0 2.2 0.43835084251887446 0.0008869149642354573
10 4.0 1.0 2.4 0.4299825931067293 0.0007948857587165308
10 4.0 1.0 2.6 0.4224896215960544 0.0007130748823325005
10 4.0 1.0 2.8 0.4178716230817492 0.0006613719381624115
10 4.0 1.0 3.0 0.413006176057663 0.0006125324681638138
8 0.0 0.0 0.0 1.2139251752769687e-15 0.0
8 0.0 0.0 0.2 0.5043409906673445 0.0
8 0.0 0.0 0.4 0.47441421236922054 0.0
8 0.0 0.0 0.6 0.5086053142342265 0.0
8 0.0 0.0 0.8 0.44632937512218945 0.0
8 0.0 0.0 1.0 0.42379302582074146 0.0
8 0.0 0.0 1.2 0.4130486455404493 0.0
8 0.0 0.0 1.4 0.4070904576359422 0.0
8 0.0 0.0 1.6 0.3855926804482861 0.0
8 0.0 0.0 1.8 0.38001461828818456 0.0
8 0.0 0.0 2.0 0.44015324434920156 0.0
8 0.0 0.0 2.2 0.3814712134369037 0.0
8 0.0 0.0 2.4 0.45483483235561983 0.0
8 0.0 0.0 2.6 0.3686728459862181 0.0
8 0.0 0.0 2.8 0.40967235099940014 0.0
8 0.0 0.0 3.0 0.3715284493811086 0.0
8 0.0 0.1 0.0 3.1147923746429184e-15 2.465190328815662e-32
8 0.0 0.1 0.2 0.40647014844250473 0.001026542819434507
8 0.0 0.1 0.4 0.41136482380520467 0.0007877135703153455
8 0.0 0.1 0.6 0.4103012451157391 0.0005797884107802536
8 0.0 0.1 0.8 0.4109725472612155 0.000408488867119985
8 0.0 0.1 1.0 0.40581504416207714 0.00035445782175287346
8 0.0 0.1 1.2 0.4037978683844506 0.0003228674786001369
8 0.0 0.1 1.4 0.4008460651022661 0.00033767233773640423
8 0.0 0.1 1.6 0.39972495008786524 0.0003067553800753807
8 0.0 0.1 1.8 0.399794382416911 0.0003216105526314418
8 0.0 0.1 2.0 0.4009766948692182 0.000305044187174714
8 0.0 0.1 2.2 0.3994816702413577 0.0003105068914587259
8 0.0 0.1 2.4 0.39828218272344545 0.0002923467729693213
8 0.0 0.1 2.6 0.39609577159221576 0.0003097731553943718
8 0.0 0.1 2.8 0.39601299237308274 0.000286622183651868
8 0.0 0.1 3.0 0.3954622983033275 0.0003009399946333014
8 0.0 0.3 0.0 3.1147923746429184e-15 2.465190328815662e-32
8 0.0 0.3 0.2 0.491399274785382 0.0005622530441722287
8 0.0 0.3 0.4 0.46520859537626336 0.0003954437983228863
8 0.0 0.3 0.6 0.44161570845553555 0.00037664149054262625
8 0.0 0.3 0.8 0.42313506245512256 0.0003085468634897894
8 0.0 0.3 1.0 0.4140618418060761 0.0003123447628509106
8 0.0 0.3 1.2 0.40743261899560473 0.00030160107389748067
8 0.0 0.3 1.4 0.4036434575062107 0.00030293496485514097
8 0.0 0.3 1.6 0.40098366408324804 0.00030331888434720117
8 0.0 0.3 1.8 0.39969905834873354 0.00030889567294736705
8 0.0 0.3 2.0 0.39886712301741156 0.00032142959998559216
8 0.0 0.3 2.2 0.3975001200598945 0.0003016489007054966
8 0.0 0.3 2.4 0.39661288389464344 0.0003002775186622529
8 0.0 0.3 2.6 0.395990081450977 0.00030520575448651625
8 0.0 0.3 2.8 0.3955896846138268 0.00030678709326043517
8 0.0 0.3 3.0 0.39628349214126146 0.000303885915085145
8 0.0 0.5 0.0 3.1147923746429184e-15 2.465190328815662e-32
8 0.0 0.5 0.2 0.5009170981236896 0.0003889415906988427
8 0.0 0.5 0.4 0.4662186909649449 0.0003381281103446251
8 0.0 0.5 0.6 0.4384529464022243 0.0003233554345495659
8 0.0 0.5 0.8 0.42102762458024506 0.0003208989660419889
8 0.0 0.5 1.0 0.41110752941807505 0.0003158769190182698
8 0.0 0.5 1.2 0.4063465726448148 0.0003094287186552767
8 0.0 0.5 1.4 0.40273274733258557 0.0002963549959225709
8 0.0 0.5 1.6 0.4004945588086031 0.0003039714257050006
8 0.0 0.5 1.8 0.39939118101945553 0.0003053393016988219
8 0.0 0.5 2.0 0.3978502071204927 0.000317546921397231
8 0.0 0.5 2.2 0.3975240907349239 0.0003129913449110754
8 0.0 0.5 2.4 0.3965895146390804 0.00030151749681880653
8 0.0 0.5 2.6 0.3969165702825197 0.0002953358193006183
8 0.0 0.5 2.8 0.39667238142969474 0.0003077592261229691
8 0.0 0.5 3.0 0.39683358734007995 0.00029737389864307665
8 0.0 0.8 0.0 3.1147923746429184e-15 2.465190328815662e-32
8 0.0 0.8 0.2 0.48896335271019675 0.0006413666424859947
8 0.0 0.8 0.4 0.4512419336000374 0.0005795097024485653
8 0.0 0.8 0.6 0.4268556441704742 0.00043216240035066076
8 0.0 0.8 0.8 0.41278532782698496 0.0003742681457902175
8 0.0 0.8 1.0 0.4074039507228301 0.0003386456684476246
8 0.0 0.8 1.2 0.4028590616967843 0.0003139007574243302
8 0.0 0.8 1.4 0.4008102222874884 0.00030623057124577144
8 0.0 0.8 1.6 0.3991616476080977 0.0003030659246380995
8 0.0 0.8 1.8 0.3983394325692815 0.0003047739775415529
8 0.0 0.8 2.0 0.3972381148578231 0.0003000985500419581
8 0.0 0.8 2.2 0.3973121900408567 0.0003117758599372539
8 0.0 0.8 2.4 0.3966383260069116 0.0003096917020423528
8 0.0 0.8 2.6 0.396719782564642 0.00030310948588868777
8 0.0 0.8 2.8 0.39669513522792277 0.00031969327880947476
8 0.0 0.8 3.0 0.3976040170960622 0.0003135357605699931
8 0.0 1.0 0.0 3.1147923746429184e-15 2.465190328815662e-32
8 0.0 1.0 0.2 0.47409127597952117 0.0008683652035108856
8 0.0 1.0 0.4 0.4376344520416988 0.0006806792907601052
8 0.0 1.0 0.6 0.41872607218659164 0.00046350992063439573
8 0.0 1.0 0.8 0.40954057220429485 0.0003595047960238521
8 0.0 1.0 1.0 0.40480362390046404 0.00033879613183722244
8 0.0 1.0 1.2 0.4020369144222897 0.0003245156690574361
8 0.0 1.0 1.4 0.39936533500044524 0.00031088032597445574
8 0.0 1.0 1.6 0.39827580706772947 0.0003192063970038964
8 0.0 1.0 1.8 0.3979424613323286 0.00031419745303935283
8 0.0 1.0 2.0 0.39743456193751225 0.00031037121084968237
8 0.0 1.0 2.2 0.3974933651386456 0.00030439192207123755
8 0.0 1.0 2.4 0.39697708095808437 0.0003238849348114906
8 0.0 1.0 2.6 0.39857575423616554 0.0003078048392373586
8 0.0 1.0 2.8 0.3988863239613712 0.00034371169346011986
8 0.0 1.0 3.0 0.3990250674048408 0.00035022875188727847
8 0.1 0.0 0.0 0.3833649274485036 0.0004167056837890304
8 0.1 0.0 0.2 0.31543726724255 0.0014915165892995185
8 0.1 0.0 0.4 0.30553888069300417 0.0013205273325184576
8 0.1 0.0 0.6 0.3346840223104317 0.001288978908472667
8 0.1 0.0 0.8 0.36778164934745317 0.0012572342464009176
8 0.1 0.0 1.0 0.3921945384813675 0.0012050251247181342
8 0.1 0.0 1.2 0.418295627377585 0.0012054302930786997
8 0.1 0.0 1.4 0.43359052880543164 0.001079639003961624
8 0.1 0.0 1.6 0.4487931300609833 0.0011883914952485843
8 0.1 0.0 1.8 0.45323548712126627 0.001128644846194823
8 0.1 0.0 2.0 0.4572637605423051 0.0010635176734292491
8 0.1 0.0 2.2 0.4560022189006184 0.0010605707715884449
8 0.1 0.0 2.4 0.46052954625409276 0.001120353614996709
8 0.1 0.0 2.6 0.46396223680813053 0.0011210778669204372
8 0.1 0.0 2.8 0.46145664458556135 0.0011088373187658081
8 0.1 0.0 3.0 0.46209683277708524 0.0012362641153764906
8 0.1 0.1 0.0 0.38269099043577987 0.0004373376018256552
8 0.1 0.1 0.2 0.43552877381326943 0.0007699671092175151
8 0.1 0.1 0.4 0.44075272202077126 0.0006697502077719119
8 0.1 0.1 0.6 0.46104170299597835 0.0005262555595861625
8 0.1 0.1 0.8 0.479039006719728 0.0004689225143556868
8 0.1 0.1 1.0 0.48840544050506546 0.0004171414338513434
8 0.1 0.1 1.2 0.498789963068502 0.000412499131278082
8 0.1 0.1 1.4 0.501291763455882 0.0004007614900927357
8 0.1 0.1 1.6 0.5066326219408314 0.0003656385993921741
8 0.1 0.1 1.8 0.5105438616259106 0.0003849109149870419
8 0.1 0.1 2.0 0.511353004605401 0.00039889214455339516
8 0.1 0.1 2.2 0.5109283215643345 0.00038813627260533145
8 0.1 0.1 2.4 0.5121272441684253 0.0003799651451515068
8 0.1 0.1 2.6 0.5120618308727588 0.00039239925900260027
8 0.1 0.1 2.8 0.5112975554387069 0.0003793441878043241
8 0.1 0.1 3.0 0.5116845166210051 0.0003943158637353594
8 0.1 0.3 0.0 0.3824473759713145 0.00040245929999087007
8 0.1 0.3 0.2 0.49887644975518364 0.0004974034855406515
8 0.1 0.3 0.4 0.49077495872952737 0.0004015363882774008
8 0.1 0.3 0.6 0.49414382647349764 0.00038998649536882326
8 0.1 0.3 0.8 0.5007335198144515 0.0003901946553180134
8 0.1 0.3 1.0 0.505086144777736 0.00037403940315676145
8 0.1 0.3 1.2 0.5107636670176314 0.0003599958662863454
8 0.1 0.3 1.4 0.5127263816698229 0.0003641354710422555
8 0.1 0.3 1.6 0.5140972229790964 0.0003773170185926748
8 0.1 0.3 1.8 0.5141263227363476 0.00038099621013076466
8 0.1 0.3 2.0 0.5126736833341496 0.0004010395985758916
8 0.1 0.3 2.2 0.5108002497464426 0.0004615043591835067
8 0.1 0.3 2.4 0.5091398709450732 0.0004579290435339611
8 0.1 0.3 2.6 0.5088476937125177 0.00046223648104815426
8 0.1 0.3 2.8 0.5083912101809648 0.000493765838605865
8 0.1 0.3 3.0 0.5064910093344019 0.0005234509888787
8 0.1 0.5 0.0 0.3825403175041283 0.0005242225374384818
8 0.1 0.5 0.2 0.5078268818670038 0.0003492437186243938
8 0.1 0.5 0.4 0.4950856173076904 0.00037700570436840055
8 0.1 0.5 0.6 0.4954704678896509 0.00036009321250879097
8 0.1 0.5 0.8 0.5007288132363956 0.00040898281681729816
8 0.1 0.5 1.0 0.5053835964851238 0.00041288891185504333
8 0.1 0.5 1.2 0.5065502688535698 0.0004620050120020657
8 0.1 0.5 1.4 0.5047880009170862 0.0005401951665754627
8 0.1 0.5 1.6 0.5001368334283205 0.0006240308090941984
8 0.1 0.5 1.8 0.49662168548521546 0.0006995709224346094
8 0.1 0.5 2.0 0.4945430352746228 0.0007299390568855747
8 0.1 0.5 2.2 0.4905160243223722 0.0007633672452748258
8 0.1 0.5 2.4 0.4856692096153059 0.0007966339126319952
8 0.1 0.5 2.6 0.4834644696826423 0.0008143808786483971
8 0.1 0.5 2.8 0.4815694363114923 0.0008397057839490879
8 0.1 0.5 3.0 0.4772367305955796 0.0008350088284926449
8 0.1 0.8 0.0 0.38238941965513595 0.0004893317689733666
8 0.1 0.8 0.2 0.49851112086504495 0.0005979939830128028
8 0.1 0.8 0.4 0.48462362803646025 0.0005599922953960013
8 0.1 0.8 0.6 0.4829812428972633 0.0006683255064956722
8 0.1 0.8 0.8 0.48317537537596217 0.0007608101997769807
8 0.1 0.8 1.0 0.4795650156460371 0.0008738361770913624
8 0.1 0.8 1.2 0.4764740443601677 0.0009201259481177182
8 0.1 0.8 1.4 0.47456828232784787 0.0009486104937498879
8 0.1 0.8 1.6 0.4695270015874354 0.0009534958048899333
8 0.1 0.8 1.8 0.4678241990854236 0.0009419112813947577
8 0.1 0.8 2.0 0.46260500539209765 0.0009097352275570372
8 0.1 0.8 2.2 0.45926329665267995 0.0008875038090852051
8 0.1 0.8 2.4 0.4579050966310825 0.0008815964552263007
8 0.1 0.8 2.6 0.4577764871510626 0.0008436365325927096
8 0.1 0.8 2.8 0.4574617669646569 0.0008463885733288938
8 0.1 0.8 3.0 0.45862141479151286 0.000800899988015645
8 0.1 1.0 0.0 0.382788952656281 0.00043699396387795173
8 0.1 1.0 0.2 0.48420088568214203 0.0008269796588712795
8 0.1 1.0 0.4 0.472789195324665 0.0007200242932428242
8 0.1 1.0 0.6 0.47127704092851463 0.000788317448840176
8 0.1 1.0 0.8 0.4668497446875416 0.0009323787125972503
8 0.1 1.0 1.0 0.4634113163052892 0.0009490719316934809
8 0.1 1.0 1.2 0.4614100168414132 0.0009366822845046125
8 0.1 1.0 1.4 0.45927506007480445 0.0009483715083944998
8 0.1 1.0 1.6 0.4555826236152628 0.000890961206838377
8 0.1 1.0 1.8 0.4536355692514608 0.0009058931818734139
8 0.1 1.0 2.0 0.45238742921107544 0.0008648583357276736
8 0.1 1.0 2.2 0.45198994392914116 0.0008215576310661214
8 0.1 1.0 2.4 0.4505361518518618 0.0007982556288285537
8 0.1 1.0 2.6 0.4505566394604552 0.0008042980829877394
8 0.1 1.0 2.8 0.45247550736484166 0.0007770916367302689
8 0.1 1.0 3.0 0.45328400332121543 0.0007372253400446774
8 0.3 0.0 0.0 0.3836053733210613 0.00040672162762145917
8 0.3 0.0 0.2 0.4693412368464034 0.0009866154074802786
8 0.3 0.0 0.4 0.4492065666286979 0.0011356385088091686
8 0.3 0.0 0.6 0.45739409468974157 0.0009287783183754858
8 0.3 0.0 0.8 0.4744554934132109 0.0007342926483329494
8 0.3 0.0 1.0 0.4865502191512496 0.0006601891024881852
8 0.3 0.0 1.2 0.49659984496105425 0.0005096737307012248
8 0.3 0.0 1.4 0.5029822734801124 0.000493761362843811
8 0.3 0.0 1.6 0.5110232502011012 0.0004359304363648346
8 0.3 0.0 1.8 0.5136751877348206 0.0004267134189155833
8 0.3 0.0 2.0 0.5153167885956249 0.00040438095944278035
8 0.3 0.0 2.2 0.5152805353428003 0.00041356566756035396
8 0.3 0.0 2.4 0.5189927599798657 0.0004162515102662052
8 0.3 0.0 2.6 0.5191322860362291 0.0004157449249836899
8 0.3 0.0 2.8 0.5199338780817323 0.0003970307543458873
8 0.3 0.0 3.0 0.5203258636730421 0.0004268709403723791
8 0.3 0.1 0.0 0.38253021089410866 0.0004460094223524577
8 0.3 0.1 0.2 0.48846171421752893 0.000542182370768837
8 0.3 0.1 0.4 0.481066698833969 0.0005384352523729453
8 0.3 0.1 0.6 0.48894695144920663 0.00043190234732803223
8 0.3 0.1 0.8 0.5019931810400295 0.0003608332356138739
8 0.3 0.1 1.0 0.5082952172211099 0.00033034215676115046
8 0.3 0.1 1.2 0.5140046868266763 0.00030615033804666915
8 0.3 0.1 1.4 0.518297851797981 0.00029347835501287046
8 0.3 0.1 1.6 0.5214952529003214 0.0002991879880185376
8 0.3 0.1 1.8 0.5230203558197348 0.0002909377727391414
8 0.3 0.1 2.0 0.5238713618948576 0.00029661678851339177
8 0.3 0.1 2.2 0.5243513358267765 0.0002882245383243231
8 0.3 0.1 2.4 0.5259528513397433 0.00028937797406244524
8 0.3 0.1 2.6 0.5255415928458971 0.0002899798723741688
8 0.3 0.1 2.8 0.5248533694692894 0.0002901854262634575
8 0.3 0.1 3.0 0.5254826746671502 0.00029688036877397123
8 0.3 0.3 0.0 0.3822424158435359 0.0004971151094143618
8 0.3 0.3 0.2 0.5114063421881954 0.00033026640492151457
8 0.3 0.3 0.4 0.5066016056440612 0.00033599910550070194
8 0.3 0.3 0.6 0.5103452965850199 0.0003546589241555982
8 0.3 0.3 0.8 0.5163963919301053 0.00032836022110714993
8 0.3 0.3 1.0 0.5201544760340532 0.0003066307022632991
8 0.3 0.3 1.2 0.5235789627021004 0.00029448255136822353
8 0.3 0.3 1.4 0.5249364902643986 0.0002967519328756677
8 0.3 0.3 1.6 0.5259662954108206 0.000289583102270075
8 0.3 0.3 1.8 0.5266338399660833 0.0003022494079489846
8 0.3 0.3 2.0 0.5264470114924193 0.0002833410615690254
8 0.3 0.3 2.2 0.5265480380667742 0.00030175207476060116
8 0.3 0.3 2.4 0.5263965880448562 0.0002912639992764622
8 0.3 0.3 2.6 0.5253143667895246 0.0003024118664741683
8 0.3 0.3 2.8 0.5250957884103845 0.00031669032129291817
8 0.3 0.3 3.0 0.5252620617879546 0.0003244566469274091
8 0.3 0.5 0.0 0.3827862712390272 0.00046336114086554744
8 0.3 0.5 0.2 0.5146724807322708 0.0003225365971406453
8 0.3 0.5 0.4 0.5084555875013846 0.0003338665052822245
8 0.3 0.5 0.6 0.5121139677348038 0.0003281990696859807
8 0.3 0.5 0.8 0.5173361451351355 0.00031890792913650206
8 0.3 0.5 1.0 0.521108588381457 0.0003090809268726591
8 0.3 0.5 1.2 0.5223132716946695 0.0003577472776699473
8 0.3 0.5 1.4 0.5215068116661716 0.00041920884218682724
8 0.3 0.5 1.6 0.5198678396379015 0.00047540296013147426
8 0.3 0.5 1.8 0.517834301101709 0.0005442775073077752
8 0.3 0.5 2.0 0.5140113363151845 0.0006329935503663827
8 0.3 0.5 2.2 0.5097292585704511 0.0006876043018923895
8 0.3 0.5 2.4 0.5084489513890154 0.0007198612735177634
8 0.3 0.5 2.6 0.5059880133355272 0.0007197542457469397
8 0.3 0.5 2.8 0.5013890815363135 0.0007871607095883836
8 0.3 0.5 3.0 0.49946909430200354 0.0008183707633760761
8 0.3 0.8 0.0 0.3831949601252828 0.00040837448165556925
8 0.3 0.8 0.2 0.5060658329142312 0.0005255215345454212
8 0.3 0.8 0.4 0.4989738025173719 0.0005078805369333383
8 0.3 0.8 0.6 0.5036992009085615 0.0005480354435908172
8 0.3 0.8 0.8 0.504759524005586 0.0006747086593143278
8 0.3 0.8 1.0 0.5008840915321254 0.0008697398025524425
8 0.3 0.8 1.2 0.4971987421878137 0.0009061096096960468
8 0.3 0.8 1.4 0.4921519842574197 0.0009157483906762523
8 0.3 0.8 1.6 0.4884896743270838 0.0009851836499905006
8 0.3 0.8 1.8 0.4866825279751261 0.0009473767297725678
8 0.3 0.8 2.0 0.4833644316108904 0.0009693975360895064
8 0.3 0.8 2.2 0.4814747244002963 0.0009528397811204201
8 0.3 0.8 2.4 0.47918361195761666 0.0009400587374537024
8 0.3 0.8 2.6 0.48127321564509873 0.0009267880103767669
8 0.3 0.8 2.8 0.4780299187364882 0.0009291380267100834
8 0.3 0.8 3.0 0.47773515515488685 0.0008755541627302391
8 0.3 1.0 0.0 0.3827652935626269 0.00047241528952480047
8 0.3 1.0 0.2 0.4949792718153143 0.0007061789661066712
8 0.3 1.0 0.4 0.49077295740052773 0.0006211872393607556
8 0.3 1.0 0.6 0.49222529671071924 0.0007787986924533328
8 0.3 1.0 0.8 0.4880930566099665 0.00092022777790209
8 0.3 1.0 1.0 0.48528089036452826 0.0009793436640323924
8 0.3 1.0 1.2 0.4821840750351267 0.0010043559432030824
8 0.3 1.0 1.4 0.4809278331435267 0.0009856407670838225
8 0.3 1.0 1.6 0.47680224543938343 0.0009987204856524146
8 0.3 1.0 1.8 0.4752625215319436 0.0009921949155167473
8 0.3 1.0 2.0 0.47520752907023056 0.000968500641149611
8 0.3 1.0 2.2 0.47377690380254056 0.0009552209898420396
8 0.3 1.0 2.4 0.47233455079652226 0.0009607770196216509
8 0.3 1.0 2.6 0.471990031854545 0.0009186289947947974
8 0.3 1.0 2.8 0.47097712114981904 0.0008842802896741862
8 0.3 1.0 3.0 0.47119983505070473 0.0008724930161054394
8 0.5 0.0 0.0 0.38340737625252586 0.00042581218757729205
8 0.5 0.0 0.2 0.5008611669260128 0.0005241458197211229
8 0.5 0.0 0.4 0.4907794318168627 0.0006758710227236446
8 0.5 0.0 0.6 0.49283139409007365 0.0006516522311843223
8 0.5 0.0 0.8 0.5004570732044865 0.0005054598996774048
8 0.5 0.0 1.0 0.5067992713415881 0.0004131355463537531
8 0.5 0.0 1.2 0.5104650717479564 0.00039118044412290184
8 0.5 0.0 1.4 0.515023614415477 0.0003847345551410602
8 0.5 0.0 1.6 0.5210426419328074 0.0003348138383183589
8 0.5 0.0 1.8 0.5219509766220422 0.0003349030803111598
8 0.5 0.0 2.0 0.5230332917069853 0.0003060363200424313
8 0.5 0.0 2.2 0.5238430428120653 0.00033025603487633014
8 0.5 0.0 2.4 0.5254003104634377 0.00032030886892718
8 0.5 0.0 2.6 0.5249003350831467 0.0003159665899108361
8 0.5 0.0 2.8 0.5255676122229443 0.0003123208900257334
8 0.5 0.0 3.0 0.5256332335276201 0.00030672083001895474
8 0.5 0.1 0.0 0.38320077716124007 0.00037938607663515086
8 0.5 0.1 0.2 0.5052575282982719 0.00037613766339770636
8 0.5 0.1 0.4 0.4999059429570959 0.0004387739087909715
8 0.5 0.1 0.6 0.5034983276884902 0.00038610014187708913
8 0.5 0.1 0.8 0.5109065485987561 0.00033453220485655616
8 0.5 0.1 1.0 0.514853996299705 0.00031886502620946585
8 0.5 0.1 1.2 0.518603675981644 0.00032118606105642196
8 0.5 0.1 1.4 0.5219572398862985 0.00030345542769925145
8 0.5 0.1 1.6 0.5241627133599602 0.00028482441182489437
8 0.5 0.1 1.8 0.5259426209235329 0.0002968108820164472
8 0.5 0.1 2.0 0.5263545712796573 0.0002898446295861383
8 0.5 0.1 2.2 0.5265171353029685 0.0002976815293000284
8 0.5 0.1 2.4 0.5269989953686629 0.0002989712109320662
8 0.5 0.1 2.6 0.5279472932905103 0.0002849126660573944
8 0.5 0.1 2.8 0.5278630764263474 0.0002959730145944276
8 0.5 0.1 3.0 0.5275181951456881 0.0002944900571666975
8 0.5 0.3 0.0 0.3836207026830609 0.0004098672026328221
8 0.5 0.3 0.2 0.5144326778316007 0.00029339061513301504
8 0.5 0.3 0.4 0.5124937860993349 0.0003220740491963252
8 0.5 0.3 0.6 0.5154392805239373 0.0003054455381577064
8 0.5 0.3 0.8 0.520954676815274 0.0002958246281530433
8 0.5 0.3 1.0 0.5238951013089157 0.00029984532331126115
8 0.5 0.3 1.2 0.5254865855946116 0.00030068182018659856
8 0.5 0.3 1.4 0.5267255971074011 0.0002899957918271249
8 0.5 0.3 1.6 0.527262071626029 0.0002940074437650235
8 0.5 0.3 1.8 0.5277872715139251 0.0002952392971444166
8 0.5 0.3 2.0 0.5282007344823092 0.000289434013496945
8 0.5 0.3 2.2 0.5280811273210126 0.00029309877651006777
8 0.5 0.3 2.4 0.5267341348655372 0.0002960409215490919
8 0.5 0.3 2.6 0.5273056460551857 0.00028899724876194863
8 0.5 0.3 2.8 0.5271310170338428 0.0002915851425482853
8 0.5 0.3 3.0 0.527720678127026 0.00031672660543584065
8 0.5 0.5 0.0 0.3829927286128604 0.000399759087801291
8 0.5 0.5 0.2 0.5152181894376737 0.00031230658345101324
8 0.5 0.5 0.4 0.5127411853655903 0.00030649981124942306
8 0.5 0.5 0.6 0.5161887837545327 0.00031228495704092364
8 0.5 0.5 0.8 0.5215991538249322 0.000308819183329127
8 0.5 0.5 1.0 0.5245401666277894 0.00031230580898991187
8 0.5 0.5 1.2 0.5256339363121003 0.00032112267946356497
8 0.5 0.5 1.4 0.5249675875680688 0.000359905617973204
8 0.5 0.5 1.6 0.5233529499349932 0.00044249615760707736
8 0.5 0.5 1.8 0.5205396121106651 0.0005228495130645605
8 0.5 0.5 2.0 0.5186435937177201 0.0005363895241548489
8 0.5 0.5 2.2 0.5144558942450481 0.000630164959464963
8 0.5 0.5 2.4 0.5114503127402344 0.0006997099442467822
8 0.5 0.5 2.6 0.5097694537649874 0.0007198939072786838
8 0.5 0.5 2.8 0.507012728415378 0.0007292652104254553
8 0.5 0.5 3.0 0.5036583575013616 0.000805963425336284
8 0.5 0.8 0.0 0.3829441464708001 0.00044845600178162765
8 0.5 0.8 0.2 0.5078572009072074 0.00047795995935973946
8 0.5 0.8 0.4 0.5048951445753271 0.000454511771606952
8 0.5 0.8 0.6 0.5108645265724145 0.00045787927248233613
8 0.5 0.8 0.8 0.512021386784125 0.0006162352529730386
8 0.5 0.8 1.0 0.5078005462740711 0.0007591207350378535
8 0.5 0.8 1.2 0.5021227841549397 0.0008813071481592984
8 0.5 0.8 1.4 0.4974351453422673 0.0009066095114482892
8 0.5 0.8 1.6 0.49581891624821817 0.0009238131280427348
8 0.5 0.8 1.8 0.4888178821000698 0.0009149231560815756
8 0.5 0.8 2.0 0.4886255702915907 0.0009493887305461901
8 0.5 0.8 2.2 0.4864408817599617 0.0009290651548798658
8 0.5 0.8 2.4 0.4839688156294438 0.0009237707120173578
8 0.5 0.8 2.6 0.4837521523215626 0.0009581202083749166
8 0.5 0.8 2.8 0.4809963840680007 0.0009067089240602268
8 0.5 0.8 3.0 0.48044886204463366 0.0009454755304319101
8 0.5 1.0 0.0 0.38273865263411233 0.0004057554647946767
8 0.5 1.0 0.2 0.4988074273748791 0.0006467712094835038
8 0.5 1.0 0.4 0.4982434364022233 0.0005592672026507057
8 0.5 1.0 0.6 0.5001298840007323 0.0007141342367382683
8 0.5 1.0 0.8 0.49855028422884606 0.0008696707678252953
8 0.5 1.0 1.0 0.49433818419241604 0.0009496229445380796
8 0.5 1.0 1.2 0.4870055743518861 0.0010028809371780635
8 0.5 1.0 1.4 0.4848332151435779 0.0010012434867661545
8 0.5 1.0 1.6 0.4838869081134453 0.001010357445650738
8 0.5 1.0 1.8 0.4816636572666807 0.000982329146429792
8 0.5 1.0 2.0 0.48038986003436024 0.0009352302295587978
8 0.5 1.0 2.2 0.47813098463602444 0.0009578587206980792
8 0.5 1.0 2.4 0.4776220726879682 0.0009139500179839462
8 0.5 1.0 2.6 0.47609524793715585 0.0009458097396731352
8 0.5 1.0 2.8 0.4738154615098012 0.0009178054814168743
8 0.5 1.0 3.0 0.47548856796264066 0.000916916891706787
8 0.8 0.0 0.0 0.38375331663575896 0.00041887623490055256
8 0.8 0.0 0.2 0.5081786069757854 0.00034939041559842177
8 0.8 0.0 0.4 0.5090830338641668 0.0004374418360221996
8 0.8 0.0 0.6 0.5109917463043214 0.0003997719368374076
8 0.8 0.0 0.8 0.5147872163568431 0.00038543986089783827
8 0.8 0.0 1.0 0.5176688921837903 0.0003597831475942015
8 0.8 0.0 1.2 0.519826995545174 0.0003404393891967871
8 0.8 0.0 1.4 0.5231910648418906 0.0003209175855487226
8 0.8 0.0 1.6 0.524969574370848 0.00030865685333940644
8 0.8 0.0 1.8 0.526001941194118 0.0003006616384647513
8 0.8 0.0 2.0 0.5263709046740414 0.00030849274313970044
8 0.8 0.0 2.2 0.5266006871439157 0.00030500969633273086
8 0.8 0.0 2.4 0.5272857659852472 0.00030119940214435025
8 0.8 0.0 2.6 0.527213975187598 0.00029321856982213635
8 0.8 0.0 2.8 0.5275386345013361 0.0002899913280899875
8 0.8 0.0 3.0 0.527802683259979 0.00029576985785202415
8 0.8 0.1 0.0 0.3830423888182893 0.0004341613992338285
8 0.8 0.1 0.2 0.5089634801576286 0.000342456404229938
8 0.8 0.1 0.4 0.5116934776443047 0.00036995293427205864
8 0.8 0.1 0.6 0.5137359854369091 0.00033222592460746114
8 0.8 0.1 0.8 0.5186495455745042 0.00033636696281415544
8 0.8 0.1 1.0 0.52071290412808 0.0003157691955358519
8 0.8 0.1 1.2 0.5227506732279299 0.00030200522531273726
8 0.8 0.1 1.4 0.5251695084522947 0.0002991593323479011
8 0.8 0.1 1.6 0.5265784826633824 0.00028712849886844617
8 0.8 0.1 1.8 0.5274397745815208 0.0002891480742771691
8 0.8 0.1 2.0 0.5279089114753396 0.00029391603538803096
8 0.8 0.1 2.2 0.5272439765161341 0.00029161454056605794
8 0.8 0.1 2.4 0.528433054043271 0.00028346341974228267
8 0.8 0.1 2.6 0.5284487965429729 0.0002936523768588724
8 0.8 0.1 2.8 0.5286577936645853 0.00029391568375991426
8 0.8 0.1 3.0 0.5286492222013399 0.00029362672612894805
8 0.8 0.3 0.0 0.38332428886427683 0.00045804451892822836
8 0.8 0.3 0.2 0.5116547955476407 0.0003375937593787392
8 0.8 0.3 0.4 0.5161649102475534 0.00030429727187436414
8 0.8 0.3 0.6 0.5187178451961323 0.0002990159861070079
8 0.8 0.3 0.8 0.5225809345227701 0.00029642323181537747
8 0.8 0.3 1.0 0.5251852295456216 0.00030126853378660215
8 0.8 0.3 1.2 0.5259549037562619 0.0002936119553548452
8 0.8 0.3 1.4 0.5275736065414676 0.000282488706740001
8 0.8 0.3 1.6 0.5273586103913371 0.00029720618571857425
8 0.8 0.3 1.8 0.5280679018684642 0.0002983368103268913
8 0.8 0.3 2.0 0.5283455289697061 0.0002926480071790196
8 0.8 0.3 2.2 0.5277990684488103 0.0002998884895842844
8 0.8 0.3 2.4 0.5281272763400651 0.0002893023414266996
8 0.8 0.3 2.6 0.5280737362672743 0.00029372708311461857
8 0.8 0.3 2.8 0.5276000405841244 0.00031020380187414824
8 0.8 0.3 3.0 0.5275324811075706 0.00029952723914962806
8 0.8 0.5 0.0 0.38298514179437493 0.00042966903841913043
8 0.8 0.5 0.2 0.5118901489069245 0.00036914793048086196
8 0.8 0.5 0.4 0.5159041286504393 0.0003134764379819979
8 0.8 0.5 0.6 0.5189005306978444 0.0003027921925523573
8 0.8 0.5 0.8 0.5229093350085621 0.0002918926357870385
8 0.8 0.5 1.0 0.5256073115111098 0.0003059220564647617
8 0.8 0.5 1.2 0.5264759928550689 0.00029519569109407064
8 0.8 0.5 1.4 0.5256003490428083 0.00031914938990725234
8 0.8 0.5 1.6 0.5241798008125172 0.0003886387796650245
8 0.8 0.5 1.8 0.5217546743917607 0.00046824383303631156
8 0.8 0.5 2.0 0.5197079169625739 0.0005322918181353716
8 0.8 0.5 2.2 0.5162351199230408 0.000619347170449196
8 0.8 0.5 2.4 0.5121769065492644 0.0007080914762327236
8 0.8 0.5 2.6 0.5099514472046918 0.0007193352011911293
8 0.8 0.5 2.8 0.5067162788781604 0.0007499282600274296
8 0.8 0.5 3.0 0.5022666132067513 0.0008060266041142071
8 0.8 0.8 0.0 0.38410316199339556 0.00041209791267371974
8 0.8 0.8 0.2 0.5076863433679846 0.00044745874792555056
8 0.8 0.8 0.4 0.5098115952240325 0.00043609854130538745
8 0.8 0.8 0.6 0.5148019250394035 0.0004066468352846586
8 0.8 0.8 0.8 0.5170638085352042 0.0005204719346318066
8 0.8 0.8 1.0 0.5133782881137428 0.0006925882059831426
8 0.8 0.8 1.2 0.5080053118190481 0.0007872225684797755
8 0.8 0.8 1.4 0.5015695924481594 0.0008694511894567561
8 0.8 0.8 1.6 0.4958451235521879 0.0009266262421481643
8 0.8 0.8 1.8 0.4933692832082292 0.0009279932956915468
8 0.8 0.8 2.0 0.48988801250876024 0.000957166990556075
8 0.8 0.8 2.2 0.4875992342015285 0.0009598056583574375
8 0.8 0.8 2.4 0.48527101865028854 0.0009357140441012676
8 0.8 0.8 2.6 0.4823423264631061 0.0009579028973362546
8 0.8 0.8 2.8 0.48035799371737953 0.000954776909377566
8 0.8 0.8 3.0 0.47813047536213693 0.000973121733468681
8 0.8 1.0 0.0 0.383215104407304 0.00036835366183288627
8 0.8 1.0 0.2 0.5011482382350116 0.0005414965847492363
8 0.8 1.0 0.4 0.5056067331883793 0.0005216419938694377
8 0.8 1.0 0.6 0.5083318341341774 0.000613489499504516
8 0.8 1.0 0.8 0.505099628858629 0.0007760797663242903
8 0.8 1.0 1.0 0.4999732136479838 0.0009041393599546196
8 0.8 1.0 1.2 0.49274756289219773 0.0009840605394064788
8 0.8 1.0 1.4 0.4890340195252713 0.001007924223545694
8 0.8 1.0 1.6 0.48617501577560607 0.0009596924884582858
8 0.8 1.0 1.8 0.4845769429857013 0.0009732448653265343
8 0.8 1.0 2.0 0.4793753654373909 0.0009630529202307026
8 0.8 1.0 2.2 0.47820202914052745 0.0009314828363059951
8 0.8 1.0 2.4 0.47732819953533007 0.0009703906686339888
8 0.8 1.0 2.6 0.47505293355991796 0.0009490786168748256
8 0.8 1.0 2.8 0.4739470005643594 0.0009340410472839673
8 0.8 1.0 3.0 0.4715996693409884 0.0009699741127995634
8 1.0 0.0 0.0 0.38405264585638516 0.0003879748785987729
8 1.0 0.0 0.2 0.5050552429420805 0.00039034030403353504
8 1.0 0.0 0.4 0.5128288166145717 0.00034723154414502064
8 1.0 0.0 0.6 0.5154495340737901 0.0003764783536537221
8 1.0 0.0 0.8 0.5191181732260164 0.00035445910326657417
8 1.0 0.0 1.0 0.5214476079572956 0.00032366810350738224
8 1.0 0.0 1.2 0.5223236206846011 0.00032783633919080155
8 1.0 0.0 1.4 0.5246974039698147 0.0003044486820248936
8 1.0 0.0 1.6 0.5266514903998929 0.0003018537498375989
8 1.0 0.0 1.8 0.5262832631619598 0.0002918541957383527
8 1.0 0.0 2.0 0.5267160284501959 0.00029699328075734945
8 1.0 0.0 2.2 0.5270366477395352 0.00028376822871118297
8 1.0 0.0 2.4 0.5278977919667492 0.00030362610975759037
8 1.0 0.0 2.6 0.5272214363712701 0.0002877944301142176
8 1.0 0.0 2.8 0.528117195032985 0.0003056720045687315
8 1.0 0.0 3.0 0.528173960435437 0.00029850069165292237
8 1.0 0.1 0.0 0.38340481119323927 0.00048579688164902807
8 1.0 0.1 0.2 0.5058661313004738 0.00039609251587744386
8 1.0 0.1 0.4 0.5135825220654758 0.0003334232095759818
8 1.0 0.1 0.6 0.5173977466374309 0.0003320789620573412
8 1.0 0.1 0.8 0.5201262127972546 0.00031351922580430945
8 1.0 0.1 1.0 0.5228776037322779 0.00030073065189422467
8 1.0 0.1 1.2 0.5247767505001877 0.0002965847680502219
8 1.0 0.1 1.4 0.525356437191441 0.00030096705418521645
8 1.0 0.1 1.6 0.5265302802684764 0.0002952951131998189
8 1.0 0.1 1.8 0.5271388266022461 0.0002940326528435542
8 1.0 0.1 2.0 0.5277661515655381 0.00029899367040767404
8 1.0 0.1 2.2 0.5279218789996937 0.0002897210900798888
8 1.0 0.1 2.4 0.5277431459513917 0.0002985133212491784
8 1.0 0.1 2.6 0.5277419772252686 0.00030042201191861535
8 1.0 0.1 2.8 0.5279812607498391 0.0002930717485270895
8 1.0 0.1 3.0 0.5281457104220586 0.0002944120453727601
8 1.0 0.3 0.0 0.3839497183035876 0.00042120245934354185
8 1.0 0.3 0.2 0.5061425216986224 0.0003982540404246049
8 1.0 0.3 0.4 0.5157018958150124 0.0003035807598641385
8 1.0 0.3 0.6 0.5196339068595435 0.00028897304730040924
8 1.0 0.3 0.8 0.523378085993109 0.0002914607864536039
8 1.0 0.3 1.0 0.5252255672613564 0.0002845044280546102
8 1.0 0.3 1.2 0.5265192459855734 0.0002919637121501149
8 1.0 0.3 1.4 0.5279136418112054 0.0002897061905143057
8 1.0 0.3 1.6 0.5281565886705101 0.0003019256102486401
8 1.0 0.3 1.8 0.5277218861407674 0.0002979573202154981
8 1.0 0.3 2.0 0.5273866389266286 0.000302136141903099
8 1.0 0.3 2.2 0.5274298299034176 0.0003016221433247232
8 1.0 0.3 2.4 0.5275574980243152 0.0002996934457061533
8 1.0 0.3 2.6 0.5271053767807612 0.00030077102256434495
8 1.0 0.3 2.8 0.527128963569415 0.00030722836349990443
8 1.0 0.3 3.0 0.5273203965786308 0.0003270434098009358
8 1.0 0.5 0.0 0.3835052335632524 0.00039293279077824564
8 1.0 0.5 0.2 0.5057155658041963 0.0004123412147372903
8 1.0 0.5 0.4 0.5146418235040315 0.0003301458153629669
8 1.0 0.5 0.6 0.5196946088727623 0.00030386214453533125
8 1.0 0.5 0.8 0.5235817496609736 0.000285590611965795
8 1.0 0.5 1.0 0.5254005845029897 0.0002970800862946122
8 1.0 0.5 1.2 0.526633747849556 0.00030352362389194254
8 1.0 0.5 1.4 0.5262284548731042 0.0003125303960307938
8 1.0 0.5 1.6 0.5242773680661443 0.0003707977392306743
8 1.0 0.5 1.8 0.522111368008342 0.0004468238142735339
8 1.0 0.5 2.0 0.5186414184017492 0.0005249595255952204
8 1.0 0.5 2.2 0.5164533389127356 0.0005761323178911291
8 1.0 0.5 2.4 0.5124488462109428 0.000658868034298261
8 1.0 0.5 2.6 0.509410496558829 0.0007059293695163687
8 1.0 0.5 2.8 0.504823656619301 0.0007654699234180718
8 1.0 0.5 3.0 0.5025796375323984 0.0008040531063164073
8 1.0 0.8 0.0 0.3837796051899837 0.00043338021016485327
8 1.0 0.8 0.2 0.5038136820607811 0.00046267239356659985
8 1.0 0.8 0.4 0.5101283250300602 0.00043003901523397625
8 1.0 0.8 0.6 0.5166448949399258 0.0003852628203111863
8 1.0 0.8 0.8 0.5185521033233402 0.00046724514938277127
8 1.0 0.8 1.0 0.515049569829484 0.0006682922128097005
8 1.0 0.8 1.2 0.5088451186763298 0.0007939674839639006
8 1.0 0.8 1.4 0.5040196581304062 0.0008624750202837557
8 1.0 0.8 1.6 0.4969781261208031 0.0009098999829326646
8 1.0 0.8 1.8 0.49295606368802236 0.0009288146338958714
8 1.0 0.8 2.0 0.487275062279949 0.0009352522459316056
8 1.0 0.8 2.2 0.4868924747719775 0.000949694808422857
8 1.0 0.8 2.4 0.4816306002353841 0.0009870001785189238
8 1.0 0.8 2.6 0.48141312087067895 0.0009404903330887135
8 1.0 0.8 2.8 0.47852017378205924 0.0009650545375637736
8 1.0 0.8 3.0 0.47612267897208993 0.0009495128103880067
8 1.0 1.0 0.0 0.38323202002780776 0.0003751669332897001
8 1.0 1.0 0.2 0.4990823578309921 0.0005763948850239267
8 1.0 1.0 0.4 0.5072054288288526 0.0004917345377542119
8 1.0 1.0 0.6 0.5102755454546308 0.0005785151948700434
8 1.0 1.0 0.8 0.5080491008129691 0.0007431670133697481
8 1.0 1.0 1.0 0.5011542531499977 0.0008818486314154584
8 1.0 1.0 1.2 0.4937907013606944 0.0009437783796952368
8 1.0 1.0 1.4 0.4905449942326702 0.000975881368287502
8 1.0 1.0 1.6 0.4855213962958612 0.0009547649046123273
8 1.0 1.0 1.8 0.4819552624939264 0.0009813536103539984
8 1.0 1.0 2.0 0.4788002007787191 0.0009561781300141164
8 1.0 1.0 2.2 0.4784531315592525 0.000959769252904458
8 1.0 1.0 2.4 0.4746187665502153 0.000919964747632829
8 1.0 1.0 2.6 0.4730073339213181 0.0009578585871862788
8 1.0 1.0 2.8 0.4708526982506785 0.000959587919455565
8 1.0 1.0 3.0 0.46883450857235087 0.0009716625581226724
8 1.5 0.0 0.0 0.38462802167549304 0.0003982259495181301
8 1.5 0.0 0.2 0.4901754548418586 0.0005916215036422976
8 1.5 0.0 0.4 0.5089535392601319 0.00040642475011097476
8 1.5 0.0 0.6 0.5159527126643308 0.00035584760434171774
8 1.5 0.0 0.8 0.5201949081194654 0.00032839445111988236
8 1.5 0.0 1.0 0.5226022048646157 0.00030681352442248235
8 1.5 0.0 1.2 0.5232790513146399 0.00032425808961824567
8 1.5 0.0 1.4 0.5243954521325532 0.0003263701129301283
8 1.5 0.0 1.6 0.5246117028699129 0.00031693789465640077
8 1.5 0.0 1.8 0.5240025250978166 0.0003222472813815726
8 1.5 0.0 2.0 0.5239044994118842 0.0003410476188184645
8 1.5 0.0 2.2 0.5238184767159422 0.00036809061630171876
8 1.5 0.0 2.4 0.5237186052885099 0.00036694808971703976
8 1.5 0.0 2.6 0.5226906471496333 0.00042190499357814594
8 1.5 0.0 2.8 0.5231937958681023 0.0004057709224333945
8 1.5 0.0 3.0 0.5236583227227173 0.00042983600439521304
8 1.5 0.1 0.0 0.3840716517696815 0.0003655040483960749
8 1.5 0.1 0.2 0.4900730125199262 0.0005647945405639669
8 1.5 0.1 0.4 0.5088870745109075 0.0004068847650562402
8 1.5 0.1 0.6 0.5164310219959574 0.0003487563833708917
8 1.5 0.1 0.8 0.520839312173559 0.0003327800064440617
8 1.5 0.1 1.0 0.5228730096693461 0.00031961371074234535
8 1.5 0.1 1.2 0.5239246631079854 0.00031050751310427805
8 1.5 0.1 1.4 0.524396584138772 0.0003238110030625043
8 1.5 0.1 1.6 0.525167267858108 0.0003245609499115321
8 1.5 0.1 1.8 0.5246027639889157 0.0003455831954147902
8 1.5 0.1 2.0 0.5244095299561434 0.0003280245938275482
8 1.5 0.1 2.2 0.5243188073828312 0.0003496750110739836
8 1.5 0.1 2.4 0.5237504139061266 0.0003599842316753134
8 1.5 0.1 2.6 0.5226192786792847 0.00039721453564863987
8 1.5 0.1 2.8 0.5232427619348547 0.00042967032891290174
8 1.5 0.1 3.0 0.5227543100478976 0.00042455271226880863
8 1.5 0.3 0.0 0.3841850654444018 0.00038381134814213097
8 1.5 0.3 0.2 0.49064458846799874 0.0005746429018357349
8 1.5 0.3 0.4 0.5095061710006025 0.00041046294617481997
8 1.5 0.3 0.6 0.5173195669549566 0.0003412959757935713
8 1.5 0.3 0.8 0.520730357940502 0.0003416261949050551
8 1.5 0.3 1.0 0.523370887851202 0.0003185958360284895
8 1.5 0.3 1.2 0.5242911286487282 0.0003231720354778076
8 1.5 0.3 1.4 0.524984831000087 0.00031230065827326424
8 1.5 0.3 1.6 0.5254655276796514 0.00033016216417674815
8 1.5 0.3 1.8 0.5241448191283063 0.00034367907033645514
8 1.5 0.3 2.0 0.5237982236152158 0.0003458108975119964
8 1.5 0.3 2.2 0.5227126379425115 0.0003751324472110287
8 1.5 0.3 2.4 0.5224979254670457 0.0003905487034634189
8 1.5 0.3 2.6 0.5215481823837931 0.0004190217473631847
8 1.5 0.3 2.8 0.5208267377209381 0.00042769890969459923
8 1.5 0.3 3.0 0.5191526918731766 0.000474825684315437
8 1.5 0.5 0.0 0.38492837874534447 0.00034099880031988617
8 1.5 0.5 0.2 0.4908724610937314 0.0005640035768309972
8 1.5 0.5 0.4 0.5095012852515827 0.00042408000905897267
8 1.5 0.5 0.6 0.5174043364149448 0.0003497338385606622
8 1.5 0.5 0.8 0.5214651496515956 0.0003200469553192211
8 1.5 0.5 1.0 0.5232599846580439 0.00032974528541508425
8 1.5 0.5 1.2 0.5248882108163496 0.00032622383967259106
8 1.5 0.5 1.4 0.5238157973703664 0.00036491220937388624
8 1.5 0.5 1.6 0.5219283228226017 0.00037061492439062303
8 1.5 0.5 1.8 0.518941512270304 0.0004467497675642094
8 1.5 0.5 2.0 0.5151106200429199 0.000520022121998067
8 1.5 0.5 2.2 0.5119259592151335 0.0006233106549113826
8 1.5 0.5 2.4 0.5086272271735377 0.0006726111370804367
8 1.5 0.5 2.6 0.5023630182301435 0.0007693930658567996
8 1.5 0.5 2.8 0.4998057618348931 0.0008009587450697757
8 1.5 0.5 3.0 0.4950993404666686 0.0008804462990986621
8 1.5 0.8 0.0 0.3848556743484946 0.00034359292285537804
8 1.5 0.8 0.2 0.4899111922842907 0.0005923747029523254
8 1.5 0.8 0.4 0.508115457199313 0.00046666273404868063
8 1.5 0.8 0.6 0.5152776769137648 0.0003815546534772265
8 1.5 0.8 0.8 0.5181305947386803 0.00043456233723846024
8 1.5 0.8 1.0 0.5166159786894612 0.000534228338055993
8 1.5 0.8 1.2 0.5112697677447628 0.0006945405039017441
8 1.5 0.8 1.4 0.5045755726820069 0.0008029844940742915
8 1.5 0.8 1.6 0.498169999676719 0.0008944020927385413
8 1.5 0.8 1.8 0.4916806674426657 0.0009092825707817001
8 1.5 0.8 2.0 0.48717474808745465 0.0009403891298058807
8 1.5 0.8 2.2 0.4816832700326308 0.0009641823671757415
8 1.5 0.8 2.4 0.47776283277271203 0.0009660650247400494
8 1.5 0.8 2.6 0.47404041014272025 0.0009779567399727106
8 1.5 0.8 2.8 0.47025439484006737 0.000971459092604705
8 1.5 0.8 3.0 0.4684785433856343 0.0009712957009960542
8 1.5 1.0 0.0 0.38450556699076666 0.0003709417019090116
8 1.5 1.0 0.2 0.4885480644697526 0.0006295398547096855
8 1.5 1.0 0.4 0.5043540731207891 0.0005636077989290001
8 1.5 1.0 0.6 0.5111812292571585 0.0005697413337665407
8 1.5 1.0 0.8 0.5097702758967024 0.0006753012786527559
8 1.5 1.0 1.0 0.5034190389139067 0.0008396227797258486
8 1.5 1.0 1.2 0.4941693252895736 0.000907733167948007
8 1.5 1.0 1.4 0.49243756381680376 0.0009350534758976666
8 1.5 1.0 1.6 0.4869134982029449 0.0009226430670130155
8 1.5 1.0 1.8 0.48099521012532226 0.0009570078138812001
8 1.5 1.0 2.0 0.4748866270565085 0.0009615402598011997
8 1.5 1.0 2.2 0.4721650848289529 0.0009466704634313031
8 1.5 1.0 2.4 0.4672084463554111 0.0009411941842890461
8 1.5 1.0 2.6 0.4651753352307529 0.0009422759075495363
8 1.5 1.0 2.8 0.4609616947067271 0.0009380838880962597
8 1.5 1.0 3.0 0.4578606302728998 0.0009356509281652137
8 2.0 0.0 0.0 0.3844818093410256 0.000349049462882593
8 2.0 0.0 0.2 0.47371932834431374 0.0006876415242614861
8 2.0 0.0 0.4 0.49825203944021546 0.0005654733411327462
8 2.0 0.0 0.6 0.5092429368940261 0.0004764618032688561
8 2.0 0.0 0.8 0.5145056530392611 0.0004431873500978358
8 2.0 0.0 1.0 0.5168892773009626 0.00042238773554165393
8 2.0 0.0 1.2 0.5185466592868939 0.0004221087208454063
8 2.0 0.0 1.4 0.5180788603359902 0.0004565331314578128
8 2.0 0.0 1.6 0.5184279852748657 0.000453149583491126
8 2.0 0.0 1.8 0.5180881662306416 0.0004668023249358149
8 2.0 0.0 2.0 0.5155045434749757 0.0004846179182317401
8 2.0 0.0 2.2 0.5147243368008666 0.0005315877476453128
8 2.0 0.0 2.4 0.5121142289911389 0.0005950270299317836
8 2.0 0.0 2.6 0.5111995774766649 0.0006259147941914288
8 2.0 0.0 2.8 0.5107476295759208 0.0006448168823575597
8 2.0 0.0 3.0 0.5104452403337241 0.0006725507641393939
8 2.0 0.1 0.0 0.3842627631703435 0.00037374853776621456
8 2.0 0.1 0.2 0.47377283917500357 0.0006972172418376467
8 2.0 0.1 0.4 0.49772606214875126 0.0005716010686721803
8 2.0 0.1 0.6 0.508290428124164 0.00050881285901077
8 2.0 0.1 0.8 0.5144704845110999 0.0004379895927865412
8 2.0 0.1 1.0 0.5173782970188858 0.00042193093219329716
8 2.0 0.1 1.2 0.518734091580289 0.0004221629718379244
8 2.0 0.1 1.4 0.5183947373934159 0.00044506386408965393
8 2.0 0.1 1.6 0.5182582399472355 0.0004647558088035829
8 2.0 0.1 1.8 0.5186193329833861 0.0004683590110374217
8 2.0 0.1 2.0 0.5152427473240007 0.0005198433372009668
8 2.0 0.1 2.2 0.5148051695639173 0.0005294645649626311
8 2.0 0.1 2.4 0.5123539169560712 0.0005735603168116372
8 2.0 0.1 2.6 0.5108302088799066 0.0006347035043562634
8 2.0 0.1 2.8 0.5110432238876853 0.0006528137084782495
8 2.0 0.1 3.0 0.5100755761580199 0.0007083870664745151
8 2.0 0.3 0.0 0.38475674898116063 0.0003508679698152823
8 2.0 0.3 0.2 0.4735152387037873 0.0006731765746442034
8 2.0 0.3 0.4 0.4986971786579789 0.0005819779653526793
8 2.0 0.3 0.6 0.5099274108035147 0.00045881830986319527
8 2.0 0.3 0.8 0.513972501428668 0.0004752846937839713
8 2.0 0.3 1.0 0.5167711770246632 0.000440350683574336
8 2.0 0.3 1.2 0.518812124608643 0.0004307126371447975
8 2.0 0.3 1.4 0.5185654158102301 0.00046166967828002996
8 2.0 0.3 1.6 0.5180606214605147 0.0004771267845443513
8 2.0 0.3 1.8 0.5154796754026675 0.00048465911728231225
8 2.0 0.3 2.0 0.5154664930797519 0.0004916577263569955
8 2.0 0.3 2.2 0.5122240445257233 0.0005575199282604325
8 2.0 0.3 2.4 0.5117344104497702 0.0005953489846249961
8 2.0 0.3 2.6 0.5086637889061169 0.0006498858594332165
8 2.0 0.3 2.8 0.507310894765424 0.000672981142197348
8 2.0 0.3 3.0 0.504992510547099 0.0007417860393385597
8 2.0 0.5 0.0 0.38458211648011115 0.0003293557770231613
8 2.0 0.5 0.2 0.4735916469300451 0.0006856763525771312
8 2.0 0.5 0.4 0.4999051734504055 0.0005650824255558232
8 2.0 0.5 0.6 0.5097670708297823 0.00048508932977880953
8 2.0 0.5 0.8 0.5151265317125067 0.00044731390194889363
8 2.0 0.5 1.0 0.5182048894801159 0.00042232208098172137
8 2.0 0.5 1.2 0.5182505075647992 0.0004595926603967351
8 2.0 0.5 1.4 0.5182569243739704 0.00042539898374309887
8 2.0 0.5 1.6 0.5152255398065504 0.0004513052540488214
8 2.0 0.5 1.8 0.5118890673921298 0.0005203650669453538
8 2.0 0.5 2.0 0.5079759519843259 0.0005960451682343539
8 2.0 0.5 2.2 0.5023975453891184 0.0006881336435374167
8 2.0 0.5 2.4 0.49578936833140697 0.0007558634481384096
8 2.0 0.5 2.6 0.49315095636488926 0.0008191898577724131
8 2.0 0.5 2.8 0.48702241544634334 0.0009151600806920836
8 2.0 0.5 3.0 0.4831962986371281 0.0009168702558323855
8 2.0 0.8 0.0 0.38509965349445596 0.0003738902275278965
8 2.0 0.8 0.2 0.4749157651636584 0.0007216019519138838
8 2.0 0.8 0.4 0.49818339082598545 0.0006029783262562615
8 2.0 0.8 0.6 0.508237479632079 0.0005232408617351381
8 2.0 0.8 0.8 0.5126336288948857 0.000515890027574998
8 2.0 0.8 1.0 0.5123422816050951 0.0005951769081326579
8 2.0 0.8 1.2 0.5062678059196531 0.0007112295520285942
8 2.0 0.8 1.4 0.4997366616339709 0.0007883774220785102
8 2.0 0.8 1.6 0.49155712153068853 0.0008952123667152176
8 2.0 0.8 1.8 0.48648481345223177 0.0009426064663734904
8 2.0 0.8 2.0 0.4790655445667795 0.0009633305097077587
8 2.0 0.8 2.2 0.4728961632479839 0.0009769353548861393
8 2.0 0.8 2.4 0.4673520333712564 0.0009721448605831123
8 2.0 0.8 2.6 0.4646409849114834 0.0009809053596750905
8 2.0 0.8 2.8 0.45954720939591 0.0009890028699889985
8 2.0 0.8 3.0 0.4554854489618022 0.0009609043678706469
8 2.0 1.0 0.0 0.38461815751834905 0.0003534526325346653
8 2.0 1.0 0.2 0.4766166324053903 0.0007243958967360075
8 2.0 1.0 0.4 0.4977251852340395 0.0006479715988229255
8 2.0 1.0 0.6 0.5058355834089268 0.0006035033417454145
8 2.0 1.0 0.8 0.5074233215151549 0.0006841747312802657
8 2.0 1.0 1.0 0.5012219203528436 0.0008185787942387755
8 2.0 1.0 1.2 0.4945300131975082 0.0009089437598607803
8 2.0 1.0 1.4 0.48719132044326907 0.0009111090785872202
8 2.0 1.0 1.6 0.48140687480832056 0.0009175548944522865
8 2.0 1.0 1.8 0.4745336922560028 0.0009211567550623953
8 2.0 1.0 2.0 0.4695975921356206 0.0009385535256652298
8 2.0 1.0 2.2 0.46319805202488523 0.0009750426373237643
8 2.0 1.0 2.4 0.4596836174864374 0.0009258530950337076
8 2.0 1.0 2.6 0.45477523037788825 0.0009232733094015393
8 2.0 1.0 2.8 0.4507899936309864 0.0009523716405221772
8 2.0 1.0 3.0 0.44672613323825966 0.000905435534213103
8 4.0 0.0 0.0 0.3860488301616476 0.00031256640247459474
8 4.0 0.0 0.2 0.4296526634675337 0.0006157842611404112
8 4.0 0.0 0.4 0.44978745373689166 0.000731495802075697
8 4.0 0.0 0.6 0.46172160637502613 0.0008471269703734387
8 4.0 0.0 0.8 0.46591639054425704 0.0009078945838370969
8 4.0 0.0 1.0 0.4700251770566906 0.0009087651319806759
8 4.0 0.0 1.2 0.4706197071782856 0.0009566667344660096
8 4.0 0.0 1.4 0.468448319421715 0.0009183969259846916
8 4.0 0.0 1.6 0.4673306659308461 0.0009452687964556936
8 4.0 0.0 1.8 0.4637387521696563 0.000951078949548162
8 4.0 0.0 2.0 0.46117902721344284 0.0009802195792854723
8 4.0 0.0 2.2 0.457214295572144 0.000979388126118105
8 4.0 0.0 2.4 0.4541886893495978 0.0009750714105189352
8 4.0 0.0 2.6 0.4516363188692537 0.0009884541820722266
8 4.0 0.0 2.8 0.4505013744096268 0.0010029684474338182
8 4.0 0.0 3.0 0.44640944049615716 0.000963208388797534
8 4.0 0.1 0.0 0.3863136508814262 0.00032022272040052623
8 4.0 0.1 0.2 0.4308773858130476 0.0006393158702200239
8 4.0 0.1 0.4 0.45246059684550477 0.0008001535550590604
8 4.0 0.1 0.6 0.46240831013696637 0.0008442734495311998
8 4.0 0.1 0.8 0.4683436340631515 0.0009068145120451228
8 4.0 0.1 1.0 0.4705000182752894 0.0009373584552732231
8 4.0 0.1 1.2 0.47045073371751145 0.0009318272550725897
8 4.0 0.1 1.4 0.46982437665996835 0.0009429522305575596
8 4.0 0.1 1.6 0.467849784968392 0.0009549478576996479
8 4.0 0.1 1.8 0.46358098208110093 0.0009424919923527971
8 4.0 0.1 2.0 0.4617579070760961 0.0009835525038709438
8 4.0 0.1 2.2 0.45766464772988713 0.0009612260706727626
8 4.0 0.1 2.4 0.4536761247768386 0.0009546981242534341
8 4.0 0.1 2.6 0.45257387448578934 0.000984582871792868
8 4.0 0.1 2.8 0.44961908900612163 0.0009837725036299435
8 4.0 0.1 3.0 0.4470219468801547 0.000994508943361524
8 4.0 0.3 0.0 0.38555133919755497 0.0003484017108774468
8 4.0 0.3 0.2 0.43062677344791 0.0006302560351473142
8 4.0 0.3 0.4 0.45175390066855015 0.0007980452587556626
8 4.0 0.3 0.6 0.4623542589075907 0.0008564753780834519
8 4.0 0.3 0.8 0.46767808410708855 0.0009162885746453415
8 4.0 0.3 1.0 0.4709086928631895 0.0009295354324170764
8 4.0 0.3 1.2 0.47016168582132367 0.0009228377829060625
8 4.0 0.3 1.4 0.4709485012687697 0.0009448522312492477
8 4.0 0.3 1.6 0.4657807255744749 0.0009533639997476381
8 4.0 0.3 1.8 0.46645031442583373 0.0009651740548053111
8 4.0 0.3 2.0 0.4605549868313391 0.0009277863624245499
8 4.0 0.3 2.2 0.4554447408374336 0.0009409361161381456
8 4.0 0.3 2.4 0.45285651490629397 0.0009004988648638132
8 4.0 0.3 2.6 0.45203031544545774 0.000959102741554966
8 4.0 0.3 2.8 0.4485065495832878 0.0009394736309863235
8 4.0 0.3 3.0 0.44564395619498026 0.0009633226764660185
8 4.0 0.5 0.0 0.38600834788328764 0.0003214919505542345
8 4.0 0.5 0.2 0.43100556202598644 0.0006350871957472367
8 4.0 0.5 0.4 0.45148720013453425 0.0007751188435036132
8 4.0 0.5 0.6 0.46391354098854964 0.000872887518217393
8 4.0 0.5 0.8 0.4706709682062683 0.0009009740043365365
8 4.0 0.5 1.0 0.47238109830379704 0.0009269226732156326
8 4.0 0.5 1.2 0.4699338608322139 0.0009166397276466465
8 4.0 0.5 1.4 0.46946893278210966 0.0009413725329914548
8 4.0 0.5 1.6 0.4664216827579588 0.00091964117377589
8 4.0 0.5 1.8 0.4647021319193076 0.0009180215434566624
8 4.0 0.5 2.0 0.45834691658828697 0.0008942504651775042
8 4.0 0.5 2.2 0.45519050825559804 0.0008832637773766709
8 4.0 0.5 2.4 0.44958577349446904 0.0008544135635857831
8 4.0 0.5 2.6 0.4463527859988456 0.0008759121291063347
8 4.0 0.5 2.8 0.44152426676115203 0.0008331649715638003
8 4.0 0.5 3.0 0.43666630815257085 0.0008389503518283533
8 4.0 0.8 0.0 0.38598562321380603 0.0003231498771237862
8 4.0 0.8 0.2 0.4322924311764125 0.0006401715086997
8 4.0 0.8 0.4 0.45392014606938436 0.0008098949931188858
8 4.0 0.8 0.6 0.4656882541117934 0.0008830466725372612
8 4.0 0.8 0.8 0.471524383094036 0.0009058900461660066
8 4.0 0.8 1.0 0.4734709892019422 0.000901376365643741
8 4.0 0.8 1.2 0.46908351187217545 0.0009315834550251604
8 4.0 0.8 1.4 0.46553281117051515 0.0008790485839940458
8 4.0 0.8 1.6 0.459545293605496 0.0009187446969777883
8 4.0 0.8 1.8 0.45124750487766735 0.0008418365208599283
8 4.0 0.8 2.0 0.445631591831887 0.0008455468765812516
8 4.0 0.8 2.2 0.44075614679329034 0.0008139704408344056
8 4.0 0.8 2.4 0.43343576328199696 0.0007612961492728891
8 4.0 0.8 2.6 0.43093275487987565 0.0007437973738151532
8 4.0 0.8 2.8 0.42812406732496644 0.0007631232615086255
8 4.0 0.8 3.0 0.4237345995560951 0.0007325203740507063
8 4.0 1.0 0.0 0.38565497095219015 0.00033436622589750155
8 4.0 1.0 0.2 0.4337237440128749 0.0006631129207603157
8 4.0 1.0 0.4 0.45729944381944604 0.0008697441753368736
8 4.0 1.0 0.6 0.46961221836618267 0.000909165390633623
8 4.0 1.0 0.8 0.47117645407138015 0.0009084421627535991
8 4.0 1.0 1.0 0.46925361944894994 0.0009384797177540611
8 4.0 1.0 1.2 0.4623709818779896 0.0009115992041002448
8 4.0 1.0 1.4 0.4559067425795579 0.0009046109949769077
8 4.0 1.0 1.6 0.4495416079286134 0.0008856590143376461
8 4.0 1.0 1.8 0.44364242580465635 0.0008255909195613936
8 4.0 1.0 2.0 0.4388080869270977 0.0008180776998797232
8 4.0 1.0 2.2 0.4333846031322367 0.0007700714210655675
8 4.0 1.0 2.4 0.4292768004088512 0.0007458927694763964
8 4.0 1.0 2.6 0.42654374997581457 0.0007145860004272335
8 4.0 1.0 2.8 0.422203050151074 0.0006846575698278502
8 4.0 1.0 3.0 0.42048232649754663 0.0006309051043021495
6 0.0 0.0 0.0 3.867198127579433e-16 0.0
6 0.0 0.0 0.2 0.4010488742035814 0.0
6 0.0 0.0 0.4 0.46211768527080643 0.0
6 0.0 0.0 0.6 0.4391859866549403 0.0
6 0.0 0.0 0.8 0.5478220859686991 0.0
6 0.0 0.0 1.0 0.4469026348514712 0.0
6 0.0 0.0 1.2 0.45330507255869135 0.0
6 0.0 0.0 1.4 0.3720688295747972 0.0
6 0.0 0.0 1.6 0.3205933212430717 0.0
6 0.0 0.0 1.8 0.5317454411998571 0.0
6 0.0 0.0 2.0 0.3078441117852229 0.0
6 0.0 0.0 2.2 0.3542140848107164 0.0
6 0.0 0.0 2.4 0.3488724322480221 0.0
6 0.0 0.0 2.6 0.3002336062655566 0.0
6 0.0 0.0 2.8 0.33886177320853017 0.0
6 0.0 0.0 3.0 0.3827936293009044 0.0
6 0.0 0.1 0.0 1.1670328286519843e-15 0.0
6 0.0 0.1 0.2 0.3067989445570117 0.001388544700996468
6 0.0 0.1 0.4 0.32699933574559636 0.0011193213059834206
6 0.0 0.1 0.6 0.36003815785322146 0.001325844116378247
6 0.0 0.1 0.8 0.3439748599976338 0.0009040986404108371
6 0.0 0.1 1.0 0.3628432683236106 0.0009633055619897973
6 0.0 0.1 1.2 0.35677886581880663 0.0009569183622509175
6 0.0 0.1 1.4 0.37364477566038645 0.0013806799751982725
6 0.0 0.1 1.6 0.4029569965878901 0.0008377707286181507
6 0.0 0.1 1.8 0.4068368842617762 0.0009407257594462841
6 0.0 0.1 2.0 0.395555123029212 0.0009157694835528971
6 0.0 0.1 2.2 0.3901567218356181 0.0010261584653337892
6 0.0 0.1 2.4 0.38570914340267204 0.0008507626859242474
6 0.0 0.1 2.6 0.40893031957465975 0.00087383502560958
6 0.0 0.1 2.8 0.39664831461868816 0.0008593311128123715
6 0.0 0.1 3.0 0.3867971821867345 0.0008812006960258424
6 0.0 0.3 0.0 1.1670328286519843e-15 0.0
6 0.0 0.3 0.2 0.4196625212946717 0.0015432946430323335
6 0.0 0.3 0.4 0.435318850158919 0.0014907990770003064
6 0.0 0.3 0.6 0.42216896461537734 0.001161982923091693
6 0.0 0.3 0.8 0.4274723725532333 0.000972223966251481
6 0.0 0.3 1.0 0.4163254229748316 0.000938249269941985
6 0.0 0.3 1.2 0.40612878207237757 0.0009180077335380385
6 0.0 0.3 1.4 0.41030197800169665 0.0008479525057423314
6 0.0 0.3 1.6 0.4099105840933804 0.0008972422596517489
6 0.0 0.3 1.8 0.4076089070386286 0.0008631006208099988
6 0.0 0.3 2.0 0.40730595359416144 0.0008799211419987169
6 0.0 0.3 2.2 0.4021713266192674 0.0008424802985851996
6 0.0 0.3 2.4 0.401921781703902 0.0008884699148818834
6 0.0 0.3 2.6 0.39844733167487173 0.0008173074973781794
6 0.0 0.3 2.8 0.39589051211761617 0.0009102377168385523
6 0.0 0.3 3.0 0.39924305215238753 0.000882436021549158
6 0.0 0.5 0.0 1.1670328286519843e-15 0.0
6 0.0 0.5 0.2 0.46230174111867106 0.0013041136580656514
6 0.0 0.5 0.4 0.45907397004912265 0.0011821378220267758
6 0.0 0.5 0.6 0.43859376020947594 0.0010330079611068409
6 0.0 0.5 0.8 0.4314438248789689 0.0008855118289641834
6 0.0 0.5 1.0 0.4197582294519214 0.0009232637036422502
6 0.0 0.5 1.2 0.4156367412526038 0.0009016398685213197
6 0.0 0.5 1.4 0.4137942456940891 0.0008994837660500537
6 0.0 0.5 1.6 0.40871991790930506 0.0008529483840379122
6 0.0 0.5 1.8 0.4072461824343872 0.0008576898472214019
6 0.0 0.5 2.0 0.40550136317762187 0.0008630000316215991
6 0.0 0.5 2.2 0.40254818396861325 0.0008595664684550871
6 0.0 0.5 2.4 0.4018610677758584 0.000860312034588166
6 0.0 0.5 2.6 0.4041609637436118 0.0008342186437776557
6 0.0 0.5 2.8 0.40273670333475764 0.0008825260271703138
6 0.0 0.5 3.0 0.40495994345629915 0.0008708868255326706
6 0.0 0.8 0.0 1.1670328286519843e-15 0.0
6 0.0 0.8 0.2 0.4655327702697375 0.0012356762777091068
6 0.0 0.8 0.4 0.45262922875630834 0.001058753377544531
6 0.0 0.8 0.6 0.4359147981046791 0.0010123594314003718
6 0.0 0.8 0.8 0.4241500542958978 0.0009241466390962446
6 0.0 0.8 1.0 0.41708950472539325 0.0008906247333549198
6 0.0 0.8 1.2 0.41508109475285954 0.0008724079645241052
6 0.0 0.8 1.4 0.41135735247364513 0.0008501724527379036
6 0.0 0.8 1.6 0.408894010064671 0.0008676791923575196
6 0.0 0.8 1.8 0.40779710280354875 0.000865686322864437
6 0.0 0.8 2.0 0.40525500282866445 0.0008913051671393182
6 0.0 0.8 2.2 0.40403202081645384 0.0008963223480823884
6 0.0 0.8 2.4 0.4071715052266099 0.0008907821508522686
6 0.0 0.8 2.6 0.4100417676075034 0.0009457265679249582
6 0.0 0.8 2.8 0.40847708178844044 0.0009261412353096816
6 0.0 0.8 3.0 0.4133144742009569 0.000944139568214193
6 0.0 1.0 0.0 1.1670328286519843e-15 0.0
6 0.0 1.0 0.2 0.45930258907471394 0.0011953040001045957
6 0.0 1.0 0.4 0.4474665170243317 0.0010642126004368243
6 0.0 1.0 0.6 0.4302980147414541 0.0009833137145992049
6 0.0 1.0 0.8 0.4208536210893642 0.0009269922915116788
6 0.0 1.0 1.0 0.4169593810449248 0.0008633372625259036
6 0.0 1.0 1.2 0.4122604960961098 0.0008893311677646887
6 0.0 1.0 1.4 0.41169236310872853 0.0008865034480071572
6 0.0 1.0 1.6 0.40829445344558046 0.0008757644893309447
6 0.0 1.0 1.8 0.4082674698443416 0.0008766113262538772
6 0.0 1.0 2.0 0.40710927728901236 0.0008554368737474517
6 0.0 1.0 2.2 0.4086034360609499 0.0009727858719111877
6 0.0 1.0 2.4 0.41106334761491903 0.0009705076953312046
6 0.0 1.0 2.6 0.4121472393047298 0.000974254331898238
6 0.0 1.0 2.8 0.41518894777018744 0.0009977554042119273
6 0.0 1.0 3.0 0.41483461488218976 0.0010378274775317115
6 0.1 0.0 0.0 0.3528183650599182 0.0012328378162507888
6 0.1 0.0 0.2 0.24366797927171174 0.0014745186936840847
6 0.1 0.0 0.4 0.23851604511314692 0.0012753606993790264
6 0.1 0.0 0.6 0.2543088908646771 0.0012582109294346328
6 0.1 0.0 0.8 0.25850610596067797 0.0013471131591531727
6 0.1 0.0 1.0 0.27532808037695206 0.0013620973339938916
6 0.1 0.0 1.2 0.2927351345082828 0.0016243941095312395
6 0.1 0.0 1.4 0.27749119081447915 0.0014032289526288088
6 0.1 0.0 1.6 0.3140133123329899 0.001476006737011238
6 0.1 0.0 1.8 0.31378248981324286 0.0015747522907021533
6 0.1 0.0 2.0 0.31195698347242756 0.001423434187736861
6 0.1 0.0 2.2 0.32511558725656775 0.0015003452396111536
6 0.1 0.0 2.4 0.29983403942623416 0.0014646332184003955
6 0.1 0.0 2.6 0.3204435975521227 0.0014829368509305595
6 0.1 0.0 2.8 0.3336797649874728 0.0017235196794448387
6 0.1 0.0 3.0 0.3408545683633394 0.001492132878207615
6 0.1 0.1 0.0 0.35592630591677 0.0010981131494413677
6 0.1 0.1 0.2 0.3341637414679589 0.0012530256843834738
6 0.1 0.1 0.4 0.35217546026398966 0.0012741149649795908
6 0.1 0.1 0.6 0.3738303224665716 0.0011127632907098983
6 0.1 0.1 0.8 0.3786959557912943 0.0010741777318515363
6 0.1 0.1 1.0 0.40411432786179713 0.0011263571232345748
6 0.1 0.1 1.2 0.4109908869319572 0.001066036472887787
6 0.1 0.1 1.4 0.4090463133220297 0.001239512110365882
6 0.1 0.1 1.6 0.440463046745203 0.0008979849789866545
6 0.1 0.1 1.8 0.4606064632364945 0.001002816855625445
6 0.1 0.1 2.0 0.461121340210053 0.0010995162658582608
6 0.1 0.1 2.2 0.45001939213017994 0.0010503184373770156
6 0.1 0.1 2.4 0.45791298347923887 0.001027459135347888
6 0.1 0.1 2.6 0.47160650511076363 0.0009550934883946531
6 0.1 0.1 2.8 0.4607132900352957 0.0009051514716315713
6 0.1 0.1 3.0 0.4548258794203355 0.0009775880869926166
6 0.1 0.3 0.0 0.3557015017017388 0.0011591075439994138
6 0.1 0.3 0.2 0.4296848101028838 0.001365044329880892
6 0.1 0.3 0.4 0.4435569204376434 0.0013208496654315749
6 0.1 0.3 0.6 0.4400802904125497 0.0011262868865513493
6 0.1 0.3 0.8 0.4587891108794676 0.0010349540518406507
6 0.1 0.3 1.0 0.4576779035485802 0.0009071496895798813
6 0.1 0.3 1.2 0.4597191547216545 0.0009568774728748247
6 0.1 0.3 1.4 0.4674325550196859 0.000997508944880512
6 0.1 0.3 1.6 0.4724122012318391 0.00093810437242173
6 0.1 0.3 1.8 0.47215099682515854 0.0009390605841607656
6 0.1 0.3 2.0 0.4752460171341328 0.0009458644242747544
6 0.1 0.3 2.2 0.47045881519111793 0.0009458352697436268
6 0.1 0.3 2.4 0.4685039136037369 0.0009725033781134494
6 0.1 0.3 2.6 0.46462057026503645 0.000980635794448122
6 0.1 0.3 2.8 0.4586897991855845 0.0009661661180294368
6 0.1 0.3 3.0 0.45985983264865155 0.0009686659315532431
6 0.1 0.5 0.0 0.35471737609742293 0.0011223476364115585
6 0.1 0.5 0.2 0.4686076190246651 0.001144184825334357
6 0.1 0.5 0.4 0.47049322092978585 0.0010609083096367379
6 0.1 0.5 0.6 0.4640785736525736 0.0009840465303153393
6 0.1 0.5 0.8 0.4680836165689971 0.0009856503899849714
6 0.1 0.5 1.0 0.46464898080492084 0.000931959216237056
6 0.1 0.5 1.2 0.46667921485289515 0.0009851368974389174
6 0.1 0.5 1.4 0.4687484833704479 0.0010156788425918783
6 0.1 0.5 1.6 0.4669141015047935 0.0010119785748234108
6 0.1 0.5 1.8 0.4605245249879374 0.0009951965246367332
6 0.1 0.5 2.0 0.4601517356185644 0.000984450155667412
6 0.1 0.5 2.2 0.4538145814601804 0.0010420222029698459
6 0.1 0.5 2.4 0.45219373614720715 0.0009548287041417659
6 0.1 0.5 2.6 0.4506339198687413 0.0009758283675218255
6 0.1 0.5 2.8 0.4482769116419449 0.0009902920808996624
6 0.1 0.5 3.0 0.44933988119526014 0.0009675751120163973
6 0.1 0.8 0.0 0.3536562848093566 0.0011436312052619205
6 0.1 0.8 0.2 0.4695283788371202 0.0011482913381676526
6 0.1 0.8 0.4 0.46653002507006136 0.001102409749836675
6 0.1 0.8 0.6 0.46050544571221663 0.0010083529072602811
6 0.1 0.8 0.8 0.45930938213656436 0.0010088799851272062
6 0.1 0.8 1.0 0.4561647826397223 0.001013409995911934
6 0.1 0.8 1.2 0.4526608499162286 0.0010129928086418105
6 0.1 0.8 1.4 0.4511818067463313 0.0010621489840786234
6 0.1 0.8 1.6 0.4493178582906784 0.001041087151182305
6 0.1 0.8 1.8 0.44752917813179716 0.0010600189606265952
6 0.1 0.8 2.0 0.44253147889937944 0.0010294298073898849
6 0.1 0.8 2.2 0.4428433026688927 0.0010004618423699802
6 0.1 0.8 2.4 0.442725005669361 0.000987685156097292
6 0.1 0.8 2.6 0.4421250216411653 0.0009756776414224258
6 0.1 0.8 2.8 0.444557988172389 0.00096803363649713
6 0.1 0.8 3.0 0.44644894676038016 0.0010120005432972749
6 0.1 1.0 0.0 0.355572373882544 0.0011817466888471577
6 0.1 1.0 0.2 0.4630563143800768 0.0011620095908131177
6 0.1 1.0 0.4 0.45946913694209013 0.0011025526831905013
6 0.1 1.0 0.6 0.4539985319342388 0.001068057943859377
6 0.1 1.0 0.8 0.45108701432504467 0.0010350735532405322
6 0.1 1.0 1.0 0.44639406627436407 0.0010752426404364854
6 0.1 1.0 1.2 0.44791622321585733 0.0010337256994196727
6 0.1 1.0 1.4 0.44458734172528264 0.0010578505773469083
6 0.1 1.0 1.6 0.44344995151843913 0.0010284432650599852
6 0.1 1.0 1.8 0.4416645224295849 0.001056238637746994
6 0.1 1.0 2.0 0.4396101881087212 0.00106634420089346
6 0.1 1.0 2.2 0.44185792636926197 0.00102859813674205
6 0.1 1.0 2.4 0.4399545439995206 0.0010069647450126544
6 0.1 1.0 2.6 0.443138506821573 0.0009711891170357321
6 0.1 1.0 2.8 0.4421517974708088 0.0010098285672839674
6 0.1 1.0 3.0 0.4471190816455848 0.0009523929565680462
6 0.3 0.0 0.0 0.35550107560311883 0.001158816253517372
6 0.3 0.0 0.2 0.412855756765945 0.0018528198849083737
6 0.3 0.0 0.4 0.3873952659358701 0.0015848366144509186
6 0.3 0.0 0.6 0.3882412485656828 0.0016575498292472376
6 0.3 0.0 0.8 0.3920882160901861 0.0015414987523779836
6 0.3 0.0 1.0 0.4053523854978216 0.0016572232228384783
6 0.3 0.0 1.2 0.4219942263988438 0.0014053360942164513
6 0.3 0.0 1.4 0.41827257898642345 0.0016797749296002186
6 0.3 0.0 1.6 0.4424759984380293 0.0014060543974280266
6 0.3 0.0 1.8 0.4470793178163147 0.0014789642633755778
6 0.3 0.0 2.0 0.44300610399539075 0.0015755704912431786
6 0.3 0.0 2.2 0.45588888148481443 0.0014948181299991338
6 0.3 0.0 2.4 0.43930447511390414 0.0016445114393585922
6 0.3 0.0 2.6 0.4547429783043473 0.0014636008080745032
6 0.3 0.0 2.8 0.46121617139026283 0.0013585434814077037
6 0.3 0.0 3.0 0.4495836507453814 0.0013335614375785411
6 0.3 0.1 0.0 0.35642552245399 0.0011686864399968724
6 0.3 0.1 0.2 0.4354561518555905 0.001350952680336319
6 0.3 0.1 0.4 0.4243459607071146 0.0012014536032926607
6 0.3 0.1 0.6 0.4345117505049694 0.0011324758888147973
6 0.3 0.1 0.8 0.4348239583818919 0.0011439880028370607
6 0.3 0.1 1.0 0.4523695474648244 0.0010677294902696438
6 0.3 0.1 1.2 0.46338801855535783 0.0009590607748087552
6 0.3 0.1 1.4 0.4596336686489173 0.0010477363939342997
6 0.3 0.1 1.6 0.4779997226730619 0.0009068702956847101
6 0.3 0.1 1.8 0.4942628748000291 0.0008695598346166746
6 0.3 0.1 2.0 0.49228539044954983 0.0009571321886309144
6 0.3 0.1 2.2 0.4934743874345081 0.0009316375814189972
6 0.3 0.1 2.4 0.4946208772372856 0.0009381987926695493
6 0.3 0.1 2.6 0.504517745769126 0.0009422628910593649
6 0.3 0.1 2.8 0.49378519803303433 0.0008850567592651845
6 0.3 0.1 3.0 0.4951098625814602 0.0008924555709747965
6 0.3 0.3 0.0 0.35597012912747045 0.0011683898418435805
6 0.3 0.3 0.2 0.4731149676733323 0.0010382049819091274
6 0.3 0.3 0.4 0.46888625642890475 0.001045192848642123
6 0.3 0.3 0.6 0.47494701340137513 0.0009704355079399146
6 0.3 0.3 0.8 0.48599044890197596 0.0009635090808524679
6 0.3 0.3 1.0 0.48742764905784725 0.0008914606060043007
6 0.3 0.3 1.2 0.49252927347082254 0.000933399262281607
6 0.3 0.3 1.4 0.4974474782030972 0.0008667530441338419
6 0.3 0.3 1.6 0.5040761015623729 0.0008566739032854361
6 0.3 0.3 1.8 0.5062212069509866 0.0008485983443478199
6 0.3 0.3 2.0 0.5081559862210898 0.0008913535337902925
6 0.3 0.3 2.2 0.5062127187873569 0.0008597105363737102
6 0.3 0.3 2.4 0.5069173055704984 0.0009000896226493055
6 0.3 0.3 2.6 0.5019190368489481 0.0008987347663177126
6 0.3 0.3 2.8 0.5012861829707603 0.000903208144917186
6 0.3 0.3 3.0 0.49979348986019445 0.0009541540869614322
6 0.3 0.5 0.0 0.35534442241046427 0.0011219725068368788
6 0.3 0.5 0.2 0.4860152109618579 0.0009074953260269449
6 0.3 0.5 0.4 0.4851800329660715 0.0009384704044304108
6 0.3 0.5 0.6 0.4854844809416752 0.0009280343602258226
6 0.3 0.5 0.8 0.48926476489765414 0.0008928147202304682
6 0.3 0.5 1.0 0.49112580051314403 0.0008810359964845273
6 0.3 0.5 1.2 0.4950825750226929 0.000955791943467391
6 0.3 0.5 1.4 0.49741976094780604 0.0009550183546319774
6 0.3 0.5 1.6 0.49727854859355525 0.0009725772638088276
6 0.3 0.5 1.8 0.4941765505081199 0.0010331797093765776
6 0.3 0.5 2.0 0.492801523062082 0.0010461674991510807
6 0.3 0.5 2.2 0.4899757783438248 0.0010509184015349672
6 0.3 0.5 2.4 0.4881338912935381 0.0010570413995021277
6 0.3 0.5 2.6 0.4857569419412056 0.0010526282204102039
6 0.3 0.5 2.8 0.484817051419278 0.0010497842544291741
6 0.3 0.5 3.0 0.48297506449513233 0.0010765044424544939
6 0.3 0.8 0.0 0.3535266469558602 0.0011721995897269178
6 0.3 0.8 0.2 0.48031949963421866 0.0010146084132530836
6 0.3 0.8 0.4 0.477305637168125 0.0010253933805881204
6 0.3 0.8 0.6 0.478245032925952 0.0009825924773270093
6 0.3 0.8 0.8 0.479900863328636 0.0010261682776721358
6 0.3 0.8 1.0 0.47963239161356547 0.001080911357057869
6 0.3 0.8 1.2 0.47775443038647897 0.0011424209927955761
6 0.3 0.8 1.4 0.4779503420672316 0.0011201448312816056
6 0.3 0.8 1.6 0.47600892425749286 0.0011458969591125901
6 0.3 0.8 1.8 0.47351282584331755 0.0011250666933254945
6 0.3 0.8 2.0 0.4711112589948311 0.001137340301375957
6 0.3 0.8 2.2 0.4707858324245757 0.0011058766163087555
6 0.3 0.8 2.4 0.47240131728667994 0.001110027299340764
6 0.3 0.8 2.6 0.47182672891333366 0.0010513374615876137
6 0.3 0.8 2.8 0.4730182105236942 0.001096057501400827
6 0.3 0.8 3.0 0.47151733206173446 0.0011229691260999644
6 0.3 1.0 0.0 0.35662563624530386 0.0011259839922632233
6 0.3 1.0 0.2 0.4717687327242108 0.0010892617373526707
6 0.3 1.0 0.4 0.4727439897474016 0.00102508991814244
6 0.3 1.0 0.6 0.47276443906400056 0.0010908137760896697
6 0.3 1.0 0.8 0.4703037106166761 0.0011245585161549084
6 0.3 1.0 1.0 0.4698719601076152 0.0011213715509893326
6 0.3 1.0 1.2 0.47102798742851476 0.001159185200039683
6 0.3 1.0 1.4 0.46870760538423945 0.001134243412399667
6 0.3 1.0 1.6 0.4665184416396598 0.0011759301849514371
6 0.3 1.0 1.8 0.4655309279147878 0.0011739019109428133
6 0.3 1.0 2.0 0.4649166673125116 0.0011789712763298874
6 0.3 1.0 2.2 0.4659562606961407 0.001103562694106688
6 0.3 1.0 2.4 0.46379830244166426 0.0010622311200556192
6 0.3 1.0 2.6 0.4676380713200568 0.0010789427197759357
6 0.3 1.0 2.8 0.4678471277964361 0.0011339677814884023
6 0.3 1.0 3.0 0.46939424098738713 0.0010892906315898485
6 0.5 0.0 0.0 0.3565214321472627 0.001069080474138192
6 0.5 0.0 0.2 0.4620581490210255 0.0013104049791610964
6 0.5 0.0 0.4 0.4467536930886396 0.0014909439600683065
6 0.5 0.0 0.6 0.4447487202940188 0.0014171935627376132
6 0.5 0.0 0.8 0.4482758709763321 0.0014310716962429976
6 0.5 0.0 1.0 0.4576934104565299 0.0013427079261951562
6 0.5 0.0 1.2 0.4637354456928747 0.0011893224569712647
6 0.5 0.0 1.4 0.4668907173865733 0.0013008203180417976
6 0.5 0.0 1.6 0.4806187910525101 0.001144475460542665
6 0.5 0.0 1.8 0.4815807133707274 0.0011378498277615124
6 0.5 0.0 2.0 0.48221357198358417 0.0012026981577717018
6 0.5 0.0 2.2 0.4905349914888343 0.0011927507550892873
6 0.5 0.0 2.4 0.4829121395778886 0.00128241770055141
6 0.5 0.0 2.6 0.4914637125485341 0.0012232434349366442
6 0.5 0.0 2.8 0.49087318907890043 0.0011762866117800647
6 0.5 0.0 3.0 0.4860783512413104 0.0011546320864046235
6 0.5 0.1 0.0 0.3560478664814847 0.0011205350804673099
6 0.5 0.1 0.2 0.4714426382883731 0.0010237214839378898
6 0.5 0.1 0.4 0.46099392503422654 0.001120260309206177
6 0.5 0.1 0.6 0.4655564410040236 0.0010565837916306207
6 0.5 0.1 0.8 0.4691355206946163 0.0010080145163087197
6 0.5 0.1 1.0 0.4757274841898578 0.0008895682893076213
6 0.5 0.1 1.2 0.4844644834737115 0.0009306757376511164
6 0.5 0.1 1.4 0.4852788061493792 0.0009515692280023638
6 0.5 0.1 1.6 0.4962083739385264 0.0008967774802662979
6 0.5 0.1 1.8 0.5020279220519142 0.0008688177186927595
6 0.5 0.1 2.0 0.5037327595085122 0.0008746406364378837
6 0.5 0.1 2.2 0.5074401316593122 0.0008810721541692848
6 0.5 0.1 2.4 0.506207012529464 0.000860121396213357
6 0.5 0.1 2.6 0.514314608637301 0.0008801304553757278
6 0.5 0.1 2.8 0.5063062740690056 0.0008674615792887806
6 0.5 0.1 3.0 0.5072121166679362 0.0008329141743122569
6 0.5 0.3 0.0 0.3566364986366908 0.0011479491526878017
6 0.5 0.3 0.2 0.4844855418468128 0.0009108067357481598
6 0.5 0.3 0.4 0.4833383078341662 0.000890054363867827
6 0.5 0.3 0.6 0.4890342352910265 0.000886969666083249
6 0.5 0.3 0.8 0.4959391057331878 0.0008598580642991155
6 0.5 0.3 1.0 0.49969194384517135 0.0008679086729823547
6 0.5 0.3 1.2 0.5013670233890993 0.0008422714467709913
6 0.5 0.3 1.4 0.5063858984217613 0.0008560033044298474
6 0.5 0.3 1.6 0.512746479104544 0.0008696519009849281
6 0.5 0.3 1.8 0.5120071104404695 0.0008436184675934474
6 0.5 0.3 2.0 0.5132772853047727 0.0008576273565557846
6 0.5 0.3 2.2 0.5140177549864209 0.0008328799050782174
6 0.5 0.3 2.4 0.5140827874674851 0.0008456688808302209
6 0.5 0.3 2.6 0.5105940028438158 0.0008754200231897928
6 0.5 0.3 2.8 0.5113517631317269 0.0008468967229020019
6 0.5 0.3 3.0 0.5095637985149667 0.0008639944242260703
6 0.5 0.5 0.0 0.3565654517657736 0.0011650743422210446
6 0.5 0.5 0.2 0.48746306769694653 0.0008723756506885592
6 0.5 0.5 0.4 0.487793712111769 0.0008679998181442179
6 0.5 0.5 0.6 0.4930255298377971 0.0008684704670644873
6 0.5 0.5 0.8 0.4994837831152056 0.0008914847410150034
6 0.5 0.5 1.0 0.5018291932070007 0.0008445199807963575
6 0.5 0.5 1.2 0.505375893319713 0.0009051524362664639
6 0.5 0.5 1.4 0.5046742874190877 0.0009111423129124688
6 0.5 0.5 1.6 0.505551070789064 0.0009476570435392002
6 0.5 0.5 1.8 0.5032934401883308 0.0009576709234442378
6 0.5 0.5 2.0 0.5015736353000125 0.0010252514727930643
6 0.5 0.5 2.2 0.49864175295741753 0.001034619484343557
6 0.5 0.5 2.4 0.49646330963315083 0.0010280042142445293
6 0.5 0.5 2.6 0.4966812348217396 0.0010247790849285555
6 0.5 0.5 2.8 0.4949638986209659 0.0010931778196031732
6 0.5 0.5 3.0 0.49308332471344796 0.0010567874480011286
6 0.5 0.8 0.0 0.35745782011145016 0.0011031035365895309
6 0.5 0.8 0.2 0.4790265965480504 0.0009104296143322458
6 0.5 0.8 0.4 0.48473971223043616 0.0009323767614106888
6 0.5 0.8 0.6 0.4881898492757475 0.0009798926966913253
6 0.5 0.8 0.8 0.4895983294672991 0.0010336521402775573
6 0.5 0.8 1.0 0.48978448517719697 0.0010614042023153992
6 0.5 0.8 1.2 0.486091386523092 0.001128711808425635
6 0.5 0.8 1.4 0.48514382247236776 0.0011598804341402167
6 0.5 0.8 1.6 0.4834128598283697 0.0011615069229633577
6 0.5 0.8 1.8 0.48064004270426264 0.0011937102499626619
6 0.5 0.8 2.0 0.47883914763228363 0.001157651155554096
6 0.5 0.8 2.2 0.48124668946271865 0.0011083740053982587
6 0.5 0.8 2.4 0.4802373032832634 0.00113492327423084
6 0.5 0.8 2.6 0.4806356611671887 0.001079643439603902
6 0.5 0.8 2.8 0.47830613344336337 0.0010989617270962396
6 0.5 0.8 3.0 0.4786336199464385 0.0010718529789179832
6 0.5 1.0 0.0 0.3588547357338723 0.0011549131798457711
6 0.5 1.0 0.2 0.47590286419147876 0.00097733580445462
6 0.5 1.0 0.4 0.4786376533791683 0.0009860600596741291
6 0.5 1.0 0.6 0.4812931095213625 0.0010630633729691221
6 0.5 1.0 0.8 0.4809989973713703 0.0011596231449628486
6 0.5 1.0 1.0 0.479027053976689 0.0011752066212905737
6 0.5 1.0 1.2 0.4776584186858305 0.001139711545685857
6 0.5 1.0 1.4 0.4757613102693704 0.001145972397013477
6 0.5 1.0 1.6 0.47678617692746467 0.001211430006727396
6 0.5 1.0 1.8 0.4739334000635097 0.0011598762763139713
6 0.5 1.0 2.0 0.47330497439345204 0.0011315949789700084
6 0.5 1.0 2.2 0.47405654791881124 0.0011868180869061189
6 0.5 1.0 2.4 0.47185270611644536 0.0011451296275981778
6 0.5 1.0 2.6 0.47480275590532395 0.0010984824876362474
6 0.5 1.0 2.8 0.4723375326137848 0.0011351867863368136
6 0.5 1.0 3.0 0.4731137704432652 0.0011574931308143811
6 0.8 0.0 0.0 0.3631702616325826 0.0010816857871174819
6 0.8 0.0 0.2 0.4756481029077122 0.0009231548875530258
6 0.8 0.0 0.4 0.4758078373727228 0.0010795803224151889
6 0.8 0.0 0.6 0.4777914320888714 0.0010925323174960427
6 0.8 0.0 0.8 0.4807244287397763 0.001183818911102965
6 0.8 0.0 1.0 0.4874968111962813 0.0010477788298423741
6 0.8 0.0 1.2 0.49041975572854357 0.0009992083826872145
6 0.8 0.0 1.4 0.4942203110115771 0.0010125563922371383
6 0.8 0.0 1.6 0.5044659253596171 0.0009655640457397721
6 0.8 0.0 1.8 0.5004942894312593 0.0009784421052312366
6 0.8 0.0 2.0 0.5031646119145301 0.0009602357781214975
6 0.8 0.0 2.2 0.504784981865713 0.0010297605371774221
6 0.8 0.0 2.4 0.5048500635051616 0.0010051787294465282
6 0.8 0.0 2.6 0.5084292821290318 0.0009838066441775495
6 0.8 0.0 2.8 0.5080765677829158 0.0009222520438044005
6 0.8 0.0 3.0 0.5065290958734863 0.0009186085455182133
6 0.8 0.1 0.0 0.36380222386240746 0.0011305100933091958
6 0.8 0.1 0.2 0.4781667644975813 0.0008875873620818505
6 0.8 0.1 0.4 0.4786959614306885 0.0008737473721699428
6 0.8 0.1 0.6 0.4825983802674738 0.0009889867487195565
6 0.8 0.1 0.8 0.4893552376229412 0.0010017824647297706
6 0.8 0.1 1.0 0.4949865932843366 0.0008425339159794306
6 0.8 0.1 1.2 0.4980148761153687 0.0008577911198814472
6 0.8 0.1 1.4 0.5032294789650419 0.0008568553605430255
6 0.8 0.1 1.6 0.5087507349418833 0.0008689728734832388
6 0.8 0.1 1.8 0.509347593241018 0.0008132491735831165
6 0.8 0.1 2.0 0.5106926401526439 0.0008053022616577388
6 0.8 0.1 2.2 0.5136362984778422 0.0008158510106469826
6 0.8 0.1 2.4 0.5134682850834851 0.0008279388190234248
6 0.8 0.1 2.6 0.5160212697649083 0.000814476640521431
6 0.8 0.1 2.8 0.5130665569961206 0.0008274027483417592
6 0.8 0.1 3.0 0.5126154195171382 0.0008419374630186649
6 0.8 0.3 0.0 0.36516050982418125 0.0009967438304076344
6 0.8 0.3 0.2 0.48103876905564436 0.0008382891799115863
6 0.8 0.3 0.4 0.48754306874041575 0.0008514592536670307
6 0.8 0.3 0.6 0.4923108560158508 0.0008251346092848054
6 0.8 0.3 0.8 0.5030039173419762 0.0008547178746439947
6 0.8 0.3 1.0 0.5063742229780079 0.0008387390088827429
6 0.8 0.3 1.2 0.5083847431807124 0.0007993207536390679
6 0.8 0.3 1.4 0.5135745143099425 0.0008269191640691891
6 0.8 0.3 1.6 0.5160163996604954 0.00083763225081802
6 0.8 0.3 1.8 0.5152199218777285 0.0008300712641807039
6 0.8 0.3 2.0 0.5160487231522264 0.0008130952329369838
6 0.8 0.3 2.2 0.5152682143781596 0.0008121903737792335
6 0.8 0.3 2.4 0.5160984582696457 0.0008537299721259646
6 0.8 0.3 2.6 0.5154147551074735 0.0008605258982153799
6 0.8 0.3 2.8 0.5145139455293584 0.0008424188834426594
6 0.8 0.3 3.0 0.5147962520582257 0.0008497355070612505
6 0.8 0.5 0.0 0.3625589813952652 0.001123961780945952
6 0.8 0.5 0.2 0.4828630739196855 0.0008455476726270803
6 0.8 0.5 0.4 0.48809978494448636 0.0008785883021659903
6 0.8 0.5 0.6 0.4956388181386205 0.0008285756916045706
6 0.8 0.5 0.8 0.5042414929472905 0.0008415402424087337
6 0.8 0.5 1.0 0.5063863001396148 0.0008396977013440916
6 0.8 0.5 1.2 0.5081767340138308 0.0008515486902360581
6 0.8 0.5 1.4 0.5103115023539944 0.0008839828252174308
6 0.8 0.5 1.6 0.5065928188060377 0.0009152699249106619
6 0.8 0.5 1.8 0.5053944817416969 0.0009474547625963087
6 0.8 0.5 2.0 0.5051338482225818 0.0009876399484635805
6 0.8 0.5 2.2 0.5018341978724705 0.0009964510039398345
6 0.8 0.5 2.4 0.4987475915880516 0.0010455365136920033
6 0.8 0.5 2.6 0.49751858138982613 0.0010671011680759453
6 0.8 0.5 2.8 0.4974684098152269 0.0010226428227585519
6 0.8 0.5 3.0 0.49565110537450996 0.0010258233837904163
6 0.8 0.8 0.0 0.36352727675746743 0.001059494845776003
6 0.8 0.8 0.2 0.4755956696558411 0.0009229020116836903
6 0.8 0.8 0.4 0.4853959556499988 0.0009200699365627243
6 0.8 0.8 0.6 0.4919750023283902 0.0009277159418052026
6 0.8 0.8 0.8 0.4968638452606505 0.0009439317231999725
6 0.8 0.8 1.0 0.49527955577105387 0.0010645470159113038
6 0.8 0.8 1.2 0.494546844033651 0.0011117929736251012
6 0.8 0.8 1.4 0.49051476627910673 0.0011245733662841727
6 0.8 0.8 1.6 0.4867002698503937 0.0011542208785408799
6 0.8 0.8 1.8 0.4859190325965803 0.001184281753342816
6 0.8 0.8 2.0 0.4836207505633396 0.001160355601799004
6 0.8 0.8 2.2 0.48167553127644547 0.0012002182707119386
6 0.8 0.8 2.4 0.480482602730835 0.0011536131337376936
6 0.8 0.8 2.6 0.48180600737876567 0.0010874009453670517
6 0.8 0.8 2.8 0.48227261461606175 0.0011278693713237318
6 0.8 0.8 3.0 0.482018474955205 0.0011412023154517602
6 0.8 1.0 0.0 0.36270679944906303 0.0011386578185598468
6 0.8 1.0 0.2 0.47461476862065877 0.0009162263496329469
6 0.8 1.0 0.4 0.48085354116729995 0.0009875454388319567
6 0.8 1.0 0.6 0.48621499390718403 0.0010601683907331017
6 0.8 1.0 0.8 0.48738835639586264 0.0010658105691235351
6 0.8 1.0 1.0 0.486561335903519 0.0011379249344008234
6 0.8 1.0 1.2 0.4833510833167018 0.0011751751369886577
6 0.8 1.0 1.4 0.4803595433052644 0.0011762613515033217
6 0.8 1.0 1.6 0.4815764895474668 0.0011746017130316638
6 0.8 1.0 1.8 0.47535104831276087 0.0011598370330299726
6 0.8 1.0 2.0 0.4778547281040579 0.0011749256408762837
6 0.8 1.0 2.2 0.47437864048722755 0.0012105289951181114
6 0.8 1.0 2.4 0.47519607924253454 0.0011440614238340007
6 0.8 1.0 2.6 0.474227959077198 0.001187288574743932
6 0.8 1.0 2.8 0.47547787076009895 0.0011285223094046155
6 0.8 1.0 3.0 0.4733348285336742 0.0011588625104557964
6 1.0 0.0 0.0 0.36607073997554973 0.0010813295386038707
6 1.0 0.0 0.2 0.47280047591332824 0.0009226119575700048
6 1.0 0.0 0.4 0.4766092381758218 0.000944601219444597
6 1.0 0.0 0.6 0.48261217466775463 0.0009776060684184341
6 1.0 0.0 0.8 0.48979936253749257 0.0010484250800138998
6 1.0 0.0 1.0 0.4950024233365893 0.0009522047022217954
6 1.0 0.0 1.2 0.49854489258460566 0.0009687523511243483
6 1.0 0.0 1.4 0.5016407750760223 0.0009858513503915047
6 1.0 0.0 1.6 0.5069891824475721 0.0009554276566787694
6 1.0 0.0 1.8 0.5078228817864635 0.0009164045747801631
6 1.0 0.0 2.0 0.5076161068962988 0.0009131458071130224
6 1.0 0.0 2.2 0.5080495052365223 0.0009213523590327398
6 1.0 0.0 2.4 0.5104534203968204 0.0009304890840037026
6 1.0 0.0 2.6 0.512727005938888 0.0009096501809276021
6 1.0 0.0 2.8 0.5102947845976136 0.0009166035982557773
6 1.0 0.0 3.0 0.5105997172078311 0.0009325812828478024
6 1.0 0.1 0.0 0.36577256260436103 0.0011921185615971891
6 1.0 0.1 0.2 0.4721128415967967 0.0008983577076909662
6 1.0 0.1 0.4 0.4806588829697691 0.0008709105573527268
6 1.0 0.1 0.6 0.4874847906677451 0.000863477059903348
6 1.0 0.1 0.8 0.4936496519449797 0.0008715157988039925
6 1.0 0.1 1.0 0.4995163137887505 0.0008657627679450081
6 1.0 0.1 1.2 0.5011860998261563 0.0008748505203666685
6 1.0 0.1 1.4 0.5070983896832519 0.0008494390875719253
6 1.0 0.1 1.6 0.5127418975440505 0.0008245407795074437
6 1.0 0.1 1.8 0.513287268795397 0.0007972435502517205
6 1.0 0.1 2.0 0.5112405752760805 0.000812881443246374
6 1.0 0.1 2.2 0.5117413251803733 0.0008468166639767437
6 1.0 0.1 2.4 0.5143768564701321 0.0008072175996021176
6 1.0 0.1 2.6 0.517908722495344 0.0008140235279375315
6 1.0 0.1 2.8 0.5144892146596448 0.0008430908786214069
6 1.0 0.1 3.0 0.5165447801895644 0.0008434841025447492
6 1.0 0.3 0.0 0.3671050240624876 0.001119388607790958
6 1.0 0.3 0.2 0.475245154876415 0.0008917031505902328
6 1.0 0.3 0.4 0.48458078497252666 0.0008713729229098723
6 1.0 0.3 0.6 0.4920938443682922 0.0008473030469718463
6 1.0 0.3 0.8 0.5007878205367949 0.0008703657749235984
6 1.0 0.3 1.0 0.5042858690363157 0.0008407317163553836
6 1.0 0.3 1.2 0.5090626914224687 0.0008440357667126091
6 1.0 0.3 1.4 0.5133159419991835 0.0008432146821017575
6 1.0 0.3 1.6 0.5159218073652132 0.0008038638371596557
6 1.0 0.3 1.8 0.5154748198540133 0.0008611524170847354
6 1.0 0.3 2.0 0.5158023254395896 0.0008340736833804746
6 1.0 0.3 2.2 0.5148937756481676 0.0008652692929829564
6 1.0 0.3 2.4 0.5152175846692869 0.0008262517978356667
6 1.0 0.3 2.6 0.5151792091412841 0.0008748050393548662
6 1.0 0.3 2.8 0.514425051276423 0.0008714274683059129
6 1.0 0.3 3.0 0.5137553140335245 0.0008772774400505588
6 1.0 0.5 0.0 0.3660204200862806 0.0010385449871231625
6 1.0 0.5 0.2 0.4739821751135781 0.0008871848571170963
6 1.0 0.5 0.4 0.48555442466992965 0.0008409585356218941
6 1.0 0.5 0.6 0.494053663918692 0.0008524213120162411
6 1.0 0.5 0.8 0.5004077574707896 0.0008579805665551272
6 1.0 0.5 1.0 0.5074079102130544 0.0008654185035785214
6 1.0 0.5 1.2 0.5107029924875554 0.0008614439529320802
6 1.0 0.5 1.4 0.5095651080776356 0.000870436583593782
6 1.0 0.5 1.6 0.509194562340695 0.000899216504500387
6 1.0 0.5 1.8 0.5049331765520173 0.0009673284619246864
6 1.0 0.5 2.0 0.504073212972211 0.000961240867153844
6 1.0 0.5 2.2 0.5019402609176811 0.000986956688507984
6 1.0 0.5 2.4 0.4996753848571785 0.00105621204864759
6 1.0 0.5 2.6 0.4953290711728733 0.0010531137509796173
6 1.0 0.5 2.8 0.4956942442209079 0.0010678134963298962
6 1.0 0.5 3.0 0.49763379897106097 0.001071550015688807
6 1.0 0.8 0.0 0.3660808519255755 0.0010466759665902923
6 1.0 0.8 0.2 0.47198608669219166 0.0009460274754478898
6 1.0 0.8 0.4 0.4831262718401561 0.0009417892988287876
6 1.0 0.8 0.6 0.49085930026662633 0.0009281095413597114
6 1.0 0.8 0.8 0.49596445487048013 0.0009751705412906732
6 1.0 0.8 1.0 0.49708876828735477 0.001039450339998741
6 1.0 0.8 1.2 0.49193024009360614 0.0011001297429682278
6 1.0 0.8 1.4 0.48963570702005277 0.0011254561816655467
6 1.0 0.8 1.6 0.48680553045984565 0.0011749209943980503
6 1.0 0.8 1.8 0.4858206610388677 0.0011645175925106396
6 1.0 0.8 2.0 0.48317156558732943 0.00119570444312515
6 1.0 0.8 2.2 0.4820361422897505 0.001123333092573612
6 1.0 0.8 2.4 0.48049049053814197 0.001174426459275477
6 1.0 0.8 2.6 0.4805915029716673 0.0011535687358629712
6 1.0 0.8 2.8 0.4797241429556347 0.0011670300442408852
6 1.0 0.8 3.0 0.4779873643652578 0.0011539644634611535
6 1.0 1.0 0.0 0.36453730722079325 0.00112623662459992
6 1.0 1.0 0.2 0.47013691691078663 0.0009679091839037178
6 1.0 1.0 0.4 0.48012211545179384 0.0009950971540187688
6 1.0 1.0 0.6 0.4867170171561984 0.0010422904483158794
6 1.0 1.0 0.8 0.48926080913291337 0.001082900140796113
6 1.0 1.0 1.0 0.48401852350832253 0.0011239412799618
6 1.0 1.0 1.2 0.48401098439189005 0.0011686623374163392
6 1.0 1.0 1.4 0.48268652130241807 0.0011861177398758
6 1.0 1.0 1.6 0.4789576670173817 0.0012031963597048923
6 1.0 1.0 1.8 0.47686640830264626 0.0012079470650242234
6 1.0 1.0 2.0 0.4772319052625637 0.0011763918638107722
6 1.0 1.0 2.2 0.4752543454225229 0.0011291260503597078
6 1.0 1.0 2.4 0.4754340798761036 0.0012077200578468532
6 1.0 1.0 2.6 0.47417255851477846 0.0011555823382636554
6 1.0 1.0 2.8 0.47326682199031395 0.0011497846593308543
6 1.0 1.0 3.0 0.47194345949198685 0.0011317690618015783
6 1.5 0.0 0.0 0.3721643974589588 0.001101058477356401
6 1.5 0.0 0.2 0.4607592733655832 0.0009593716894075766
6 1.5 0.0 0.4 0.47347831466704726 0.0009257160822816929
6 1.5 0.0 0.6 0.4821062036592695 0.0008725478895146493
6 1.5 0.0 0.8 0.4908219369182064 0.0008619098550602098
6 1.5 0.0 1.0 0.49418521655878067 0.0009226753760689258
6 1.5 0.0 1.2 0.4989058533784985 0.0008662933240594034
6 1.5 0.0 1.4 0.5028312210265967 0.0009247471257921395
6 1.5 0.0 1.6 0.50753578299471 0.0008858967751561315
6 1.5 0.0 1.8 0.5059729341382678 0.0009123228338851765
6 1.5 0.0 2.0 0.5063045840854239 0.0008925689158099639
6 1.5 0.0 2.2 0.507475593389799 0.0009031087642525884
6 1.5 0.0 2.4 0.5072361912787393 0.0009275740848368045
6 1.5 0.0 2.6 0.5083060612065813 0.000946231406914927
6 1.5 0.0 2.8 0.5071340121660235 0.0009515148438273246
6 1.5 0.0 3.0 0.5091181009803625 0.0009608933188031666
6 1.5 0.1 0.0 0.37233783233663054 0.0010610324377251779
6 1.5 0.1 0.2 0.46106026094275143 0.0009672770610923864
6 1.5 0.1 0.4 0.4737646685588409 0.0008788892114772091
6 1.5 0.1 0.6 0.4822013329403093 0.000893823503458919
6 1.5 0.1 0.8 0.49231096713866085 0.0008777555644996709
6 1.5 0.1 1.0 0.4953291826111685 0.0008406057950619889
6 1.5 0.1 1.2 0.5024212707084836 0.0008319939834201377
6 1.5 0.1 1.4 0.5050786694396273 0.0008675139397138328
6 1.5 0.1 1.6 0.5066798010829016 0.0009200680288221317
6 1.5 0.1 1.8 0.5084705022574028 0.0008613397329893405
6 1.5 0.1 2.0 0.5067247154504064 0.0008691662795899896
6 1.5 0.1 2.2 0.5078811589990919 0.0008787276382176824
6 1.5 0.1 2.4 0.5093759567058359 0.0009029915239355123
6 1.5 0.1 2.6 0.5086818494708292 0.0009015323780638988
6 1.5 0.1 2.8 0.5123322616946226 0.0008907410141502866
6 1.5 0.1 3.0 0.5102105867342277 0.0009425631245003243
6 1.5 0.3 0.0 0.3712478467641949 0.0011182750905541963
6 1.5 0.3 0.2 0.4602096993824737 0.0009534313149546596
6 1.5 0.3 0.4 0.47331405619803113 0.0009160317912116788
6 1.5 0.3 0.6 0.48583043163786477 0.0009094376352098513
6 1.5 0.3 0.8 0.49207670021690914 0.000910452650173043
6 1.5 0.3 1.0 0.49944559420281126 0.0009106223465425967
6 1.5 0.3 1.2 0.5056166936794222 0.0008756410573757444
6 1.5 0.3 1.4 0.5088094848609028 0.0008873708677292907
6 1.5 0.3 1.6 0.5088054869893563 0.0008803023911001166
6 1.5 0.3 1.8 0.5094331320780401 0.0008691065879688812
6 1.5 0.3 2.0 0.5077696142342356 0.0009032379480294989
6 1.5 0.3 2.2 0.507861710713089 0.0009166699399299203
6 1.5 0.3 2.4 0.5061452469285581 0.0008987614479189117
6 1.5 0.3 2.6 0.5077617079364977 0.0009462426345215034
6 1.5 0.3 2.8 0.5086701518467253 0.0009582968750457101
6 1.5 0.3 3.0 0.5057607011399804 0.0009626519054451377
6 1.5 0.5 0.0 0.37012227538090625 0.0010869230000372307
6 1.5 0.5 0.2 0.4596772656363941 0.0009573316045265333
6 1.5 0.5 0.4 0.4748294722027129 0.000948029917132223
6 1.5 0.5 0.6 0.48639339738582865 0.0009009635692402607
6 1.5 0.5 0.8 0.49219975647171527 0.0009250053571843736
6 1.5 0.5 1.0 0.4998230476601057 0.0008835895382506273
6 1.5 0.5 1.2 0.5034096936615682 0.0008922410063701735
6 1.5 0.5 1.4 0.503079361057045 0.0009220710345310546
6 1.5 0.5 1.6 0.5050001270680716 0.0009067517087497415
6 1.5 0.5 1.8 0.5008929700540881 0.0009513437342205176
6 1.5 0.5 2.0 0.49799688246648166 0.0009944656213424282
6 1.5 0.5 2.2 0.49442751364903753 0.001020342029192945
6 1.5 0.5 2.4 0.49438014816925135 0.001069167679072415
6 1.5 0.5 2.6 0.4929983195680119 0.0010526516890251557
6 1.5 0.5 2.8 0.4895198447108148 0.0010874218798923592
6 1.5 0.5 3.0 0.4877424975547056 0.0011038104718180716
6 1.5 0.8 0.0 0.37172259951221565 0.0010997467558479933
6 1.5 0.8 0.2 0.4571572328679963 0.0009216180294417299
6 1.5 0.8 0.4 0.4738807685358011 0.000966735589936296
6 1.5 0.8 0.6 0.483639780423514 0.0009743556616327463
6 1.5 0.8 0.8 0.49141734001867354 0.000966041636518775
6 1.5 0.8 1.0 0.49232857942781993 0.0009709568589031077
6 1.5 0.8 1.2 0.49072616900032395 0.0010837266357812544
6 1.5 0.8 1.4 0.48763663769322246 0.001132424683491323
6 1.5 0.8 1.6 0.48336554496320655 0.0011504448606843
6 1.5 0.8 1.8 0.4828277023837432 0.0010782478514308259
6 1.5 0.8 2.0 0.47813708364866725 0.001130244639720912
6 1.5 0.8 2.2 0.47467411548244903 0.001121680504659253
6 1.5 0.8 2.4 0.4763116702147952 0.0011787669523609992
6 1.5 0.8 2.6 0.47262313083486507 0.0011680151550911453
6 1.5 0.8 2.8 0.4721176029074331 0.0011513747620832588
6 1.5 0.8 3.0 0.4713826509157625 0.0012197233726056137
6 1.5 1.0 0.0 0.37086489332459627 0.0011409624538476816
6 1.5 1.0 0.2 0.4590880547699153 0.0009992222856999588
6 1.5 1.0 0.4 0.47253773295246587 0.0009578929620367094
6 1.5 1.0 0.6 0.4824945812332755 0.0010089961237971354
6 1.5 1.0 0.8 0.4839258359221329 0.0010242433196215913
6 1.5 1.0 1.0 0.48533410625307183 0.0010955559480147461
6 1.5 1.0 1.2 0.4794919333133829 0.001106763536377157
6 1.5 1.0 1.4 0.47830284950470625 0.0011622914988345487
6 1.5 1.0 1.6 0.47644746210766564 0.0011396178147390376
6 1.5 1.0 1.8 0.47323248999727385 0.0011658279021299783
6 1.5 1.0 2.0 0.47363075602016097 0.0011587416869344813
6 1.5 1.0 2.2 0.47024179850484116 0.0011473310464024484
6 1.5 1.0 2.4 0.46903727226898884 0.0011507762687723723
6 1.5 1.0 2.6 0.47038541380741156 0.001188980813521558
6 1.5 1.0 2.8 0.46706090975798 0.0011772985995325185
6 1.5 1.0 3.0 0.46517472236288915 0.0012295295667443947
6 2.0 0.0 0.0 0.3741502758249458 0.00112897917974342
6 2.0 0.0 0.2 0.4457847534717816 0.0010159634030306014
6 2.0 0.0 0.4 0.4614000725580952 0.0009486225612727113
6 2.0 0.0 0.6 0.4714012315229124 0.000931687045238622
6 2.0 0.0 0.8 0.4814852929044738 0.0009650258951275885
6 2.0 0.0 1.0 0.4877596213880817 0.0009317052700496195
6 2.0 0.0 1.2 0.49220802073827846 0.0009440417052508491
6 2.0 0.0 1.4 0.49490403393961585 0.0010183292546726498
6 2.0 0.0 1.6 0.4969422537792756 0.0009524728077142167
6 2.0 0.0 1.8 0.4972715712312405 0.0009894445358562178
6 2.0 0.0 2.0 0.49674337380753114 0.0010194048505105342
6 2.0 0.0 2.2 0.497016532017591 0.0010092522836205376
6 2.0 0.0 2.4 0.49734273857287165 0.0010153136241275876
6 2.0 0.0 2.6 0.4975297441982793 0.0010291080888040424
6 2.0 0.0 2.8 0.49705155803686 0.0010650613853118438
6 2.0 0.0 3.0 0.49735188443523837 0.0010711187629746746
6 2.0 0.1 0.0 0.3760900226119962 0.0010247084168321275
6 2.0 0.1 0.2 0.44473051440761086 0.000988354489497092
6 2.0 0.1 0.4 0.4631801072260717 0.0009715201131994373
6 2.0 0.1 0.6 0.4727974813904498 0.0009492678043455596
6 2.0 0.1 0.8 0.4825062112047915 0.0009827596734668814
6 2.0 0.1 1.0 0.488174924093507 0.000925652951974574
6 2.0 0.1 1.2 0.4928123751109642 0.0009423291682339296
6 2.0 0.1 1.4 0.4955856824663012 0.000989236905467081
6 2.0 0.1 1.6 0.4994200986900102 0.001011813076802389
6 2.0 0.1 1.8 0.4977567315696565 0.0009764182233409233
6 2.0 0.1 2.0 0.4986477563706453 0.0009949878274645911
6 2.0 0.1 2.2 0.49866430952949764 0.00095807641086534
6 2.0 0.1 2.4 0.49947180081064996 0.0010277444608884012
6 2.0 0.1 2.6 0.49803916048512 0.0010352137835595995
6 2.0 0.1 2.8 0.4975875688271521 0.0010666344291001184
6 2.0 0.1 3.0 0.4984708472735206 0.001065046671560654
6 2.0 0.3 0.0 0.3742084175031225 0.001031502922004984
6 2.0 0.3 0.2 0.4461161858081829 0.0010338788109130427
6 2.0 0.3 0.4 0.4624052259416785 0.0009509233481097491
6 2.0 0.3 0.6 0.47353618791747043 0.0009389194614210903
6 2.0 0.3 0.8 0.48294443583656355 0.0010164503133003756
6 2.0 0.3 1.0 0.4872419123636573 0.0009923395523430151
6 2.0 0.3 1.2 0.49285283250429196 0.000960758026208549
6 2.0 0.3 1.4 0.49722477621084105 0.0009838922148381413
6 2.0 0.3 1.6 0.4982698341266681 0.000996726205124778
6 2.0 0.3 1.8 0.497136971558952 0.001008619412739327
6 2.0 0.3 2.0 0.4973139253120791 0.0009629890889895422
6 2.0 0.3 2.2 0.49690587781715634 0.0010119779168425613
6 2.0 0.3 2.4 0.4954030925127206 0.0010324140453307348
6 2.0 0.3 2.6 0.49493802934522746 0.001033432439726357
6 2.0 0.3 2.8 0.49618912617956223 0.0010542081380680776
6 2.0 0.3 3.0 0.49525103384969604 0.0010539641016691708
6 2.0 0.5 0.0 0.37485460597968284 0.001082572974998675
6 2.0 0.5 0.2 0.44741884530082005 0.0010265908071097694
6 2.0 0.5 0.4 0.46194982237117804 0.0009713564966417214
6 2.0 0.5 0.6 0.47528731184063394 0.0009562824969828067
6 2.0 0.5 0.8 0.48328251502032626 0.0009319665096321804
6 2.0 0.5 1.0 0.4897020684512566 0.000987361935603135
6 2.0 0.5 1.2 0.4931361146560653 0.0009789736553462466
6 2.0 0.5 1.4 0.4948732447753068 0.0010292438560706714
6 2.0 0.5 1.6 0.49277753258111456 0.0010240519879583668
6 2.0 0.5 1.8 0.4903161595901628 0.0009964828081986345
6 2.0 0.5 2.0 0.4911122402226513 0.0010466890270623896
6 2.0 0.5 2.2 0.4885880005738347 0.0010534451213219575
6 2.0 0.5 2.4 0.48449875128486614 0.0010396308347606232
6 2.0 0.5 2.6 0.4816142796350024 0.0011155463635260845
6 2.0 0.5 2.8 0.4799345037923178 0.0011176554822916716
6 2.0 0.5 3.0 0.4782437401070183 0.0011202044062540721
6 2.0 0.8 0.0 0.37395406315459595 0.0010828064057970693
6 2.0 0.8 0.2 0.44507402857422906 0.0010486376654357506
6 2.0 0.8 0.4 0.46168508323354873 0.0010200441056940162
6 2.0 0.8 0.6 0.4751033845041882 0.001026472189475456
6 2.0 0.8 0.8 0.48034259517188604 0.001005401705217972
6 2.0 0.8 1.0 0.4861848177399615 0.0010428416297268547
6 2.0 0.8 1.2 0.48359367386728 0.0010928559925704408
6 2.0 0.8 1.4 0.48023229025429887 0.001091484197397749
6 2.0 0.8 1.6 0.47645232079467803 0.0011257530852200241
6 2.0 0.8 1.8 0.4762745724831595 0.0011351571244236141
6 2.0 0.8 2.0 0.47119273082397534 0.0011598053473948538
6 2.0 0.8 2.2 0.46957762910512246 0.001175350854764736
6 2.0 0.8 2.4 0.46781049481231884 0.0011843418557926583
6 2.0 0.8 2.6 0.46532270532708875 0.001136743712270103
6 2.0 0.8 2.8 0.4656981756160932 0.0011801658207745305
6 2.0 0.8 3.0 0.4624552404367127 0.0011912100865264772
6 2.0 1.0 0.0 0.376337583423508 0.0010981741845619906
6 2.0 1.0 0.2 0.44658563925109707 0.0010127459443224475
6 2.0 1.0 0.4 0.46632213895907904 0.001028623161320493
6 2.0 1.0 0.6 0.47321843654909534 0.0010351605421385804
6 2.0 1.0 0.8 0.47589800028259355 0.001045522871644993
6 2.0 1.0 1.0 0.47705719154073645 0.0011272402376280562
6 2.0 1.0 1.2 0.4760829701718995 0.0011486315794480794
6 2.0 1.0 1.4 0.474493558080352 0.0011441926903664355
6 2.0 1.0 1.6 0.46893071170522405 0.0011601142493440077
6 2.0 1.0 1.8 0.4679895108911585 0.0011869992121713645
6 2.0 1.0 2.0 0.4631557722086483 0.001118741052592706
6 2.0 1.0 2.2 0.461767835901961 0.0011538535458346666
6 2.0 1.0 2.4 0.4633634399792632 0.001196358761301629
6 2.0 1.0 2.6 0.45955853484646547 0.0011745121553322945
6 2.0 1.0 2.8 0.4578345231292881 0.0011580374676055094
6 2.0 1.0 3.0 0.45986902666095586 0.001195379878823689
6 4.0 0.0 0.0 0.38235512158321006 0.0010053910438271065
6 4.0 0.0 0.2 0.41719405016510824 0.0010320247434512158
6 4.0 0.0 0.4 0.4288687235933244 0.0010229405924640912
6 4.0 0.0 0.6 0.43921613374013113 0.001054614917234363
6 4.0 0.0 0.8 0.4437503194959186 0.0010854114375952746
6 4.0 0.0 1.0 0.4484711169100992 0.0010680561231187927
6 4.0 0.0 1.2 0.45171809840561494 0.0011298832532182406
6 4.0 0.0 1.4 0.45388173507727053 0.0012171326198502914
6 4.0 0.0 1.6 0.4531957770764087 0.0012251321523022555
6 4.0 0.0 1.8 0.4546425587565216 0.0012093274080757716
6 4.0 0.0 2.0 0.45641412187699715 0.0012304765353725947
6 4.0 0.0 2.2 0.45590325259997866 0.0012307491236134452
6 4.0 0.0 2.4 0.45562027096354374 0.0011773691920095586
6 4.0 0.0 2.6 0.45651494983972896 0.0011783683002515757
6 4.0 0.0 2.8 0.4530750574585065 0.0011768524416283395
6 4.0 0.0 3.0 0.4573742627872659 0.0012418746856467252
6 4.0 0.1 0.0 0.38416387347650627 0.0010449387288306057
6 4.0 0.1 0.2 0.4173243750311871 0.0009768198416772128
6 4.0 0.1 0.4 0.4314026072248893 0.0010246564427429457
6 4.0 0.1 0.6 0.4383425027195459 0.0010861987881814522
6 4.0 0.1 0.8 0.4443682451281138 0.0010965317017550262
6 4.0 0.1 1.0 0.44834757681275006 0.0010791343098751239
6 4.0 0.1 1.2 0.4518538387972373 0.0011422233935293878
6 4.0 0.1 1.4 0.45378176611724785 0.0011576963334550866
6 4.0 0.1 1.6 0.456290998285102 0.0011799524526082043
6 4.0 0.1 1.8 0.45393665271823924 0.001164552172327386
6 4.0 0.1 2.0 0.45559108282614175 0.0011336023376391155
6 4.0 0.1 2.2 0.45615637113941065 0.0011876422819384093
6 4.0 0.1 2.4 0.4564289980807661 0.0012080866184929478
6 4.0 0.1 2.6 0.4570270163953028 0.0011890408388599337
6 4.0 0.1 2.8 0.45383880791833425 0.00119749700716329
6 4.0 0.1 3.0 0.45314901023200405 0.0012167540935856132
6 4.0 0.3 0.0 0.3803907491125256 0.0010198755558422016
6 4.0 0.3 0.2 0.41744914878171524 0.0010218405910172766
6 4.0 0.3 0.4 0.42961604477822074 0.0010141038726021046
6 4.0 0.3 0.6 0.4375870315057864 0.0010462681049599716
6 4.0 0.3 0.8 0.4456607908926897 0.0011130011601468417
6 4.0 0.3 1.0 0.4473593980289563 0.0010939585902293128
6 4.0 0.3 1.2 0.453724396196756 0.0011565580548270685
6 4.0 0.3 1.4 0.454960969592317 0.001145589198927623
6 4.0 0.3 1.6 0.4541797976192935 0.0011361636764929597
6 4.0 0.3 1.8 0.45502771267375913 0.0011526150456185225
6 4.0 0.3 2.0 0.4555166685691226 0.0011452501692508108
6 4.0 0.3 2.2 0.455584932795424 0.0011954117910213833
6 4.0 0.3 2.4 0.4545799350038727 0.0011495763137919326
6 4.0 0.3 2.6 0.4537697963587505 0.001179583751544505
6 4.0 0.3 2.8 0.4550567335796874 0.0011361413076552518
6 4.0 0.3 3.0 0.45220900656227486 0.0011890638883925338
6 4.0 0.5 0.0 0.38349448411984366 0.0009831287055646054
6 4.0 0.5 0.2 0.41835378377791455 0.0010090956810027201
6 4.0 0.5 0.4 0.43305892466852847 0.001038432334467015
6 4.0 0.5 0.6 0.4393923759597106 0.0010350867971407594
6 4.0 0.5 0.8 0.44600602394107475 0.0011112759626992885
6 4.0 0.5 1.0 0.44920710259984753 0.001139704394622434
6 4.0 0.5 1.2 0.4542797126422875 0.0011164412334243915
6 4.0 0.5 1.4 0.4565619061172599 0.0011825550132620066
6 4.0 0.5 1.6 0.45523166988553243 0.001160722343860406
6 4.0 0.5 1.8 0.45543439707528743 0.0011319040215165112
6 4.0 0.5 2.0 0.45510534401871805 0.0011464312621021918
6 4.0 0.5 2.2 0.45045449542386556 0.0011025866664462665
6 4.0 0.5 2.4 0.4512653842994896 0.001114463827270734
6 4.0 0.5 2.6 0.44828443632503084 0.0010777865353647012
6 4.0 0.5 2.8 0.44734640412757803 0.0010864758116187671
6 4.0 0.5 3.0 0.44565120024080473 0.0011012403351989177
6 4.0 0.8 0.0 0.3824879987322209 0.001035263449830951
6 4.0 0.8 0.2 0.41932038066203214 0.0010124940615287028
6 4.0 0.8 0.4 0.4332906334934714 0.0010343852250135927
6 4.0 0.8 0.6 0.4398185322653385 0.0010556461039477132
6 4.0 0.8 0.8 0.4498367538277051 0.0011519085873478076
6 4.0 0.8 1.0 0.452697787785847 0.0010839235421856847
6 4.0 0.8 1.2 0.4508543225465089 0.0011275986383878505
6 4.0 0.8 1.4 0.44981199717280695 0.001111601892494832
6 4.0 0.8 1.6 0.4484760711241765 0.0010727585767787932
6 4.0 0.8 1.8 0.4502214083025235 0.0011060689055981828
6 4.0 0.8 2.0 0.4459744727965371 0.0010760687541337014
6 4.0 0.8 2.2 0.4437074706475674 0.0010583686465014661
6 4.0 0.8 2.4 0.44267939179099625 0.0010948172910731169
6 4.0 0.8 2.6 0.43949346485647145 0.001078850465259601
6 4.0 0.8 2.8 0.43931744054494193 0.0011195775308364482
6 4.0 0.8 3.0 0.43787847326889434 0.001081251923258568
6 4.0 1.0 0.0 0.38275814763994076 0.0010052514934661804
6 4.0 1.0 0.2 0.42237398087625 0.0009482130443092566
6 4.0 1.0 0.4 0.43551921783276715 0.0010668583515449743
6 4.0 1.0 0.6 0.44018667691681534 0.0011302846082984163
6 4.0 1.0 0.8 0.44798452644907405 0.001081477719801398
6 4.0 1.0 1.0 0.4501750991904401 0.0010952128792778922
6 4.0 1.0 1.2 0.4486269229345614 0.001101704902147041
6 4.0 1.0 1.4 0.44806959233360866 0.0010864689743095308
6 4.0 1.0 1.6 0.44784603357356945 0.0010839840376374278
6 4.0 1.0 1.8 0.44583154428854227 0.0011084482322650433
6 4.0 1.0 2.0 0.4438499039913973 0.0010705358163524594
6 4.0 1.0 2.2 0.44083337535993694 0.001087324290609577
6 4.0 1.0 2.4 0.4403783632649282 0.001123834988386642
6 4.0 1.0 2.6 0.4369516446120496 0.001131736921354429
6 4.0 1.0 2.8 0.43730253662638363 0.0011123697516803777
6 4.0 1.0 3.0 0.4353880536089316 0.0011344582461349847
